lat,lon,sst_c,source,date,sst_f
34.0,-77.5,19.001,blended,2026-04-10,66.2
34.0,-77.4,19.544,blended,2026-04-10,67.18
34.0,-77.35,19.847,blended,2026-04-10,67.72
34.0,-77.3,20.078,blended,2026-04-10,68.14
34.0,-77.25,20.218,blended,2026-04-10,68.39
34.0,-77.15,20.282,blended,2026-04-10,68.51
34.0,-77.1,20.45,blended,2026-04-10,68.81
34.0,-77.05,20.751,blended,2026-04-10,69.35
34.0,-77.0,21.146,blended,2026-04-10,70.06
34.0,-76.9,21.774,blended,2026-04-10,71.19
34.0,-76.85,21.97,blended,2026-04-10,71.55
34.0,-76.8,22.071,blended,2026-04-10,71.73
34.0,-76.75,22.147,blended,2026-04-10,71.86
34.0,-76.65,22.438,blended,2026-04-10,72.39
34.0,-76.6,22.707,blended,2026-04-10,72.87
34.0,-76.55,23.027,blended,2026-04-10,73.45
34.0,-76.5,23.236,blended,2026-04-10,73.82
34.0,-76.4,23.534,blended,2026-04-10,74.36
34.0,-76.35,23.898,blended,2026-04-10,75.02
34.0,-76.3,24.15,blended,2026-04-10,75.47
34.0,-76.25,24.267,blended,2026-04-10,75.68
34.0,-76.15,24.406,blended,2026-04-10,75.93
34.0,-76.1,24.475,blended,2026-04-10,76.06
34.0,-76.05,24.539,blended,2026-04-10,76.17
34.0,-76.0,24.591,blended,2026-04-10,76.26
34.0,-75.9,24.442,blended,2026-04-10,76.0
34.0,-75.85,24.333,blended,2026-04-10,75.8
34.0,-75.8,24.204,blended,2026-04-10,75.57
34.0,-75.75,23.945,blended,2026-04-10,75.1
34.0,-75.65,23.103,blended,2026-04-10,73.59
34.0,-75.6,22.638,blended,2026-04-10,72.75
34.0,-75.55,22.206,blended,2026-04-10,71.97
34.0,-75.5,22.023,blended,2026-04-10,71.64
34.0,-75.4,21.986,blended,2026-04-10,71.57
34.0,-75.35,21.819,blended,2026-04-10,71.27
34.0,-75.3,21.531,blended,2026-04-10,70.76
34.0,-75.25,21.275,blended,2026-04-10,70.3
34.0,-75.15,20.775,blended,2026-04-10,69.4
34.0,-75.1,20.635,blended,2026-04-10,69.14
34.0,-75.05,20.508,blended,2026-04-10,68.91
34.0,-75.0,20.211,blended,2026-04-10,68.38
34.0,-74.9,20.07,blended,2026-04-10,68.13
34.0,-74.85,20.131,blended,2026-04-10,68.24
34.0,-74.8,20.273,blended,2026-04-10,68.49
34.0,-74.75,20.463,blended,2026-04-10,68.83
34.0,-74.65,20.737,blended,2026-04-10,69.33
34.0,-74.6,20.631,blended,2026-04-10,69.14
34.0,-74.55,20.442,blended,2026-04-10,68.8
34.0,-74.5,20.152,blended,2026-04-10,68.27
34.0,-74.4,19.809,blended,2026-04-10,67.66
34.0,-74.35,19.774,blended,2026-04-10,67.59
34.0,-74.3,19.893,blended,2026-04-10,67.81
34.0,-74.25,19.95,blended,2026-04-10,67.91
34.0,-74.15,19.957,blended,2026-04-10,67.92
34.0,-74.1,19.924,blended,2026-04-10,67.86
34.0,-74.05,19.922,blended,2026-04-10,67.86
34.0,-74.0,19.936,blended,2026-04-10,67.88
34.05,-77.5,18.583,blended,2026-04-10,65.45
34.05,-77.4,19.02,blended,2026-04-10,66.24
34.05,-77.35,19.288,blended,2026-04-10,66.72
34.05,-77.3,19.457,blended,2026-04-10,67.02
34.05,-77.25,19.493,blended,2026-04-10,67.09
34.05,-77.15,19.446,blended,2026-04-10,67.0
34.05,-77.1,19.671,blended,2026-04-10,67.41
34.05,-77.05,20.092,blended,2026-04-10,68.17
34.05,-77.0,20.56,blended,2026-04-10,69.01
34.05,-76.9,21.246,blended,2026-04-10,70.24
34.05,-76.85,21.53,blended,2026-04-10,70.75
34.05,-76.8,21.762,blended,2026-04-10,71.17
34.05,-76.75,21.973,blended,2026-04-10,71.55
34.05,-76.65,22.327,blended,2026-04-10,72.19
34.05,-76.6,22.481,blended,2026-04-10,72.47
34.05,-76.55,22.701,blended,2026-04-10,72.86
34.05,-76.5,22.979,blended,2026-04-10,73.36
34.05,-76.4,23.513,blended,2026-04-10,74.32
34.05,-76.35,23.71,blended,2026-04-10,74.68
34.05,-76.3,23.845,blended,2026-04-10,74.92
34.05,-76.25,23.967,blended,2026-04-10,75.14
34.05,-76.15,24.205,blended,2026-04-10,75.57
34.05,-76.1,24.325,blended,2026-04-10,75.78
34.05,-76.05,24.448,blended,2026-04-10,76.01
34.05,-76.0,24.538,blended,2026-04-10,76.17
34.05,-75.9,24.51,blended,2026-04-10,76.12
34.05,-75.85,24.439,blended,2026-04-10,75.99
34.05,-75.8,24.413,blended,2026-04-10,75.94
34.05,-75.75,24.249,blended,2026-04-10,75.65
34.05,-75.65,23.434,blended,2026-04-10,74.18
34.05,-75.6,22.941,blended,2026-04-10,73.29
34.05,-75.55,22.426,blended,2026-04-10,72.37
34.05,-75.5,22.172,blended,2026-04-10,71.91
34.05,-75.4,22.061,blended,2026-04-10,71.71
34.05,-75.35,21.949,blended,2026-04-10,71.51
34.05,-75.3,21.736,blended,2026-04-10,71.12
34.05,-75.25,21.445,blended,2026-04-10,70.6
34.05,-75.15,20.79,blended,2026-04-10,69.42
34.05,-75.1,20.707,blended,2026-04-10,69.27
34.05,-75.05,20.564,blended,2026-04-10,69.02
34.05,-75.0,20.317,blended,2026-04-10,68.57
34.05,-74.9,20.095,blended,2026-04-10,68.17
34.05,-74.85,20.26,blended,2026-04-10,68.47
34.05,-74.8,20.491,blended,2026-04-10,68.88
34.05,-74.75,20.656,blended,2026-04-10,69.18
34.05,-74.65,20.866,blended,2026-04-10,69.56
34.05,-74.6,20.727,blended,2026-04-10,69.31
34.05,-74.55,20.498,blended,2026-04-10,68.9
34.05,-74.5,20.291,blended,2026-04-10,68.52
34.05,-74.4,19.898,blended,2026-04-10,67.82
34.05,-74.35,19.895,blended,2026-04-10,67.81
34.05,-74.3,20.007,blended,2026-04-10,68.01
34.05,-74.25,20.049,blended,2026-04-10,68.09
34.05,-74.15,20.056,blended,2026-04-10,68.1
34.05,-74.1,19.947,blended,2026-04-10,67.9
34.05,-74.05,19.909,blended,2026-04-10,67.84
34.05,-74.0,19.898,blended,2026-04-10,67.82
34.15,-77.5,17.346,blended,2026-04-10,63.22
34.15,-77.4,17.69,blended,2026-04-10,63.84
34.15,-77.35,17.905,blended,2026-04-10,64.23
34.15,-77.3,18.081,blended,2026-04-10,64.55
34.15,-77.25,18.22,blended,2026-04-10,64.8
34.15,-77.15,18.754,blended,2026-04-10,65.76
34.15,-77.1,19.198,blended,2026-04-10,66.56
34.15,-77.05,19.359,blended,2026-04-10,66.85
34.15,-77.0,19.436,blended,2026-04-10,66.98
34.15,-76.9,19.876,blended,2026-04-10,67.78
34.15,-76.85,20.171,blended,2026-04-10,68.31
34.15,-76.8,20.516,blended,2026-04-10,68.93
34.15,-76.75,20.889,blended,2026-04-10,69.6
34.15,-76.65,21.516,blended,2026-04-10,70.73
34.15,-76.6,21.814,blended,2026-04-10,71.27
34.15,-76.55,22.107,blended,2026-04-10,71.79
34.15,-76.5,22.394,blended,2026-04-10,72.31
34.15,-76.4,22.692,blended,2026-04-10,72.85
34.15,-76.35,22.821,blended,2026-04-10,73.08
34.15,-76.3,22.966,blended,2026-04-10,73.34
34.15,-76.25,23.163,blended,2026-04-10,73.69
34.15,-76.15,23.592,blended,2026-04-10,74.47
34.15,-76.1,23.788,blended,2026-04-10,74.82
34.15,-76.05,23.949,blended,2026-04-10,75.11
34.15,-76.0,24.088,blended,2026-04-10,75.36
34.15,-75.9,24.386,blended,2026-04-10,75.89
34.15,-75.85,24.524,blended,2026-04-10,76.14
34.15,-75.8,24.604,blended,2026-04-10,76.29
34.15,-75.75,24.581,blended,2026-04-10,76.25
34.15,-75.65,24.204,blended,2026-04-10,75.57
34.15,-75.6,23.993,blended,2026-04-10,75.19
34.15,-75.55,23.869,blended,2026-04-10,74.96
34.15,-75.5,23.659,blended,2026-04-10,74.59
34.15,-75.4,22.736,blended,2026-04-10,72.92
34.15,-75.35,22.286,blended,2026-04-10,72.11
34.15,-75.3,21.998,blended,2026-04-10,71.6
34.15,-75.25,21.855,blended,2026-04-10,71.34
34.15,-75.15,21.601,blended,2026-04-10,70.88
34.15,-75.1,21.212,blended,2026-04-10,70.18
34.15,-75.05,20.829,blended,2026-04-10,69.49
34.15,-75.0,20.558,blended,2026-04-10,69.0
34.15,-74.9,20.397,blended,2026-04-10,68.71
34.15,-74.85,20.559,blended,2026-04-10,69.01
34.15,-74.8,20.707,blended,2026-04-10,69.27
34.15,-74.75,20.853,blended,2026-04-10,69.54
34.15,-74.65,20.999,blended,2026-04-10,69.8
34.15,-74.6,20.856,blended,2026-04-10,69.54
34.15,-74.55,20.634,blended,2026-04-10,69.14
34.15,-74.5,20.369,blended,2026-04-10,68.66
34.15,-74.4,19.875,blended,2026-04-10,67.78
34.15,-74.35,19.752,blended,2026-04-10,67.55
34.15,-74.3,19.839,blended,2026-04-10,67.71
34.15,-74.25,20.032,blended,2026-04-10,68.06
34.15,-74.15,20.157,blended,2026-04-10,68.28
34.15,-74.1,20.031,blended,2026-04-10,68.06
34.15,-74.05,19.936,blended,2026-04-10,67.88
34.15,-74.0,19.932,blended,2026-04-10,67.88
34.2,-77.5,16.695,blended,2026-04-10,62.05
34.2,-77.4,17.073,blended,2026-04-10,62.73
34.2,-77.35,17.275,blended,2026-04-10,63.1
34.2,-77.3,17.488,blended,2026-04-10,63.48
34.2,-77.25,17.756,blended,2026-04-10,63.96
34.2,-77.15,18.474,blended,2026-04-10,65.25
34.2,-77.1,18.793,blended,2026-04-10,65.83
34.2,-77.05,18.863,blended,2026-04-10,65.95
34.2,-77.0,18.869,blended,2026-04-10,65.96
34.2,-76.9,19.138,blended,2026-04-10,66.45
34.2,-76.85,19.361,blended,2026-04-10,66.85
34.2,-76.8,19.633,blended,2026-04-10,67.34
34.2,-76.75,19.96,blended,2026-04-10,67.93
34.2,-76.65,20.729,blended,2026-04-10,69.31
34.2,-76.6,21.129,blended,2026-04-10,70.03
34.2,-76.55,21.509,blended,2026-04-10,70.72
34.2,-76.5,21.932,blended,2026-04-10,71.48
34.2,-76.4,22.574,blended,2026-04-10,72.63
34.2,-76.35,22.748,blended,2026-04-10,72.95
34.2,-76.3,22.872,blended,2026-04-10,73.17
34.2,-76.25,22.998,blended,2026-04-10,73.4
34.2,-76.15,23.338,blended,2026-04-10,74.01
34.2,-76.1,23.515,blended,2026-04-10,74.33
34.2,-76.05,23.638,blended,2026-04-10,74.55
34.2,-76.0,23.745,blended,2026-04-10,74.74
34.2,-75.9,24.152,blended,2026-04-10,75.47
34.2,-75.85,24.394,blended,2026-04-10,75.91
34.2,-75.8,24.575,blended,2026-04-10,76.24
34.2,-75.75,24.64,blended,2026-04-10,76.35
34.2,-75.65,24.434,blended,2026-04-10,75.98
34.2,-75.6,24.317,blended,2026-04-10,75.77
34.2,-75.55,24.253,blended,2026-04-10,75.66
34.2,-75.5,24.115,blended,2026-04-10,75.41
34.2,-75.4,23.086,blended,2026-04-10,73.55
34.2,-75.35,22.454,blended,2026-04-10,72.42
34.2,-75.3,22.121,blended,2026-04-10,71.82
34.2,-75.25,21.967,blended,2026-04-10,71.54
34.2,-75.15,21.767,blended,2026-04-10,71.18
34.2,-75.1,21.468,blended,2026-04-10,70.64
34.2,-75.05,21.01,blended,2026-04-10,69.82
34.2,-75.0,20.723,blended,2026-04-10,69.3
34.2,-74.9,20.53,blended,2026-04-10,68.95
34.2,-74.85,20.6,blended,2026-04-10,69.08
34.2,-74.8,20.696,blended,2026-04-10,69.25
34.2,-74.75,20.806,blended,2026-04-10,69.45
34.2,-74.65,21.032,blended,2026-04-10,69.86
34.2,-74.6,20.928,blended,2026-04-10,69.67
34.2,-74.55,20.716,blended,2026-04-10,69.29
34.2,-74.5,20.488,blended,2026-04-10,68.88
34.2,-74.4,19.993,blended,2026-04-10,67.99
34.2,-74.35,19.788,blended,2026-04-10,67.62
34.2,-74.3,19.776,blended,2026-04-10,67.6
34.2,-74.25,19.942,blended,2026-04-10,67.9
34.2,-74.15,20.008,blended,2026-04-10,68.01
34.2,-74.1,19.962,blended,2026-04-10,67.93
34.2,-74.05,19.927,blended,2026-04-10,67.87
34.2,-74.0,19.914,blended,2026-04-10,67.85
34.25,-77.5,16.437,blended,2026-04-10,61.59
34.25,-77.4,16.702,blended,2026-04-10,62.06
34.25,-77.35,16.78,blended,2026-04-10,62.2
34.25,-77.3,16.927,blended,2026-04-10,62.47
34.25,-77.25,17.187,blended,2026-04-10,62.94
34.25,-77.15,17.853,blended,2026-04-10,64.14
34.25,-77.1,18.071,blended,2026-04-10,64.53
34.25,-77.05,18.174,blended,2026-04-10,64.71
34.25,-77.0,18.228,blended,2026-04-10,64.81
34.25,-76.9,18.41,blended,2026-04-10,65.14
34.25,-76.85,18.554,blended,2026-04-10,65.4
34.25,-76.8,18.719,blended,2026-04-10,65.69
34.25,-76.75,18.922,blended,2026-04-10,66.06
34.25,-76.65,19.759,blended,2026-04-10,67.57
34.25,-76.6,20.412,blended,2026-04-10,68.74
34.25,-76.55,20.915,blended,2026-04-10,69.65
34.25,-76.5,21.451,blended,2026-04-10,70.61
34.25,-76.4,22.282,blended,2026-04-10,72.11
34.25,-76.35,22.573,blended,2026-04-10,72.63
34.25,-76.3,22.806,blended,2026-04-10,73.05
34.25,-76.25,22.992,blended,2026-04-10,73.39
34.25,-76.15,23.326,blended,2026-04-10,73.99
34.25,-76.1,23.414,blended,2026-04-10,74.15
34.25,-76.05,23.367,blended,2026-04-10,74.06
34.25,-76.0,23.306,blended,2026-04-10,73.95
34.25,-75.9,23.833,blended,2026-04-10,74.9
34.25,-75.85,24.224,blended,2026-04-10,75.6
34.25,-75.8,24.494,blended,2026-04-10,76.09
34.25,-75.75,24.624,blended,2026-04-10,76.32
34.25,-75.65,24.524,blended,2026-04-10,76.14
34.25,-75.6,24.425,blended,2026-04-10,75.96
34.25,-75.55,24.327,blended,2026-04-10,75.79
34.25,-75.5,24.198,blended,2026-04-10,75.56
34.25,-75.4,23.264,blended,2026-04-10,73.88
34.25,-75.35,22.591,blended,2026-04-10,72.66
34.25,-75.3,22.247,blended,2026-04-10,72.04
34.25,-75.25,22.165,blended,2026-04-10,71.9
34.25,-75.15,21.829,blended,2026-04-10,71.29
34.25,-75.1,21.438,blended,2026-04-10,70.59
34.25,-75.05,21.196,blended,2026-04-10,70.15
34.25,-75.0,21.01,blended,2026-04-10,69.82
34.25,-74.9,20.776,blended,2026-04-10,69.4
34.25,-74.85,20.742,blended,2026-04-10,69.34
34.25,-74.8,20.724,blended,2026-04-10,69.3
34.25,-74.75,20.707,blended,2026-04-10,69.27
34.25,-74.65,20.929,blended,2026-04-10,69.67
34.25,-74.6,20.972,blended,2026-04-10,69.75
34.25,-74.55,20.832,blended,2026-04-10,69.5
34.25,-74.5,20.607,blended,2026-04-10,69.09
34.25,-74.4,20.136,blended,2026-04-10,68.24
34.25,-74.35,19.897,blended,2026-04-10,67.81
34.25,-74.3,19.861,blended,2026-04-10,67.75
34.25,-74.25,19.95,blended,2026-04-10,67.91
34.25,-74.15,19.962,blended,2026-04-10,67.93
34.25,-74.1,19.969,blended,2026-04-10,67.94
34.25,-74.05,19.909,blended,2026-04-10,67.84
34.25,-74.0,19.897,blended,2026-04-10,67.81
34.3,-77.5,16.357,blended,2026-04-10,61.44
34.3,-77.4,16.524,blended,2026-04-10,61.74
34.3,-77.35,16.493,blended,2026-04-10,61.69
34.3,-77.3,16.551,blended,2026-04-10,61.79
34.3,-77.25,16.744,blended,2026-04-10,62.14
34.3,-77.15,17.257,blended,2026-04-10,63.06
34.3,-77.1,17.422,blended,2026-04-10,63.36
34.3,-77.05,17.531,blended,2026-04-10,63.56
34.3,-77.0,17.605,blended,2026-04-10,63.69
34.3,-76.9,17.75,blended,2026-04-10,63.95
34.3,-76.85,17.861,blended,2026-04-10,64.15
34.3,-76.8,17.985,blended,2026-04-10,64.37
34.3,-76.75,18.106,blended,2026-04-10,64.59
34.3,-76.65,18.777,blended,2026-04-10,65.8
34.3,-76.6,19.556,blended,2026-04-10,67.2
34.3,-76.55,20.306,blended,2026-04-10,68.55
34.3,-76.5,20.927,blended,2026-04-10,69.67
34.3,-76.4,21.794,blended,2026-04-10,71.23
34.3,-76.35,22.153,blended,2026-04-10,71.88
34.3,-76.3,22.516,blended,2026-04-10,72.53
34.3,-76.25,22.849,blended,2026-04-10,73.13
34.3,-76.15,23.293,blended,2026-04-10,73.93
34.3,-76.1,23.407,blended,2026-04-10,74.13
34.3,-76.05,23.265,blended,2026-04-10,73.88
34.3,-76.0,22.984,blended,2026-04-10,73.37
34.3,-75.9,23.348,blended,2026-04-10,74.03
34.3,-75.85,23.88,blended,2026-04-10,74.98
34.3,-75.8,24.277,blended,2026-04-10,75.7
34.3,-75.75,24.521,blended,2026-04-10,76.14
34.3,-75.65,24.59,blended,2026-04-10,76.26
34.3,-75.6,24.468,blended,2026-04-10,76.04
34.3,-75.55,24.32,blended,2026-04-10,75.78
34.3,-75.5,24.176,blended,2026-04-10,75.52
34.3,-75.4,23.331,blended,2026-04-10,74.0
34.3,-75.35,22.979,blended,2026-04-10,73.36
34.3,-75.3,22.775,blended,2026-04-10,73.0
34.3,-75.25,22.764,blended,2026-04-10,72.98
34.3,-75.15,22.385,blended,2026-04-10,72.29
34.3,-75.1,21.838,blended,2026-04-10,71.31
34.3,-75.05,21.536,blended,2026-04-10,70.76
34.3,-75.0,21.33,blended,2026-04-10,70.39
34.3,-74.9,21.036,blended,2026-04-10,69.86
34.3,-74.85,20.973,blended,2026-04-10,69.75
34.3,-74.8,20.861,blended,2026-04-10,69.55
34.3,-74.75,20.681,blended,2026-04-10,69.23
34.3,-74.65,20.751,blended,2026-04-10,69.35
34.3,-74.6,20.933,blended,2026-04-10,69.68
34.3,-74.55,20.905,blended,2026-04-10,69.63
34.3,-74.5,20.703,blended,2026-04-10,69.27
34.3,-74.4,20.196,blended,2026-04-10,68.35
34.3,-74.35,19.999,blended,2026-04-10,68.0
34.3,-74.3,19.991,blended,2026-04-10,67.98
34.3,-74.25,20.026,blended,2026-04-10,68.05
34.3,-74.15,20.032,blended,2026-04-10,68.06
34.3,-74.1,20.021,blended,2026-04-10,68.04
34.3,-74.05,19.923,blended,2026-04-10,67.86
34.3,-74.0,19.883,blended,2026-04-10,67.79
34.4,-77.5,16.195,blended,2026-04-10,61.15
34.4,-77.4,16.23,blended,2026-04-10,61.21
34.4,-77.35,16.217,blended,2026-04-10,61.19
34.4,-77.3,16.194,blended,2026-04-10,61.15
34.4,-77.25,16.213,blended,2026-04-10,61.18
34.4,-77.15,16.375,blended,2026-04-10,61.48
34.4,-77.1,16.45,blended,2026-04-10,61.61
34.4,-77.05,16.509,blended,2026-04-10,61.72
34.4,-77.0,16.563,blended,2026-04-10,61.81
34.4,-76.9,16.733,blended,2026-04-10,62.12
34.4,-76.85,16.915,blended,2026-04-10,62.45
34.4,-76.8,17.219,blended,2026-04-10,62.99
34.4,-76.75,17.728,blended,2026-04-10,63.91
34.4,-76.65,18.506,blended,2026-04-10,65.31
34.4,-76.6,18.722,blended,2026-04-10,65.7
34.4,-76.55,18.847,blended,2026-04-10,65.92
34.4,-76.5,18.901,blended,2026-04-10,66.02
34.4,-76.4,20.283,blended,2026-04-10,68.51
34.4,-76.35,21.037,blended,2026-04-10,69.87
34.4,-76.3,21.653,blended,2026-04-10,70.98
34.4,-76.25,22.168,blended,2026-04-10,71.9
34.4,-76.15,22.911,blended,2026-04-10,73.24
34.4,-76.1,23.149,blended,2026-04-10,73.67
34.4,-76.05,23.225,blended,2026-04-10,73.81
34.4,-76.0,22.981,blended,2026-04-10,73.37
34.4,-75.9,22.574,blended,2026-04-10,72.63
34.4,-75.85,22.851,blended,2026-04-10,73.13
34.4,-75.8,23.472,blended,2026-04-10,74.25
34.4,-75.75,24.097,blended,2026-04-10,75.37
34.4,-75.65,24.579,blended,2026-04-10,76.24
34.4,-75.6,24.534,blended,2026-04-10,76.16
34.4,-75.55,24.462,blended,2026-04-10,76.03
34.4,-75.5,24.327,blended,2026-04-10,75.79
34.4,-75.4,24.393,blended,2026-04-10,75.91
34.4,-75.35,24.427,blended,2026-04-10,75.97
34.4,-75.3,24.325,blended,2026-04-10,75.78
34.4,-75.25,24.094,blended,2026-04-10,75.37
34.4,-75.15,23.394,blended,2026-04-10,74.11
34.4,-75.1,22.866,blended,2026-04-10,73.16
34.4,-75.05,22.281,blended,2026-04-10,72.11
34.4,-75.0,21.96,blended,2026-04-10,71.53
34.4,-74.9,21.544,blended,2026-04-10,70.78
34.4,-74.85,21.547,blended,2026-04-10,70.78
34.4,-74.8,21.376,blended,2026-04-10,70.48
34.4,-74.75,20.966,blended,2026-04-10,69.74
34.4,-74.65,20.348,blended,2026-04-10,68.63
34.4,-74.6,20.544,blended,2026-04-10,68.98
34.4,-74.55,20.787,blended,2026-04-10,69.42
34.4,-74.5,20.779,blended,2026-04-10,69.4
34.4,-74.4,20.388,blended,2026-04-10,68.7
34.4,-74.35,20.232,blended,2026-04-10,68.42
34.4,-74.3,20.13,blended,2026-04-10,68.23
34.4,-74.25,20.118,blended,2026-04-10,68.21
34.4,-74.15,20.077,blended,2026-04-10,68.14
34.4,-74.1,20.041,blended,2026-04-10,68.07
34.4,-74.05,19.987,blended,2026-04-10,67.98
34.4,-74.0,19.942,blended,2026-04-10,67.9
34.45,-77.5,16.079,blended,2026-04-10,60.94
34.45,-77.4,16.037,blended,2026-04-10,60.87
34.45,-77.35,15.98,blended,2026-04-10,60.76
34.45,-77.3,16.061,blended,2026-04-10,60.91
34.45,-77.25,16.065,blended,2026-04-10,60.92
34.45,-77.15,16.077,blended,2026-04-10,60.94
34.45,-77.1,16.098,blended,2026-04-10,60.98
34.45,-77.05,16.129,blended,2026-04-10,61.03
34.45,-77.0,16.175,blended,2026-04-10,61.12
34.45,-76.9,16.385,blended,2026-04-10,61.49
34.45,-76.85,16.585,blended,2026-04-10,61.85
34.45,-76.8,16.861,blended,2026-04-10,62.35
34.45,-76.75,17.346,blended,2026-04-10,63.22
34.45,-76.65,18.059,blended,2026-04-10,64.51
34.45,-76.6,18.126,blended,2026-04-10,64.63
34.45,-76.55,18.219,blended,2026-04-10,64.79
34.45,-76.5,18.413,blended,2026-04-10,65.14
34.45,-76.4,19.702,blended,2026-04-10,67.46
34.45,-76.35,20.487,blended,2026-04-10,68.88
34.45,-76.3,21.134,blended,2026-04-10,70.04
34.45,-76.25,21.711,blended,2026-04-10,71.08
34.45,-76.15,22.537,blended,2026-04-10,72.57
34.45,-76.1,22.823,blended,2026-04-10,73.08
34.45,-76.05,23.005,blended,2026-04-10,73.41
34.45,-76.0,23.034,blended,2026-04-10,73.46
34.45,-75.9,22.726,blended,2026-04-10,72.91
34.45,-75.85,22.794,blended,2026-04-10,73.03
34.45,-75.8,23.3,blended,2026-04-10,73.94
34.45,-75.75,23.9,blended,2026-04-10,75.02
34.45,-75.65,24.502,blended,2026-04-10,76.1
34.45,-75.6,24.562,blended,2026-04-10,76.21
34.45,-75.55,24.577,blended,2026-04-10,76.24
34.45,-75.5,24.565,blended,2026-04-10,76.22
34.45,-75.4,24.658,blended,2026-04-10,76.38
34.45,-75.35,24.653,blended,2026-04-10,76.38
34.45,-75.3,24.578,blended,2026-04-10,76.24
34.45,-75.25,24.417,blended,2026-04-10,75.95
34.45,-75.15,23.826,blended,2026-04-10,74.89
34.45,-75.1,23.333,blended,2026-04-10,74.0
34.45,-75.05,22.776,blended,2026-04-10,73.0
34.45,-75.0,22.414,blended,2026-04-10,72.35
34.45,-74.9,21.895,blended,2026-04-10,71.41
34.45,-74.85,21.723,blended,2026-04-10,71.1
34.45,-74.8,21.479,blended,2026-04-10,70.66
34.45,-74.75,21.116,blended,2026-04-10,70.01
34.45,-74.65,20.406,blended,2026-04-10,68.73
34.45,-74.6,20.395,blended,2026-04-10,68.71
34.45,-74.55,20.656,blended,2026-04-10,69.18
34.45,-74.5,20.757,blended,2026-04-10,69.36
34.45,-74.4,20.416,blended,2026-04-10,68.75
34.45,-74.35,20.28,blended,2026-04-10,68.5
34.45,-74.3,20.173,blended,2026-04-10,68.31
34.45,-74.25,20.141,blended,2026-04-10,68.25
34.45,-74.15,20.069,blended,2026-04-10,68.12
34.45,-74.1,20.047,blended,2026-04-10,68.08
34.45,-74.05,20.035,blended,2026-04-10,68.06
34.45,-74.0,20.007,blended,2026-04-10,68.01
34.5,-77.5,16.014,blended,2026-04-10,60.83
34.5,-77.4,15.959,blended,2026-04-10,60.73
34.5,-77.35,15.938,blended,2026-04-10,60.69
34.5,-77.3,15.843,blended,2026-04-10,60.52
34.5,-77.25,15.8,blended,2026-04-10,60.44
34.5,-77.15,15.954,blended,2026-04-10,60.72
34.5,-77.1,15.922,blended,2026-04-10,60.66
34.5,-77.05,15.911,blended,2026-04-10,60.64
34.5,-77.0,15.963,blended,2026-04-10,60.73
34.5,-76.9,16.179,blended,2026-04-10,61.12
34.5,-76.85,16.343,blended,2026-04-10,61.42
34.5,-76.8,16.549,blended,2026-04-10,61.79
34.5,-76.75,16.859,blended,2026-04-10,62.35
34.5,-76.65,17.456,blended,2026-04-10,63.42
34.5,-76.6,17.655,blended,2026-04-10,63.78
34.5,-76.55,17.835,blended,2026-04-10,64.1
34.5,-76.5,18.14,blended,2026-04-10,64.65
34.5,-76.4,19.168,blended,2026-04-10,66.5
34.5,-76.35,19.843,blended,2026-04-10,67.72
34.5,-76.3,20.571,blended,2026-04-10,69.03
34.5,-76.25,21.184,blended,2026-04-10,70.13
34.5,-76.15,22.098,blended,2026-04-10,71.78
34.5,-76.1,22.43,blended,2026-04-10,72.37
34.5,-76.05,22.708,blended,2026-04-10,72.87
34.5,-76.0,22.938,blended,2026-04-10,73.29
34.5,-75.9,23.052,blended,2026-04-10,73.49
34.5,-75.85,23.111,blended,2026-04-10,73.6
34.5,-75.8,23.399,blended,2026-04-10,74.12
34.5,-75.75,23.791,blended,2026-04-10,74.82
34.5,-75.65,24.375,blended,2026-04-10,75.88
34.5,-75.6,24.516,blended,2026-04-10,76.13
34.5,-75.55,24.605,blended,2026-04-10,76.29
34.5,-75.5,24.646,blended,2026-04-10,76.36
34.5,-75.4,24.657,blended,2026-04-10,76.38
34.5,-75.35,24.658,blended,2026-04-10,76.38
34.5,-75.3,24.633,blended,2026-04-10,76.34
34.5,-75.25,24.564,blended,2026-04-10,76.22
34.5,-75.15,24.161,blended,2026-04-10,75.49
34.5,-75.1,23.822,blended,2026-04-10,74.88
34.5,-75.05,23.401,blended,2026-04-10,74.12
34.5,-75.0,22.981,blended,2026-04-10,73.37
34.5,-74.9,22.34,blended,2026-04-10,72.21
34.5,-74.85,22.056,blended,2026-04-10,71.7
34.5,-74.8,21.722,blended,2026-04-10,71.1
34.5,-74.75,21.349,blended,2026-04-10,70.43
34.5,-74.65,20.644,blended,2026-04-10,69.16
34.5,-74.6,20.497,blended,2026-04-10,68.89
34.5,-74.55,20.673,blended,2026-04-10,69.21
34.5,-74.5,20.8,blended,2026-04-10,69.44
34.5,-74.4,20.336,blended,2026-04-10,68.6
34.5,-74.35,20.188,blended,2026-04-10,68.34
34.5,-74.3,20.212,blended,2026-04-10,68.38
34.5,-74.25,20.213,blended,2026-04-10,68.38
34.5,-74.15,20.095,blended,2026-04-10,68.17
34.5,-74.1,20.093,blended,2026-04-10,68.17
34.5,-74.05,20.099,blended,2026-04-10,68.18
34.5,-74.0,20.095,blended,2026-04-10,68.17
34.55,-77.4,15.756,blended,2026-04-10,60.36
34.55,-77.35,15.812,blended,2026-04-10,60.46
34.55,-77.3,15.708,blended,2026-04-10,60.27
34.55,-77.25,15.662,blended,2026-04-10,60.19
34.55,-77.15,15.86,blended,2026-04-10,60.55
34.55,-77.1,15.846,blended,2026-04-10,60.52
34.55,-77.05,15.868,blended,2026-04-10,60.56
34.55,-77.0,15.955,blended,2026-04-10,60.72
34.55,-76.9,16.093,blended,2026-04-10,60.97
34.55,-76.85,16.173,blended,2026-04-10,61.11
34.55,-76.8,16.334,blended,2026-04-10,61.4
34.55,-76.75,16.505,blended,2026-04-10,61.71
34.55,-76.65,17.008,blended,2026-04-10,62.61
34.55,-76.6,17.301,blended,2026-04-10,63.14
34.55,-76.55,17.614,blended,2026-04-10,63.71
34.55,-76.5,17.977,blended,2026-04-10,64.36
34.55,-76.4,18.897,blended,2026-04-10,66.01
34.55,-76.35,19.492,blended,2026-04-10,67.09
34.55,-76.3,20.126,blended,2026-04-10,68.23
34.55,-76.25,20.707,blended,2026-04-10,69.27
34.55,-76.15,21.64,blended,2026-04-10,70.95
34.55,-76.1,22.011,blended,2026-04-10,71.62
34.55,-76.05,22.349,blended,2026-04-10,72.23
34.55,-76.0,22.672,blended,2026-04-10,72.81
34.55,-75.9,23.192,blended,2026-04-10,73.75
34.55,-75.85,23.308,blended,2026-04-10,73.95
34.55,-75.8,23.482,blended,2026-04-10,74.27
34.55,-75.75,23.737,blended,2026-04-10,74.73
34.55,-75.65,24.234,blended,2026-04-10,75.62
34.55,-75.6,24.421,blended,2026-04-10,75.96
34.55,-75.55,24.553,blended,2026-04-10,76.2
34.55,-75.5,24.619,blended,2026-04-10,76.31
34.55,-75.4,24.587,blended,2026-04-10,76.26
34.55,-75.35,24.563,blended,2026-04-10,76.21
34.55,-75.3,24.551,blended,2026-04-10,76.19
34.55,-75.25,24.548,blended,2026-04-10,76.19
34.55,-75.15,24.393,blended,2026-04-10,75.91
34.55,-75.1,24.149,blended,2026-04-10,75.47
34.55,-75.05,23.818,blended,2026-04-10,74.87
34.55,-75.0,23.438,blended,2026-04-10,74.19
34.55,-74.9,22.741,blended,2026-04-10,72.93
34.55,-74.85,22.459,blended,2026-04-10,72.43
34.55,-74.8,22.047,blended,2026-04-10,71.68
34.55,-74.75,21.636,blended,2026-04-10,70.94
34.55,-74.65,20.926,blended,2026-04-10,69.67
34.55,-74.6,20.734,blended,2026-04-10,69.32
34.55,-74.55,20.808,blended,2026-04-10,69.45
34.55,-74.5,20.9,blended,2026-04-10,69.62
34.55,-74.4,20.412,blended,2026-04-10,68.74
34.55,-74.35,20.226,blended,2026-04-10,68.41
34.55,-74.3,20.243,blended,2026-04-10,68.44
34.55,-74.25,20.252,blended,2026-04-10,68.45
34.55,-74.15,20.147,blended,2026-04-10,68.26
34.55,-74.1,20.141,blended,2026-04-10,68.25
34.55,-74.05,20.135,blended,2026-04-10,68.24
34.55,-74.0,20.138,blended,2026-04-10,68.25
34.65,-77.15,15.649,blended,2026-04-10,60.17
34.65,-77.1,15.705,blended,2026-04-10,60.27
34.65,-77.05,15.809,blended,2026-04-10,60.46
34.65,-77.0,15.93,blended,2026-04-10,60.67
34.65,-76.9,16.149,blended,2026-04-10,61.07
34.65,-76.85,16.162,blended,2026-04-10,61.09
34.65,-76.8,16.228,blended,2026-04-10,61.21
34.65,-76.75,16.316,blended,2026-04-10,61.37
34.65,-76.65,16.633,blended,2026-04-10,61.94
34.65,-76.6,16.957,blended,2026-04-10,62.52
34.65,-76.55,17.317,blended,2026-04-10,63.17
34.65,-76.5,17.704,blended,2026-04-10,63.87
34.65,-76.4,18.586,blended,2026-04-10,65.45
34.65,-76.35,19.071,blended,2026-04-10,66.33
34.65,-76.3,19.541,blended,2026-04-10,67.17
34.65,-76.25,19.945,blended,2026-04-10,67.9
34.65,-76.15,20.675,blended,2026-04-10,69.22
34.65,-76.1,21.06,blended,2026-04-10,69.91
34.65,-76.05,21.459,blended,2026-04-10,70.63
34.65,-76.0,21.862,blended,2026-04-10,71.35
34.65,-75.9,22.597,blended,2026-04-10,72.67
34.65,-75.85,22.911,blended,2026-04-10,73.24
34.65,-75.8,23.197,blended,2026-04-10,73.75
34.65,-75.75,23.465,blended,2026-04-10,74.24
34.65,-75.65,23.926,blended,2026-04-10,75.07
34.65,-75.6,24.099,blended,2026-04-10,75.38
34.65,-75.55,24.249,blended,2026-04-10,75.65
34.65,-75.5,24.387,blended,2026-04-10,75.9
34.65,-75.4,24.398,blended,2026-04-10,75.92
34.65,-75.35,24.372,blended,2026-04-10,75.87
34.65,-75.3,24.38,blended,2026-04-10,75.88
34.65,-75.25,24.427,blended,2026-04-10,75.97
34.65,-75.15,24.491,blended,2026-04-10,76.08
34.65,-75.1,24.492,blended,2026-04-10,76.09
34.65,-75.05,24.389,blended,2026-04-10,75.9
34.65,-75.0,24.157,blended,2026-04-10,75.48
34.65,-74.9,23.453,blended,2026-04-10,74.22
34.65,-74.85,23.033,blended,2026-04-10,73.46
34.65,-74.8,22.584,blended,2026-04-10,72.65
34.65,-74.75,22.172,blended,2026-04-10,71.91
34.65,-74.65,21.503,blended,2026-04-10,70.71
34.65,-74.6,21.158,blended,2026-04-10,70.08
34.65,-74.55,20.997,blended,2026-04-10,69.79
34.65,-74.5,21.013,blended,2026-04-10,69.82
34.65,-74.4,20.582,blended,2026-04-10,69.05
34.65,-74.35,20.355,blended,2026-04-10,68.64
34.65,-74.3,20.299,blended,2026-04-10,68.54
34.65,-74.25,20.208,blended,2026-04-10,68.37
34.65,-74.15,20.239,blended,2026-04-10,68.43
34.65,-74.1,20.251,blended,2026-04-10,68.45
34.65,-74.05,20.231,blended,2026-04-10,68.42
34.65,-74.0,20.187,blended,2026-04-10,68.34
34.7,-77.15,15.67,blended,2026-04-10,60.21
34.7,-77.1,15.732,blended,2026-04-10,60.32
34.7,-77.05,15.829,blended,2026-04-10,60.49
34.7,-77.0,15.955,blended,2026-04-10,60.72
34.7,-76.9,16.11,blended,2026-04-10,61.0
34.7,-76.85,16.166,blended,2026-04-10,61.1
34.7,-76.8,16.226,blended,2026-04-10,61.21
34.7,-76.75,16.295,blended,2026-04-10,61.33
34.7,-76.65,16.618,blended,2026-04-10,61.91
34.7,-76.6,16.924,blended,2026-04-10,62.46
34.7,-76.55,17.245,blended,2026-04-10,63.04
34.7,-76.5,17.61,blended,2026-04-10,63.7
34.7,-76.4,18.393,blended,2026-04-10,65.11
34.7,-76.35,18.826,blended,2026-04-10,65.89
34.7,-76.3,19.245,blended,2026-04-10,66.64
34.7,-76.25,19.548,blended,2026-04-10,67.19
34.7,-76.15,20.126,blended,2026-04-10,68.23
34.7,-76.1,20.504,blended,2026-04-10,68.91
34.7,-76.05,20.936,blended,2026-04-10,69.68
34.7,-76.0,21.388,blended,2026-04-10,70.5
34.7,-75.9,22.232,blended,2026-04-10,72.02
34.7,-75.85,22.597,blended,2026-04-10,72.67
34.7,-75.8,22.925,blended,2026-04-10,73.26
34.7,-75.75,23.221,blended,2026-04-10,73.8
34.7,-75.65,23.714,blended,2026-04-10,74.69
34.7,-75.6,23.914,blended,2026-04-10,75.05
34.7,-75.55,24.084,blended,2026-04-10,75.35
34.7,-75.5,24.219,blended,2026-04-10,75.59
34.7,-75.4,24.327,blended,2026-04-10,75.79
34.7,-75.35,24.336,blended,2026-04-10,75.8
34.7,-75.3,24.329,blended,2026-04-10,75.79
34.7,-75.25,24.343,blended,2026-04-10,75.82
34.7,-75.15,24.444,blended,2026-04-10,76.0
34.7,-75.1,24.484,blended,2026-04-10,76.07
34.7,-75.05,24.502,blended,2026-04-10,76.1
34.7,-75.0,24.397,blended,2026-04-10,75.91
34.7,-74.9,23.84,blended,2026-04-10,74.91
34.7,-74.85,23.369,blended,2026-04-10,74.06
34.7,-74.8,22.85,blended,2026-04-10,73.13
34.7,-74.75,22.428,blended,2026-04-10,72.37
34.7,-74.65,21.992,blended,2026-04-10,71.59
34.7,-74.6,21.557,blended,2026-04-10,70.8
34.7,-74.55,21.156,blended,2026-04-10,70.08
34.7,-74.5,21.021,blended,2026-04-10,69.84
34.7,-74.4,20.712,blended,2026-04-10,69.28
34.7,-74.35,20.405,blended,2026-04-10,68.73
34.7,-74.3,20.243,blended,2026-04-10,68.44
34.7,-74.25,20.147,blended,2026-04-10,68.26
34.7,-74.15,20.226,blended,2026-04-10,68.41
34.7,-74.1,20.269,blended,2026-04-10,68.48
34.7,-74.05,20.267,blended,2026-04-10,68.48
34.7,-74.0,20.226,blended,2026-04-10,68.41
34.75,-77.15,15.686,blended,2026-04-10,60.23
34.75,-77.1,15.703,blended,2026-04-10,60.27
34.75,-76.75,16.361,blended,2026-04-10,61.45
34.75,-76.65,16.604,blended,2026-04-10,61.89
34.75,-76.6,16.923,blended,2026-04-10,62.46
34.75,-76.5,17.543,blended,2026-04-10,63.58
34.75,-76.4,18.171,blended,2026-04-10,64.71
34.75,-76.35,18.518,blended,2026-04-10,65.33
34.75,-76.3,18.825,blended,2026-04-10,65.88
34.75,-76.25,19.052,blended,2026-04-10,66.29
34.75,-76.15,19.494,blended,2026-04-10,67.09
34.75,-76.1,19.872,blended,2026-04-10,67.77
34.75,-76.05,20.359,blended,2026-04-10,68.65
34.75,-76.0,20.888,blended,2026-04-10,69.6
34.75,-75.9,21.859,blended,2026-04-10,71.35
34.75,-75.85,22.261,blended,2026-04-10,72.07
34.75,-75.8,22.615,blended,2026-04-10,72.71
34.75,-75.75,22.93,blended,2026-04-10,73.27
34.75,-75.65,23.457,blended,2026-04-10,74.22
34.75,-75.6,23.675,blended,2026-04-10,74.62
34.75,-75.55,23.866,blended,2026-04-10,74.96
34.75,-75.5,24.022,blended,2026-04-10,75.24
34.75,-75.4,24.228,blended,2026-04-10,75.61
34.75,-75.35,24.282,blended,2026-04-10,75.71
34.75,-75.3,24.308,blended,2026-04-10,75.75
34.75,-75.25,24.335,blended,2026-04-10,75.8
34.75,-75.15,24.411,blended,2026-04-10,75.94
34.75,-75.1,24.463,blended,2026-04-10,76.03
34.75,-75.05,24.491,blended,2026-04-10,76.08
34.75,-75.0,24.476,blended,2026-04-10,76.06
34.75,-74.9,24.085,blended,2026-04-10,75.35
34.75,-74.85,23.702,blended,2026-04-10,74.66
34.75,-74.8,23.309,blended,2026-04-10,73.96
34.75,-74.75,22.999,blended,2026-04-10,73.4
34.75,-74.65,22.66,blended,2026-04-10,72.79
34.75,-74.6,22.202,blended,2026-04-10,71.96
34.75,-74.55,21.584,blended,2026-04-10,70.85
34.75,-74.5,21.156,blended,2026-04-10,70.08
34.75,-74.4,20.785,blended,2026-04-10,69.41
34.75,-74.35,20.485,blended,2026-04-10,68.87
34.75,-74.3,20.266,blended,2026-04-10,68.48
34.75,-74.25,20.141,blended,2026-04-10,68.25
34.75,-74.15,20.181,blended,2026-04-10,68.33
34.75,-74.1,20.246,blended,2026-04-10,68.44
34.75,-74.05,20.283,blended,2026-04-10,68.51
34.75,-74.0,20.293,blended,2026-04-10,68.53
34.8,-76.6,16.864,blended,2026-04-10,62.36
34.8,-76.5,17.473,blended,2026-04-10,63.45
34.8,-76.4,17.941,blended,2026-04-10,64.29
34.8,-76.35,18.203,blended,2026-04-10,64.77
34.8,-76.3,18.424,blended,2026-04-10,65.16
34.8,-76.25,18.586,blended,2026-04-10,65.45
34.8,-76.15,18.859,blended,2026-04-10,65.95
34.8,-76.1,19.251,blended,2026-04-10,66.65
34.8,-76.05,19.796,blended,2026-04-10,67.63
34.8,-76.0,20.423,blended,2026-04-10,68.76
34.8,-75.9,21.501,blended,2026-04-10,70.7
34.8,-75.85,21.923,blended,2026-04-10,71.46
34.8,-75.8,22.29,blended,2026-04-10,72.12
34.8,-75.75,22.614,blended,2026-04-10,72.71
34.8,-75.65,23.157,blended,2026-04-10,73.68
34.8,-75.6,23.386,blended,2026-04-10,74.09
34.8,-75.55,23.594,blended,2026-04-10,74.47
34.8,-75.5,23.778,blended,2026-04-10,74.8
34.8,-75.4,24.074,blended,2026-04-10,75.33
34.8,-75.35,24.187,blended,2026-04-10,75.54
34.8,-75.3,24.278,blended,2026-04-10,75.7
34.8,-75.25,24.355,blended,2026-04-10,75.84
34.8,-75.15,24.483,blended,2026-04-10,76.07
34.8,-75.1,24.519,blended,2026-04-10,76.13
34.8,-75.05,24.515,blended,2026-04-10,76.13
34.8,-75.0,24.486,blended,2026-04-10,76.07
34.8,-74.9,24.216,blended,2026-04-10,75.59
34.8,-74.85,23.988,blended,2026-04-10,75.18
34.8,-74.8,23.79,blended,2026-04-10,74.82
34.8,-74.75,23.677,blended,2026-04-10,74.62
34.8,-74.65,23.285,blended,2026-04-10,73.91
34.8,-74.6,22.783,blended,2026-04-10,73.01
34.8,-74.55,22.094,blended,2026-04-10,71.77
34.8,-74.5,21.442,blended,2026-04-10,70.6
34.8,-74.4,20.881,blended,2026-04-10,69.59
34.8,-74.35,20.612,blended,2026-04-10,69.1
34.8,-74.3,20.401,blended,2026-04-10,68.72
34.8,-74.25,20.262,blended,2026-04-10,68.47
34.8,-74.15,20.232,blended,2026-04-10,68.42
34.8,-74.1,20.27,blended,2026-04-10,68.49
34.8,-74.05,20.314,blended,2026-04-10,68.57
34.8,-74.0,20.364,blended,2026-04-10,68.66
34.9,-76.75,16.332,blended,2026-04-10,61.4
34.9,-76.4,17.564,blended,2026-04-10,63.62
34.9,-76.35,17.705,blended,2026-04-10,63.87
34.9,-76.3,17.845,blended,2026-04-10,64.12
34.9,-76.25,18.032,blended,2026-04-10,64.46
34.9,-76.15,18.745,blended,2026-04-10,65.74
34.9,-76.1,19.381,blended,2026-04-10,66.89
34.9,-76.05,19.893,blended,2026-04-10,67.81
34.9,-76.0,20.161,blended,2026-04-10,68.29
34.9,-75.9,20.883,blended,2026-04-10,69.59
34.9,-75.85,21.269,blended,2026-04-10,70.28
34.9,-75.8,21.614,blended,2026-04-10,70.91
34.9,-75.75,21.907,blended,2026-04-10,71.43
34.9,-75.65,22.424,blended,2026-04-10,72.36
34.9,-75.6,22.659,blended,2026-04-10,72.79
34.9,-75.55,22.878,blended,2026-04-10,73.18
34.9,-75.5,23.088,blended,2026-04-10,73.56
34.9,-75.4,23.506,blended,2026-04-10,74.31
34.9,-75.35,23.704,blended,2026-04-10,74.67
34.9,-75.3,23.88,blended,2026-04-10,74.98
34.9,-75.25,24.044,blended,2026-04-10,75.28
34.9,-75.15,24.346,blended,2026-04-10,75.82
34.9,-75.1,24.451,blended,2026-04-10,76.01
34.9,-75.05,24.496,blended,2026-04-10,76.09
34.9,-75.0,24.499,blended,2026-04-10,76.1
34.9,-74.9,24.391,blended,2026-04-10,75.9
34.9,-74.85,24.282,blended,2026-04-10,75.71
34.9,-74.8,24.149,blended,2026-04-10,75.47
34.9,-74.75,24.004,blended,2026-04-10,75.21
34.9,-74.65,23.619,blended,2026-04-10,74.51
34.9,-74.6,23.219,blended,2026-04-10,73.79
34.9,-74.55,22.664,blended,2026-04-10,72.8
34.9,-74.5,22.085,blended,2026-04-10,71.75
34.9,-74.4,21.403,blended,2026-04-10,70.53
34.9,-74.35,21.141,blended,2026-04-10,70.05
34.9,-74.3,20.899,blended,2026-04-10,69.62
34.9,-74.25,20.69,blended,2026-04-10,69.24
34.9,-74.15,20.4,blended,2026-04-10,68.72
34.9,-74.1,20.336,blended,2026-04-10,68.6
34.9,-74.05,20.343,blended,2026-04-10,68.62
34.9,-74.0,20.391,blended,2026-04-10,68.7
34.95,-76.9,15.98,blended,2026-04-10,60.76
34.95,-76.85,16.086,blended,2026-04-10,60.95
34.95,-76.8,16.212,blended,2026-04-10,61.18
34.95,-76.75,16.336,blended,2026-04-10,61.4
34.95,-76.65,16.568,blended,2026-04-10,61.82
34.95,-76.6,16.814,blended,2026-04-10,62.27
34.95,-76.5,17.034,blended,2026-04-10,62.66
34.95,-76.4,17.266,blended,2026-04-10,63.08
34.95,-76.35,17.478,blended,2026-04-10,63.46
34.95,-76.3,17.599,blended,2026-04-10,63.68
34.95,-76.25,17.778,blended,2026-04-10,64.0
34.95,-76.15,18.508,blended,2026-04-10,65.31
34.95,-76.1,19.032,blended,2026-04-10,66.26
34.95,-76.05,19.549,blended,2026-04-10,67.19
34.95,-76.0,19.997,blended,2026-04-10,67.99
34.95,-75.9,20.652,blended,2026-04-10,69.17
34.95,-75.85,20.976,blended,2026-04-10,69.76
34.95,-75.8,21.274,blended,2026-04-10,70.29
34.95,-75.75,21.504,blended,2026-04-10,70.71
34.95,-75.65,21.987,blended,2026-04-10,71.58
34.95,-75.6,22.214,blended,2026-04-10,71.99
34.95,-75.55,22.42,blended,2026-04-10,72.36
34.95,-75.5,22.624,blended,2026-04-10,72.72
34.95,-75.4,23.049,blended,2026-04-10,73.49
34.95,-75.35,23.261,blended,2026-04-10,73.87
34.95,-75.3,23.475,blended,2026-04-10,74.26
34.95,-75.25,23.673,blended,2026-04-10,74.61
34.95,-75.15,24.036,blended,2026-04-10,75.26
34.95,-75.1,24.184,blended,2026-04-10,75.53
34.95,-75.05,24.285,blended,2026-04-10,75.71
34.95,-75.0,24.349,blended,2026-04-10,75.83
34.95,-74.9,24.382,blended,2026-04-10,75.89
34.95,-74.85,24.303,blended,2026-04-10,75.75
34.95,-74.8,24.191,blended,2026-04-10,75.54
34.95,-74.75,24.062,blended,2026-04-10,75.31
34.95,-74.65,23.757,blended,2026-04-10,74.76
34.95,-74.6,23.439,blended,2026-04-10,74.19
34.95,-74.55,23.006,blended,2026-04-10,73.41
34.95,-74.5,22.578,blended,2026-04-10,72.64
34.95,-74.4,21.876,blended,2026-04-10,71.38
34.95,-74.35,21.561,blended,2026-04-10,70.81
34.95,-74.3,21.249,blended,2026-04-10,70.25
34.95,-74.25,20.973,blended,2026-04-10,69.75
34.95,-74.15,20.68,blended,2026-04-10,69.22
34.95,-74.1,20.671,blended,2026-04-10,69.21
34.95,-74.05,20.768,blended,2026-04-10,69.38
34.95,-74.0,20.878,blended,2026-04-10,69.58
35.0,-77.0,15.758,blended,2026-04-10,60.36
35.0,-76.9,15.936,blended,2026-04-10,60.68
35.0,-76.85,16.042,blended,2026-04-10,60.88
35.0,-76.75,16.328,blended,2026-04-10,61.39
35.0,-76.65,16.611,blended,2026-04-10,61.9
35.0,-76.6,16.757,blended,2026-04-10,62.16
35.0,-76.55,16.833,blended,2026-04-10,62.3
35.0,-76.5,16.952,blended,2026-04-10,62.51
35.0,-76.4,17.111,blended,2026-04-10,62.8
35.0,-76.35,17.19,blended,2026-04-10,62.94
35.0,-76.3,17.289,blended,2026-04-10,63.12
35.0,-76.25,17.438,blended,2026-04-10,63.39
35.0,-76.15,18.114,blended,2026-04-10,64.61
35.0,-76.1,18.585,blended,2026-04-10,65.45
35.0,-76.05,19.106,blended,2026-04-10,66.39
35.0,-76.0,19.636,blended,2026-04-10,67.34
35.0,-75.9,20.368,blended,2026-04-10,68.66
35.0,-75.85,20.641,blended,2026-04-10,69.15
35.0,-75.8,20.898,blended,2026-04-10,69.62
35.0,-75.75,21.112,blended,2026-04-10,70.0
35.0,-75.65,21.519,blended,2026-04-10,70.73
35.0,-75.6,21.71,blended,2026-04-10,71.08
35.0,-75.55,21.894,blended,2026-04-10,71.41
35.0,-75.5,22.086,blended,2026-04-10,71.75
35.0,-75.4,22.506,blended,2026-04-10,72.51
35.0,-75.35,22.729,blended,2026-04-10,72.91
35.0,-75.3,22.956,blended,2026-04-10,73.32
35.0,-75.25,23.18,blended,2026-04-10,73.72
35.0,-75.15,23.602,blended,2026-04-10,74.48
35.0,-75.1,23.789,blended,2026-04-10,74.82
35.0,-75.05,23.949,blended,2026-04-10,75.11
35.0,-75.0,24.087,blended,2026-04-10,75.36
35.0,-74.9,24.255,blended,2026-04-10,75.66
35.0,-74.85,24.223,blended,2026-04-10,75.6
35.0,-74.8,24.157,blended,2026-04-10,75.48
35.0,-74.75,24.066,blended,2026-04-10,75.32
35.0,-74.65,23.803,blended,2026-04-10,74.85
35.0,-74.6,23.576,blended,2026-04-10,74.44
35.0,-74.55,23.292,blended,2026-04-10,73.93
35.0,-74.5,22.994,blended,2026-04-10,73.39
35.0,-74.4,22.42,blended,2026-04-10,72.36
35.0,-74.35,22.092,blended,2026-04-10,71.77
35.0,-74.3,21.703,blended,2026-04-10,71.07
35.0,-74.25,21.351,blended,2026-04-10,70.43
35.0,-74.15,21.246,blended,2026-04-10,70.24
35.0,-74.1,21.499,blended,2026-04-10,70.7
35.0,-74.05,21.712,blended,2026-04-10,71.08
35.0,-74.0,21.754,blended,2026-04-10,71.16
35.05,-77.0,15.73,blended,2026-04-10,60.31
35.05,-76.65,16.601,blended,2026-04-10,61.88
35.05,-76.6,16.684,blended,2026-04-10,62.03
35.05,-76.55,16.789,blended,2026-04-10,62.22
35.05,-76.5,16.91,blended,2026-04-10,62.44
35.05,-76.4,16.976,blended,2026-04-10,62.56
35.05,-76.35,17.013,blended,2026-04-10,62.62
35.05,-76.3,16.979,blended,2026-04-10,62.56
35.05,-76.25,17.065,blended,2026-04-10,62.72
35.05,-76.15,17.662,blended,2026-04-10,63.79
35.05,-76.1,18.08,blended,2026-04-10,64.54
35.05,-76.05,18.533,blended,2026-04-10,65.36
35.05,-76.0,18.991,blended,2026-04-10,66.18
35.05,-75.9,19.774,blended,2026-04-10,67.59
35.05,-75.85,20.101,blended,2026-04-10,68.18
35.05,-75.8,20.401,blended,2026-04-10,68.72
35.05,-75.75,20.646,blended,2026-04-10,69.16
35.05,-75.65,20.985,blended,2026-04-10,69.77
35.05,-75.6,21.137,blended,2026-04-10,70.05
35.05,-75.55,21.303,blended,2026-04-10,70.35
35.05,-75.5,21.484,blended,2026-04-10,70.67
35.05,-75.4,21.894,blended,2026-04-10,71.41
35.05,-75.35,22.12,blended,2026-04-10,71.82
35.05,-75.3,22.354,blended,2026-04-10,72.24
35.05,-75.25,22.592,blended,2026-04-10,72.67
35.05,-75.15,23.064,blended,2026-04-10,73.52
35.05,-75.1,23.289,blended,2026-04-10,73.92
35.05,-75.05,23.504,blended,2026-04-10,74.31
35.05,-75.0,23.702,blended,2026-04-10,74.66
35.05,-74.9,23.983,blended,2026-04-10,75.17
35.05,-74.85,24.036,blended,2026-04-10,75.26
35.05,-74.8,24.043,blended,2026-04-10,75.28
35.05,-74.75,24.012,blended,2026-04-10,75.22
35.05,-74.65,23.835,blended,2026-04-10,74.9
35.05,-74.6,23.683,blended,2026-04-10,74.63
35.05,-74.55,23.505,blended,2026-04-10,74.31
35.05,-74.5,23.331,blended,2026-04-10,74.0
35.05,-74.4,23.014,blended,2026-04-10,73.43
35.05,-74.35,22.768,blended,2026-04-10,72.98
35.05,-74.3,22.38,blended,2026-04-10,72.28
35.05,-74.25,21.942,blended,2026-04-10,71.5
35.05,-74.15,21.777,blended,2026-04-10,71.2
35.05,-74.1,21.957,blended,2026-04-10,71.52
35.05,-74.05,22.133,blended,2026-04-10,71.84
35.05,-74.0,22.22,blended,2026-04-10,72.0
35.15,-76.65,16.546,blended,2026-04-10,61.78
35.15,-76.6,16.638,blended,2026-04-10,61.95
35.15,-76.55,16.818,blended,2026-04-10,62.27
35.15,-76.5,16.887,blended,2026-04-10,62.4
35.15,-76.4,16.912,blended,2026-04-10,62.44
35.15,-76.35,16.77,blended,2026-04-10,62.19
35.15,-76.3,16.683,blended,2026-04-10,62.03
35.15,-76.25,16.7,blended,2026-04-10,62.06
35.15,-76.15,17.037,blended,2026-04-10,62.67
35.15,-76.1,17.196,blended,2026-04-10,62.95
35.15,-76.05,17.384,blended,2026-04-10,63.29
35.15,-76.0,17.696,blended,2026-04-10,63.85
35.15,-75.9,18.41,blended,2026-04-10,65.14
35.15,-75.85,18.76,blended,2026-04-10,65.77
35.15,-75.8,19.109,blended,2026-04-10,66.4
35.15,-75.75,19.408,blended,2026-04-10,66.93
35.15,-75.65,19.68,blended,2026-04-10,67.42
35.15,-75.6,19.813,blended,2026-04-10,67.66
35.15,-75.55,19.971,blended,2026-04-10,67.95
35.15,-75.5,20.146,blended,2026-04-10,68.26
35.15,-75.4,20.534,blended,2026-04-10,68.96
35.15,-75.35,20.749,blended,2026-04-10,69.35
35.15,-75.3,20.979,blended,2026-04-10,69.76
35.15,-75.25,21.222,blended,2026-04-10,70.2
35.15,-75.15,21.754,blended,2026-04-10,71.16
35.15,-75.1,22.044,blended,2026-04-10,71.68
35.15,-75.05,22.348,blended,2026-04-10,72.23
35.15,-75.0,22.655,blended,2026-04-10,72.78
35.15,-74.9,23.221,blended,2026-04-10,73.8
35.15,-74.85,23.449,blended,2026-04-10,74.21
35.15,-74.8,23.632,blended,2026-04-10,74.54
35.15,-74.75,23.765,blended,2026-04-10,74.78
35.15,-74.65,23.871,blended,2026-04-10,74.97
35.15,-74.6,23.849,blended,2026-04-10,74.93
35.15,-74.55,23.795,blended,2026-04-10,74.83
35.15,-74.5,23.8,blended,2026-04-10,74.84
35.15,-74.4,24.018,blended,2026-04-10,75.23
35.15,-74.35,23.975,blended,2026-04-10,75.16
35.15,-74.3,23.661,blended,2026-04-10,74.59
35.15,-74.25,23.194,blended,2026-04-10,73.75
35.15,-74.15,22.587,blended,2026-04-10,72.66
35.15,-74.1,22.468,blended,2026-04-10,72.44
35.15,-74.05,22.335,blended,2026-04-10,72.2
35.15,-74.0,22.419,blended,2026-04-10,72.35
35.2,-76.6,16.668,blended,2026-04-10,62.0
35.2,-76.55,16.78,blended,2026-04-10,62.2
35.2,-76.5,16.857,blended,2026-04-10,62.34
35.2,-76.4,16.715,blended,2026-04-10,62.09
35.2,-76.35,16.583,blended,2026-04-10,61.85
35.2,-76.3,16.634,blended,2026-04-10,61.94
35.2,-76.25,16.696,blended,2026-04-10,62.05
35.2,-76.15,16.81,blended,2026-04-10,62.26
35.2,-76.1,16.946,blended,2026-04-10,62.5
35.2,-76.05,17.029,blended,2026-04-10,62.65
35.2,-76.0,17.163,blended,2026-04-10,62.89
35.2,-75.9,17.73,blended,2026-04-10,63.91
35.2,-75.85,18.025,blended,2026-04-10,64.44
35.2,-75.8,18.309,blended,2026-04-10,64.96
35.2,-75.75,18.557,blended,2026-04-10,65.4
35.2,-75.65,18.923,blended,2026-04-10,66.06
35.2,-75.6,19.087,blended,2026-04-10,66.36
35.2,-75.55,19.262,blended,2026-04-10,66.67
35.2,-75.5,19.444,blended,2026-04-10,67.0
35.2,-75.4,19.828,blended,2026-04-10,67.69
35.2,-75.35,20.032,blended,2026-04-10,68.06
35.2,-75.3,20.249,blended,2026-04-10,68.45
35.2,-75.25,20.485,blended,2026-04-10,68.87
35.2,-75.15,21.03,blended,2026-04-10,69.85
35.2,-75.1,21.346,blended,2026-04-10,70.42
35.2,-75.05,21.693,blended,2026-04-10,71.05
35.2,-75.0,22.06,blended,2026-04-10,71.71
35.2,-74.9,22.772,blended,2026-04-10,72.99
35.2,-74.85,23.082,blended,2026-04-10,73.55
35.2,-74.8,23.349,blended,2026-04-10,74.03
35.2,-74.75,23.567,blended,2026-04-10,74.42
35.2,-74.65,23.84,blended,2026-04-10,74.91
35.2,-74.6,23.912,blended,2026-04-10,75.04
35.2,-74.55,23.975,blended,2026-04-10,75.16
35.2,-74.5,24.069,blended,2026-04-10,75.32
35.2,-74.4,24.206,blended,2026-04-10,75.57
35.2,-74.35,24.094,blended,2026-04-10,75.37
35.2,-74.3,23.819,blended,2026-04-10,74.87
35.2,-74.25,23.47,blended,2026-04-10,74.25
35.2,-74.15,22.875,blended,2026-04-10,73.18
35.2,-74.1,22.646,blended,2026-04-10,72.76
35.2,-74.05,22.422,blended,2026-04-10,72.36
35.2,-74.0,22.488,blended,2026-04-10,72.48
35.25,-76.6,16.666,blended,2026-04-10,62.0
35.25,-76.55,16.758,blended,2026-04-10,62.16
35.25,-76.5,16.794,blended,2026-04-10,62.23
35.25,-76.4,16.67,blended,2026-04-10,62.01
35.25,-76.35,16.59,blended,2026-04-10,61.86
35.25,-76.3,16.505,blended,2026-04-10,61.71
35.25,-76.25,16.521,blended,2026-04-10,61.74
35.25,-76.15,16.597,blended,2026-04-10,61.87
35.25,-76.1,16.724,blended,2026-04-10,62.1
35.25,-76.05,16.825,blended,2026-04-10,62.28
35.25,-76.0,16.794,blended,2026-04-10,62.23
35.25,-75.9,17.096,blended,2026-04-10,62.77
35.25,-75.85,17.322,blended,2026-04-10,63.18
35.25,-75.8,17.544,blended,2026-04-10,63.58
35.25,-75.75,17.757,blended,2026-04-10,63.96
35.25,-75.65,18.159,blended,2026-04-10,64.69
35.25,-75.6,18.355,blended,2026-04-10,65.04
35.25,-75.55,18.55,blended,2026-04-10,65.39
35.25,-75.5,18.745,blended,2026-04-10,65.74
35.25,-75.4,19.128,blended,2026-04-10,66.43
35.25,-75.35,19.32,blended,2026-04-10,66.78
35.25,-75.3,19.521,blended,2026-04-10,67.14
35.25,-75.25,19.743,blended,2026-04-10,67.54
35.25,-75.15,20.287,blended,2026-04-10,68.52
35.25,-75.1,20.627,blended,2026-04-10,69.13
35.25,-75.05,21.015,blended,2026-04-10,69.83
35.25,-75.0,21.436,blended,2026-04-10,70.58
35.25,-74.9,22.28,blended,2026-04-10,72.1
35.25,-74.85,22.665,blended,2026-04-10,72.8
35.25,-74.8,23.008,blended,2026-04-10,73.41
35.25,-74.75,23.304,blended,2026-04-10,73.95
35.25,-74.65,23.746,blended,2026-04-10,74.74
35.25,-74.6,23.91,blended,2026-04-10,75.04
35.25,-74.55,24.046,blended,2026-04-10,75.28
35.25,-74.5,24.155,blended,2026-04-10,75.48
35.25,-74.4,24.211,blended,2026-04-10,75.58
35.25,-74.35,24.097,blended,2026-04-10,75.37
35.25,-74.3,23.887,blended,2026-04-10,75.0
35.25,-74.25,23.623,blended,2026-04-10,74.52
35.25,-74.15,23.058,blended,2026-04-10,73.5
35.25,-74.1,22.745,blended,2026-04-10,72.94
35.25,-74.05,22.501,blended,2026-04-10,72.5
35.25,-74.0,22.608,blended,2026-04-10,72.69
35.3,-76.6,16.461,blended,2026-04-10,61.63
35.3,-76.55,16.703,blended,2026-04-10,62.07
35.3,-76.5,16.747,blended,2026-04-10,62.14
35.3,-76.4,16.628,blended,2026-04-10,61.93
35.3,-76.35,16.549,blended,2026-04-10,61.79
35.3,-76.3,16.441,blended,2026-04-10,61.59
35.3,-76.25,16.347,blended,2026-04-10,61.42
35.3,-76.15,16.383,blended,2026-04-10,61.49
35.3,-76.1,16.421,blended,2026-04-10,61.56
35.3,-76.05,16.438,blended,2026-04-10,61.59
35.3,-76.0,16.367,blended,2026-04-10,61.46
35.3,-75.9,16.564,blended,2026-04-10,61.82
35.3,-75.85,16.725,blended,2026-04-10,62.1
35.3,-75.8,16.88,blended,2026-04-10,62.38
35.3,-75.75,17.039,blended,2026-04-10,62.67
35.3,-75.65,17.422,blended,2026-04-10,63.36
35.3,-75.6,17.639,blended,2026-04-10,63.75
35.3,-75.55,17.857,blended,2026-04-10,64.14
35.3,-75.5,18.067,blended,2026-04-10,64.52
35.3,-75.4,18.452,blended,2026-04-10,65.21
35.3,-75.35,18.631,blended,2026-04-10,65.54
35.3,-75.3,18.817,blended,2026-04-10,65.87
35.3,-75.25,19.02,blended,2026-04-10,66.24
35.3,-75.15,19.55,blended,2026-04-10,67.19
35.3,-75.1,19.911,blended,2026-04-10,67.84
35.3,-75.05,20.33,blended,2026-04-10,68.59
35.3,-75.0,20.789,blended,2026-04-10,69.42
35.3,-74.9,21.737,blended,2026-04-10,71.13
35.3,-74.85,22.184,blended,2026-04-10,71.93
35.3,-74.8,22.594,blended,2026-04-10,72.67
35.3,-74.75,22.962,blended,2026-04-10,73.33
35.3,-74.65,23.568,blended,2026-04-10,74.42
35.3,-74.6,23.822,blended,2026-04-10,74.88
35.3,-74.55,24.018,blended,2026-04-10,75.23
35.3,-74.5,24.119,blended,2026-04-10,75.41
35.3,-74.4,24.166,blended,2026-04-10,75.5
35.3,-74.35,24.085,blended,2026-04-10,75.35
35.3,-74.3,23.934,blended,2026-04-10,75.08
35.3,-74.25,23.737,blended,2026-04-10,74.73
35.3,-74.15,23.258,blended,2026-04-10,73.86
35.3,-74.1,22.994,blended,2026-04-10,73.39
35.3,-74.05,22.803,blended,2026-04-10,73.05
35.3,-74.0,22.829,blended,2026-04-10,73.09
35.4,-76.9,15.511,blended,2026-04-10,59.92
35.4,-76.85,15.716,blended,2026-04-10,60.29
35.4,-76.8,15.771,blended,2026-04-10,60.39
35.4,-76.75,15.919,blended,2026-04-10,60.65
35.4,-76.65,16.198,blended,2026-04-10,61.16
35.4,-76.6,16.346,blended,2026-04-10,61.42
35.4,-76.55,16.429,blended,2026-04-10,61.57
35.4,-76.5,16.537,blended,2026-04-10,61.77
35.4,-76.4,16.406,blended,2026-04-10,61.53
35.4,-76.35,16.29,blended,2026-04-10,61.32
35.4,-76.1,15.846,blended,2026-04-10,60.52
35.4,-76.05,15.802,blended,2026-04-10,60.44
35.4,-76.0,15.745,blended,2026-04-10,60.34
35.4,-75.9,15.854,blended,2026-04-10,60.54
35.4,-75.85,15.928,blended,2026-04-10,60.67
35.4,-75.8,15.955,blended,2026-04-10,60.72
35.4,-75.75,16.009,blended,2026-04-10,60.82
35.4,-75.65,16.278,blended,2026-04-10,61.3
35.4,-75.6,16.453,blended,2026-04-10,61.62
35.4,-75.55,16.639,blended,2026-04-10,61.95
35.4,-75.5,16.854,blended,2026-04-10,62.34
35.4,-75.4,17.24,blended,2026-04-10,63.03
35.4,-75.35,17.402,blended,2026-04-10,63.32
35.4,-75.3,17.566,blended,2026-04-10,63.62
35.4,-75.25,17.752,blended,2026-04-10,63.95
35.4,-75.15,18.262,blended,2026-04-10,64.87
35.4,-75.1,18.612,blended,2026-04-10,65.5
35.4,-75.05,19.019,blended,2026-04-10,66.23
35.4,-75.0,19.471,blended,2026-04-10,67.05
35.4,-74.9,20.463,blended,2026-04-10,68.83
35.4,-74.85,20.984,blended,2026-04-10,69.77
35.4,-74.8,21.507,blended,2026-04-10,70.71
35.4,-74.75,22.015,blended,2026-04-10,71.63
35.4,-74.65,22.915,blended,2026-04-10,73.25
35.4,-74.6,23.286,blended,2026-04-10,73.91
35.4,-74.55,23.585,blended,2026-04-10,74.45
35.4,-74.5,23.804,blended,2026-04-10,74.85
35.4,-74.4,24.03,blended,2026-04-10,75.25
35.4,-74.35,24.045,blended,2026-04-10,75.28
35.4,-74.3,24.002,blended,2026-04-10,75.2
35.4,-74.25,23.91,blended,2026-04-10,75.04
35.4,-74.15,23.632,blended,2026-04-10,74.54
35.4,-74.1,23.462,blended,2026-04-10,74.23
35.4,-74.05,23.288,blended,2026-04-10,73.92
35.4,-74.0,23.164,blended,2026-04-10,73.7
35.45,-77.0,15.299,blended,2026-04-10,59.54
35.45,-76.9,15.49,blended,2026-04-10,59.88
35.45,-76.85,15.6,blended,2026-04-10,60.08
35.45,-76.8,15.69,blended,2026-04-10,60.24
35.45,-76.75,15.805,blended,2026-04-10,60.45
35.45,-76.6,16.153,blended,2026-04-10,61.08
35.45,-76.55,16.219,blended,2026-04-10,61.19
35.45,-76.5,16.163,blended,2026-04-10,61.09
35.45,-76.4,16.282,blended,2026-04-10,61.31
35.45,-76.05,15.739,blended,2026-04-10,60.33
35.45,-76.0,15.569,blended,2026-04-10,60.02
35.45,-75.9,15.739,blended,2026-04-10,60.33
35.45,-75.85,15.695,blended,2026-04-10,60.25
35.45,-75.8,15.614,blended,2026-04-10,60.11
35.45,-75.75,15.836,blended,2026-04-10,60.5
35.45,-75.65,16.031,blended,2026-04-10,60.86
35.45,-75.6,16.128,blended,2026-04-10,61.03
35.45,-75.55,16.254,blended,2026-04-10,61.26
35.45,-75.5,16.379,blended,2026-04-10,61.48
35.45,-75.4,16.722,blended,2026-04-10,62.1
35.45,-75.35,16.869,blended,2026-04-10,62.36
35.45,-75.3,17.024,blended,2026-04-10,62.64
35.45,-75.25,17.209,blended,2026-04-10,62.98
35.45,-75.15,17.716,blended,2026-04-10,63.89
35.45,-75.1,18.046,blended,2026-04-10,64.48
35.45,-75.05,18.42,blended,2026-04-10,65.16
35.45,-75.0,18.835,blended,2026-04-10,65.9
35.45,-74.9,19.788,blended,2026-04-10,67.62
35.45,-74.85,20.325,blended,2026-04-10,68.58
35.45,-74.8,20.886,blended,2026-04-10,69.59
35.45,-74.75,21.449,blended,2026-04-10,70.61
35.45,-74.65,22.496,blended,2026-04-10,72.49
35.45,-74.6,22.936,blended,2026-04-10,73.28
35.45,-74.55,23.304,blended,2026-04-10,73.95
35.45,-74.5,23.593,blended,2026-04-10,74.47
35.45,-74.4,23.943,blended,2026-04-10,75.1
35.45,-74.35,24.01,blended,2026-04-10,75.22
35.45,-74.3,24.014,blended,2026-04-10,75.23
35.45,-74.25,23.965,blended,2026-04-10,75.14
35.45,-74.15,23.758,blended,2026-04-10,74.76
35.45,-74.1,23.611,blended,2026-04-10,74.5
35.45,-74.05,23.445,blended,2026-04-10,74.2
35.45,-74.0,23.307,blended,2026-04-10,73.95
35.5,-77.0,15.264,blended,2026-04-10,59.48
35.5,-76.65,15.835,blended,2026-04-10,60.5
35.5,-76.6,15.934,blended,2026-04-10,60.68
35.5,-76.55,15.959,blended,2026-04-10,60.73
35.5,-76.5,15.99,blended,2026-04-10,60.78
35.5,-76.0,15.525,blended,2026-04-10,59.94
35.5,-75.9,15.685,blended,2026-04-10,60.23
35.5,-75.85,15.654,blended,2026-04-10,60.18
35.5,-75.8,15.351,blended,2026-04-10,59.63
35.5,-75.75,15.474,blended,2026-04-10,59.85
35.5,-75.65,15.949,blended,2026-04-10,60.71
35.5,-75.6,16.024,blended,2026-04-10,60.84
35.5,-75.55,16.044,blended,2026-04-10,60.88
35.5,-75.5,16.047,blended,2026-04-10,60.88
35.5,-75.4,16.26,blended,2026-04-10,61.27
35.5,-75.35,16.379,blended,2026-04-10,61.48
35.5,-75.3,16.522,blended,2026-04-10,61.74
35.5,-75.25,16.704,blended,2026-04-10,62.07
35.5,-75.15,17.214,blended,2026-04-10,62.99
35.5,-75.1,17.531,blended,2026-04-10,63.56
35.5,-75.05,17.879,blended,2026-04-10,64.18
35.5,-75.0,18.252,blended,2026-04-10,64.85
35.5,-74.9,19.115,blended,2026-04-10,66.41
35.5,-74.85,19.647,blended,2026-04-10,67.36
35.5,-74.8,20.242,blended,2026-04-10,68.44
35.5,-74.75,20.869,blended,2026-04-10,69.56
35.5,-74.65,22.067,blended,2026-04-10,71.72
35.5,-74.6,22.58,blended,2026-04-10,72.64
35.5,-74.55,23.016,blended,2026-04-10,73.43
35.5,-74.5,23.368,blended,2026-04-10,74.06
35.5,-74.4,23.835,blended,2026-04-10,74.9
35.5,-74.35,23.953,blended,2026-04-10,75.12
35.5,-74.3,24.001,blended,2026-04-10,75.2
35.5,-74.25,23.99,blended,2026-04-10,75.18
35.5,-74.15,23.84,blended,2026-04-10,74.91
35.5,-74.1,23.719,blended,2026-04-10,74.69
35.5,-74.05,23.576,blended,2026-04-10,74.44
35.5,-74.0,23.453,blended,2026-04-10,74.22
35.55,-76.65,15.72,blended,2026-04-10,60.3
35.55,-76.6,15.828,blended,2026-04-10,60.49
35.55,-76.55,15.879,blended,2026-04-10,60.58
35.55,-76.5,15.918,blended,2026-04-10,60.65
35.55,-75.9,15.468,blended,2026-04-10,59.84
35.55,-75.85,15.496,blended,2026-04-10,59.89
35.55,-75.8,15.372,blended,2026-04-10,59.67
35.55,-75.75,15.283,blended,2026-04-10,59.51
35.55,-75.65,15.672,blended,2026-04-10,60.21
35.55,-75.6,15.781,blended,2026-04-10,60.41
35.55,-75.55,15.746,blended,2026-04-10,60.34
35.55,-75.5,15.782,blended,2026-04-10,60.41
35.55,-75.4,15.831,blended,2026-04-10,60.5
35.55,-75.35,15.914,blended,2026-04-10,60.65
35.55,-75.3,16.041,blended,2026-04-10,60.87
35.55,-75.25,16.22,blended,2026-04-10,61.2
35.55,-75.15,16.743,blended,2026-04-10,62.14
35.55,-75.1,17.067,blended,2026-04-10,62.72
35.55,-75.05,17.41,blended,2026-04-10,63.34
35.55,-75.0,17.753,blended,2026-04-10,63.96
35.55,-74.9,18.45,blended,2026-04-10,65.21
35.55,-74.85,18.932,blended,2026-04-10,66.08
35.55,-74.8,19.57,blended,2026-04-10,67.23
35.55,-74.75,20.302,blended,2026-04-10,68.54
35.55,-74.65,21.654,blended,2026-04-10,70.98
35.55,-74.6,22.227,blended,2026-04-10,72.01
35.55,-74.55,22.721,blended,2026-04-10,72.9
35.55,-74.5,23.129,blended,2026-04-10,73.63
35.55,-74.4,23.698,blended,2026-04-10,74.66
35.55,-74.35,23.863,blended,2026-04-10,74.95
35.55,-74.3,23.953,blended,2026-04-10,75.12
35.55,-74.25,23.978,blended,2026-04-10,75.16
35.55,-74.15,23.882,blended,2026-04-10,74.99
35.55,-74.1,23.785,blended,2026-04-10,74.81
35.55,-74.05,23.67,blended,2026-04-10,74.61
35.55,-74.0,23.573,blended,2026-04-10,74.43
35.65,-76.1,15.112,blended,2026-04-10,59.2
35.65,-76.05,15.092,blended,2026-04-10,59.17
35.65,-76.0,15.079,blended,2026-04-10,59.14
35.65,-75.9,15.153,blended,2026-04-10,59.28
35.65,-75.75,14.92,blended,2026-04-10,58.86
35.65,-75.65,14.992,blended,2026-04-10,58.99
35.65,-75.6,14.985,blended,2026-04-10,58.97
35.65,-75.55,15.054,blended,2026-04-10,59.1
35.65,-75.5,15.009,blended,2026-04-10,59.02
35.65,-75.4,14.936,blended,2026-04-10,58.88
35.65,-75.35,14.977,blended,2026-04-10,58.96
35.65,-75.3,15.081,blended,2026-04-10,59.15
35.65,-75.25,15.257,blended,2026-04-10,59.46
35.65,-75.15,15.819,blended,2026-04-10,60.47
35.65,-75.1,16.191,blended,2026-04-10,61.14
35.65,-75.05,16.623,blended,2026-04-10,61.92
35.65,-75.0,17.091,blended,2026-04-10,62.76
35.65,-74.9,17.938,blended,2026-04-10,64.29
35.65,-74.85,18.36,blended,2026-04-10,65.05
35.65,-74.8,18.761,blended,2026-04-10,65.77
35.65,-74.75,19.375,blended,2026-04-10,66.88
35.65,-74.65,20.897,blended,2026-04-10,69.61
35.65,-74.6,21.53,blended,2026-04-10,70.75
35.65,-74.55,22.086,blended,2026-04-10,71.75
35.65,-74.5,22.566,blended,2026-04-10,72.62
35.65,-74.4,23.308,blended,2026-04-10,73.95
35.65,-74.35,23.56,blended,2026-04-10,74.41
35.65,-74.3,23.733,blended,2026-04-10,74.72
35.65,-74.25,23.832,blended,2026-04-10,74.9
35.65,-74.15,23.844,blended,2026-04-10,74.92
35.65,-74.1,23.786,blended,2026-04-10,74.81
35.65,-74.05,23.711,blended,2026-04-10,74.68
35.65,-74.0,23.652,blended,2026-04-10,74.57
35.7,-76.05,14.907,blended,2026-04-10,58.83
35.7,-76.0,14.92,blended,2026-04-10,58.86
35.7,-75.75,14.856,blended,2026-04-10,58.74
35.7,-75.65,14.724,blended,2026-04-10,58.5
35.7,-75.6,14.658,blended,2026-04-10,58.38
35.7,-75.55,14.607,blended,2026-04-10,58.29
35.7,-75.5,14.535,blended,2026-04-10,58.16
35.7,-75.4,14.444,blended,2026-04-10,58.0
35.7,-75.35,14.479,blended,2026-04-10,58.06
35.7,-75.3,14.579,blended,2026-04-10,58.24
35.7,-75.25,14.751,blended,2026-04-10,58.55
35.7,-75.15,15.311,blended,2026-04-10,59.56
35.7,-75.1,15.693,blended,2026-04-10,60.25
35.7,-75.05,16.154,blended,2026-04-10,61.08
35.7,-75.0,16.695,blended,2026-04-10,62.05
35.7,-74.9,17.874,blended,2026-04-10,64.17
35.7,-74.85,18.411,blended,2026-04-10,65.14
35.7,-74.8,18.784,blended,2026-04-10,65.81
35.7,-74.75,19.274,blended,2026-04-10,66.69
35.7,-74.65,20.535,blended,2026-04-10,68.96
35.7,-74.6,21.145,blended,2026-04-10,70.06
35.7,-74.55,21.705,blended,2026-04-10,71.07
35.7,-74.5,22.209,blended,2026-04-10,71.98
35.7,-74.4,23.032,blended,2026-04-10,73.46
35.7,-74.35,23.332,blended,2026-04-10,74.0
35.7,-74.3,23.553,blended,2026-04-10,74.4
35.7,-74.25,23.695,blended,2026-04-10,74.65
35.7,-74.15,23.768,blended,2026-04-10,74.78
35.7,-74.1,23.726,blended,2026-04-10,74.71
35.7,-74.05,23.66,blended,2026-04-10,74.59
35.7,-74.0,23.602,blended,2026-04-10,74.48
35.75,-76.05,14.711,blended,2026-04-10,58.48
35.75,-76.0,14.682,blended,2026-04-10,58.43
35.75,-75.75,14.606,blended,2026-04-10,58.29
35.75,-75.65,14.515,blended,2026-04-10,58.13
35.75,-75.6,14.352,blended,2026-04-10,57.83
35.75,-75.55,14.179,blended,2026-04-10,57.52
35.75,-75.5,14.042,blended,2026-04-10,57.28
35.75,-75.4,13.922,blended,2026-04-10,57.06
35.75,-75.35,13.956,blended,2026-04-10,57.12
35.75,-75.3,14.054,blended,2026-04-10,57.3
35.75,-75.25,14.219,blended,2026-04-10,57.59
35.75,-75.15,14.748,blended,2026-04-10,58.55
35.75,-75.1,15.111,blended,2026-04-10,59.2
35.75,-75.05,15.542,blended,2026-04-10,59.98
35.75,-75.0,16.042,blended,2026-04-10,60.88
35.75,-74.9,17.21,blended,2026-04-10,62.98
35.75,-74.85,17.84,blended,2026-04-10,64.11
35.75,-74.8,18.426,blended,2026-04-10,65.17
35.75,-74.75,18.97,blended,2026-04-10,66.15
35.75,-74.65,20.139,blended,2026-04-10,68.25
35.75,-74.6,20.693,blended,2026-04-10,69.25
35.75,-74.55,21.232,blended,2026-04-10,70.22
35.75,-74.5,21.757,blended,2026-04-10,71.16
35.75,-74.4,22.675,blended,2026-04-10,72.82
35.75,-74.35,23.035,blended,2026-04-10,73.46
35.75,-74.3,23.314,blended,2026-04-10,73.97
35.75,-74.25,23.508,blended,2026-04-10,74.31
35.75,-74.15,23.653,blended,2026-04-10,74.58
35.75,-74.1,23.632,blended,2026-04-10,74.54
35.75,-74.05,23.576,blended,2026-04-10,74.44
35.75,-74.0,23.519,blended,2026-04-10,74.33
35.8,-76.05,14.491,blended,2026-04-10,58.08
35.8,-76.0,14.47,blended,2026-04-10,58.05
35.8,-75.75,14.392,blended,2026-04-10,57.91
35.8,-75.65,14.216,blended,2026-04-10,57.59
35.8,-75.6,13.954,blended,2026-04-10,57.12
35.8,-75.55,13.705,blended,2026-04-10,56.67
35.8,-75.5,13.509,blended,2026-04-10,56.32
35.8,-75.4,13.377,blended,2026-04-10,56.08
35.8,-75.35,13.411,blended,2026-04-10,56.14
35.8,-75.3,13.506,blended,2026-04-10,56.31
35.8,-75.25,13.658,blended,2026-04-10,56.58
35.8,-75.15,14.136,blended,2026-04-10,57.44
35.8,-75.1,14.465,blended,2026-04-10,58.04
35.8,-75.05,14.85,blended,2026-04-10,58.73
35.8,-75.0,15.292,blended,2026-04-10,59.53
35.8,-74.9,16.347,blended,2026-04-10,61.42
35.8,-74.85,16.962,blended,2026-04-10,62.53
35.8,-74.8,17.617,blended,2026-04-10,63.71
35.8,-74.75,18.259,blended,2026-04-10,64.87
35.8,-74.65,19.701,blended,2026-04-10,67.46
35.8,-74.6,20.183,blended,2026-04-10,68.33
35.8,-74.55,20.638,blended,2026-04-10,69.15
35.8,-74.5,21.163,blended,2026-04-10,70.09
35.8,-74.4,22.192,blended,2026-04-10,71.95
35.8,-74.35,22.644,blended,2026-04-10,72.76
35.8,-74.3,23.004,blended,2026-04-10,73.41
35.8,-74.25,23.261,blended,2026-04-10,73.87
35.8,-74.15,23.495,blended,2026-04-10,74.29
35.8,-74.1,23.502,blended,2026-04-10,74.3
35.8,-74.05,23.465,blended,2026-04-10,74.24
35.8,-74.0,23.419,blended,2026-04-10,74.15
35.9,-76.3,14.2,blended,2026-04-10,57.56
35.9,-76.05,14.088,blended,2026-04-10,57.36
35.9,-76.0,13.988,blended,2026-04-10,57.18
35.9,-75.9,13.808,blended,2026-04-10,56.85
35.9,-75.8,13.49,blended,2026-04-10,56.28
35.9,-75.75,13.515,blended,2026-04-10,56.33
35.9,-75.65,13.032,blended,2026-04-10,55.46
35.9,-75.6,12.523,blended,2026-04-10,54.54
35.9,-75.55,12.356,blended,2026-04-10,54.24
35.9,-75.5,12.279,blended,2026-04-10,54.1
35.9,-75.4,12.264,blended,2026-04-10,54.08
35.9,-75.35,12.288,blended,2026-04-10,54.12
35.9,-75.3,12.353,blended,2026-04-10,54.24
35.9,-75.25,12.467,blended,2026-04-10,54.44
35.9,-75.15,12.845,blended,2026-04-10,55.12
35.9,-75.1,13.118,blended,2026-04-10,55.61
35.9,-75.05,13.452,blended,2026-04-10,56.21
35.9,-75.0,13.841,blended,2026-04-10,56.91
35.9,-74.9,14.734,blended,2026-04-10,58.52
35.9,-74.85,15.22,blended,2026-04-10,59.4
35.9,-74.8,15.747,blended,2026-04-10,60.34
35.9,-74.75,16.412,blended,2026-04-10,61.54
35.9,-74.65,18.352,blended,2026-04-10,65.03
35.9,-74.6,19.116,blended,2026-04-10,66.41
35.9,-74.55,19.666,blended,2026-04-10,67.4
35.9,-74.5,20.064,blended,2026-04-10,68.12
35.9,-74.4,20.931,blended,2026-04-10,69.68
35.9,-74.35,21.614,blended,2026-04-10,70.91
35.9,-74.3,22.179,blended,2026-04-10,71.92
35.9,-74.25,22.59,blended,2026-04-10,72.66
35.9,-74.15,23.035,blended,2026-04-10,73.46
35.9,-74.1,23.13,blended,2026-04-10,73.63
35.9,-74.05,23.171,blended,2026-04-10,73.71
35.9,-74.0,23.18,blended,2026-04-10,73.72
35.95,-76.75,14.198,blended,2026-04-10,57.56
35.95,-76.65,14.161,blended,2026-04-10,57.49
35.95,-76.6,14.154,blended,2026-04-10,57.48
35.95,-76.55,14.144,blended,2026-04-10,57.46
35.95,-76.5,14.123,blended,2026-04-10,57.42
35.95,-76.4,14.102,blended,2026-04-10,57.38
35.95,-76.35,14.098,blended,2026-04-10,57.38
35.95,-76.3,14.101,blended,2026-04-10,57.38
35.95,-76.25,14.155,blended,2026-04-10,57.48
35.95,-76.05,13.869,blended,2026-04-10,56.96
35.95,-76.0,13.761,blended,2026-04-10,56.77
35.95,-75.9,13.585,blended,2026-04-10,56.45
35.95,-75.85,13.518,blended,2026-04-10,56.33
35.95,-75.8,13.296,blended,2026-04-10,55.93
35.95,-75.75,13.173,blended,2026-04-10,55.71
35.95,-75.65,12.648,blended,2026-04-10,54.77
35.95,-75.6,12.11,blended,2026-04-10,53.8
35.95,-75.55,11.839,blended,2026-04-10,53.31
35.95,-75.5,11.778,blended,2026-04-10,53.2
35.95,-75.4,11.754,blended,2026-04-10,53.16
35.95,-75.35,11.754,blended,2026-04-10,53.16
35.95,-75.3,11.791,blended,2026-04-10,53.22
35.95,-75.25,11.879,blended,2026-04-10,53.38
35.95,-75.15,12.217,blended,2026-04-10,53.99
35.95,-75.1,12.48,blended,2026-04-10,54.46
35.95,-75.05,12.811,blended,2026-04-10,55.06
35.95,-75.0,13.203,blended,2026-04-10,55.77
35.95,-74.9,14.109,blended,2026-04-10,57.4
35.95,-74.85,14.607,blended,2026-04-10,58.29
35.95,-74.8,15.131,blended,2026-04-10,59.24
35.95,-74.75,15.76,blended,2026-04-10,60.37
35.95,-74.65,17.608,blended,2026-04-10,63.69
35.95,-74.6,18.541,blended,2026-04-10,65.37
35.95,-74.55,19.343,blended,2026-04-10,66.82
35.95,-74.5,19.915,blended,2026-04-10,67.85
35.95,-74.4,20.564,blended,2026-04-10,69.02
35.95,-74.35,21.151,blended,2026-04-10,70.07
35.95,-74.3,21.738,blended,2026-04-10,71.13
35.95,-74.25,22.187,blended,2026-04-10,71.94
35.95,-74.15,22.735,blended,2026-04-10,72.92
35.95,-74.1,22.886,blended,2026-04-10,73.19
35.95,-74.05,22.981,blended,2026-04-10,73.37
35.95,-74.0,23.029,blended,2026-04-10,73.45
36.0,-76.65,14.014,blended,2026-04-10,57.23
36.0,-76.6,14.019,blended,2026-04-10,57.23
36.0,-76.55,14.034,blended,2026-04-10,57.26
36.0,-76.5,14.02,blended,2026-04-10,57.24
36.0,-76.4,13.959,blended,2026-04-10,57.13
36.0,-76.35,13.946,blended,2026-04-10,57.1
36.0,-76.3,13.916,blended,2026-04-10,57.05
36.0,-76.25,13.874,blended,2026-04-10,56.97
36.0,-76.15,13.745,blended,2026-04-10,56.74
36.0,-76.1,13.68,blended,2026-04-10,56.62
36.0,-76.05,13.619,blended,2026-04-10,56.51
36.0,-76.0,13.559,blended,2026-04-10,56.41
36.0,-75.9,13.36,blended,2026-04-10,56.05
36.0,-75.85,13.231,blended,2026-04-10,55.82
36.0,-75.8,13.072,blended,2026-04-10,55.53
36.0,-75.75,12.875,blended,2026-04-10,55.18
36.0,-75.65,12.262,blended,2026-04-10,54.07
36.0,-75.6,12.015,blended,2026-04-10,53.63
36.0,-75.55,11.684,blended,2026-04-10,53.03
36.0,-75.5,11.474,blended,2026-04-10,52.65
36.0,-75.4,11.316,blended,2026-04-10,52.37
36.0,-75.35,11.286,blended,2026-04-10,52.31
36.0,-75.3,11.294,blended,2026-04-10,52.33
36.0,-75.25,11.355,blended,2026-04-10,52.44
36.0,-75.15,11.657,blended,2026-04-10,52.98
36.0,-75.1,11.9,blended,2026-04-10,53.42
36.0,-75.05,12.228,blended,2026-04-10,54.01
36.0,-75.0,12.634,blended,2026-04-10,54.74
36.0,-74.9,13.601,blended,2026-04-10,56.48
36.0,-74.85,14.139,blended,2026-04-10,57.45
36.0,-74.8,14.728,blended,2026-04-10,58.51
36.0,-74.75,15.404,blended,2026-04-10,59.73
36.0,-74.65,17.125,blended,2026-04-10,62.82
36.0,-74.6,18.049,blended,2026-04-10,64.49
36.0,-74.55,18.9,blended,2026-04-10,66.02
36.0,-74.5,19.596,blended,2026-04-10,67.27
36.0,-74.4,20.415,blended,2026-04-10,68.75
36.0,-74.35,20.824,blended,2026-04-10,69.48
36.0,-74.3,21.314,blended,2026-04-10,70.37
36.0,-74.25,21.748,blended,2026-04-10,71.15
36.0,-74.15,22.391,blended,2026-04-10,72.3
36.0,-74.1,22.603,blended,2026-04-10,72.69
36.0,-74.05,22.756,blended,2026-04-10,72.96
36.0,-74.0,22.848,blended,2026-04-10,73.13
36.05,-76.65,13.914,blended,2026-04-10,57.05
36.05,-76.6,13.891,blended,2026-04-10,57.0
36.05,-76.4,13.804,blended,2026-04-10,56.85
36.05,-76.35,13.776,blended,2026-04-10,56.8
36.05,-76.3,13.745,blended,2026-04-10,56.74
36.05,-76.25,13.706,blended,2026-04-10,56.67
36.05,-76.15,13.603,blended,2026-04-10,56.49
36.05,-76.1,13.536,blended,2026-04-10,56.36
36.05,-76.05,13.458,blended,2026-04-10,56.22
36.05,-76.0,13.37,blended,2026-04-10,56.07
36.05,-75.9,13.155,blended,2026-04-10,55.68
36.05,-75.85,13.015,blended,2026-04-10,55.43
36.05,-75.8,12.845,blended,2026-04-10,55.12
36.05,-75.75,12.677,blended,2026-04-10,54.82
36.05,-75.65,12.179,blended,2026-04-10,53.92
36.05,-75.6,11.856,blended,2026-04-10,53.34
36.05,-75.55,11.429,blended,2026-04-10,52.57
36.05,-75.5,11.158,blended,2026-04-10,52.08
36.05,-75.4,10.968,blended,2026-04-10,51.74
36.05,-75.35,10.923,blended,2026-04-10,51.66
36.05,-75.3,10.91,blended,2026-04-10,51.64
36.05,-75.25,10.96,blended,2026-04-10,51.73
36.05,-75.15,11.234,blended,2026-04-10,52.22
36.05,-75.1,11.416,blended,2026-04-10,52.55
36.05,-75.05,11.718,blended,2026-04-10,53.09
36.05,-75.0,12.136,blended,2026-04-10,53.84
36.05,-74.9,13.178,blended,2026-04-10,55.72
36.05,-74.85,13.77,blended,2026-04-10,56.79
36.05,-74.8,14.427,blended,2026-04-10,57.97
36.05,-74.75,15.154,blended,2026-04-10,59.28
36.05,-74.65,16.753,blended,2026-04-10,62.16
36.05,-74.6,17.583,blended,2026-04-10,63.65
36.05,-74.55,18.375,blended,2026-04-10,65.08
36.05,-74.5,19.083,blended,2026-04-10,66.35
36.05,-74.4,20.137,blended,2026-04-10,68.25
36.05,-74.35,20.516,blended,2026-04-10,68.93
36.05,-74.3,20.874,blended,2026-04-10,69.57
36.05,-74.25,21.255,blended,2026-04-10,70.26
36.05,-74.15,22.009,blended,2026-04-10,71.62
36.05,-74.1,22.279,blended,2026-04-10,72.1
36.05,-74.05,22.489,blended,2026-04-10,72.48
36.05,-74.0,22.625,blended,2026-04-10,72.72
36.15,-76.4,13.482,blended,2026-04-10,56.27
36.15,-76.35,13.516,blended,2026-04-10,56.33
36.15,-76.3,13.506,blended,2026-04-10,56.31
36.15,-76.25,13.358,blended,2026-04-10,56.04
36.15,-76.15,13.318,blended,2026-04-10,55.97
36.15,-76.1,13.271,blended,2026-04-10,55.89
36.15,-76.05,13.144,blended,2026-04-10,55.66
36.15,-76.0,13.06,blended,2026-04-10,55.51
36.15,-75.9,12.859,blended,2026-04-10,55.15
36.15,-75.85,12.761,blended,2026-04-10,54.97
36.15,-75.8,12.533,blended,2026-04-10,54.56
36.15,-75.75,12.304,blended,2026-04-10,54.15
36.15,-75.65,11.432,blended,2026-04-10,52.58
36.15,-75.6,10.861,blended,2026-04-10,51.55
36.15,-75.55,10.57,blended,2026-04-10,51.03
36.15,-75.5,10.521,blended,2026-04-10,50.94
36.15,-75.4,10.624,blended,2026-04-10,51.12
36.15,-75.35,10.7,blended,2026-04-10,51.26
36.15,-75.3,10.683,blended,2026-04-10,51.23
36.15,-75.25,10.724,blended,2026-04-10,51.3
36.15,-75.15,10.99,blended,2026-04-10,51.78
36.15,-75.1,11.112,blended,2026-04-10,52.0
36.15,-75.05,11.179,blended,2026-04-10,52.12
36.15,-75.0,11.405,blended,2026-04-10,52.53
36.15,-74.9,12.45,blended,2026-04-10,54.41
36.15,-74.85,13.128,blended,2026-04-10,55.63
36.15,-74.8,13.853,blended,2026-04-10,56.94
36.15,-74.75,14.589,blended,2026-04-10,58.26
36.15,-74.65,15.975,blended,2026-04-10,60.76
36.15,-74.6,16.605,blended,2026-04-10,61.89
36.15,-74.55,17.209,blended,2026-04-10,62.98
36.15,-74.5,17.799,blended,2026-04-10,64.04
36.15,-74.4,18.875,blended,2026-04-10,65.97
36.15,-74.35,19.354,blended,2026-04-10,66.84
36.15,-74.3,19.826,blended,2026-04-10,67.69
36.15,-74.25,20.298,blended,2026-04-10,68.54
36.15,-74.15,21.116,blended,2026-04-10,70.01
36.15,-74.1,21.466,blended,2026-04-10,70.64
36.15,-74.05,21.758,blended,2026-04-10,71.16
36.15,-74.0,21.974,blended,2026-04-10,71.55
36.2,-76.3,13.306,blended,2026-04-10,55.95
36.2,-76.25,13.315,blended,2026-04-10,55.97
36.2,-76.15,13.09,blended,2026-04-10,55.56
36.2,-76.1,13.05,blended,2026-04-10,55.49
36.2,-76.05,13.029,blended,2026-04-10,55.45
36.2,-76.0,13.012,blended,2026-04-10,55.42
36.2,-75.9,12.789,blended,2026-04-10,55.02
36.2,-75.85,12.618,blended,2026-04-10,54.71
36.2,-75.8,12.494,blended,2026-04-10,54.49
36.2,-75.75,12.206,blended,2026-04-10,53.97
36.2,-75.65,10.958,blended,2026-04-10,51.72
36.2,-75.6,10.536,blended,2026-04-10,50.96
36.2,-75.55,10.47,blended,2026-04-10,50.85
36.2,-75.5,10.451,blended,2026-04-10,50.81
36.2,-75.4,10.635,blended,2026-04-10,51.14
36.2,-75.35,10.723,blended,2026-04-10,51.3
36.2,-75.3,10.823,blended,2026-04-10,51.48
36.2,-75.25,10.805,blended,2026-04-10,51.45
36.2,-75.15,11.107,blended,2026-04-10,51.99
36.2,-75.1,11.212,blended,2026-04-10,52.18
36.2,-75.05,11.147,blended,2026-04-10,52.06
36.2,-75.0,11.177,blended,2026-04-10,52.12
36.2,-74.9,12.089,blended,2026-04-10,53.76
36.2,-74.85,12.775,blended,2026-04-10,55.0
36.2,-74.8,13.529,blended,2026-04-10,56.35
36.2,-74.75,14.279,blended,2026-04-10,57.7
36.2,-74.65,15.529,blended,2026-04-10,59.95
36.2,-74.6,16.049,blended,2026-04-10,60.89
36.2,-74.55,16.55,blended,2026-04-10,61.79
36.2,-74.5,17.054,blended,2026-04-10,62.7
36.2,-74.4,18.054,blended,2026-04-10,64.5
36.2,-74.35,18.551,blended,2026-04-10,65.39
36.2,-74.3,19.055,blended,2026-04-10,66.3
36.2,-74.25,19.559,blended,2026-04-10,67.21
36.2,-74.15,20.494,blended,2026-04-10,68.89
36.2,-74.1,20.885,blended,2026-04-10,69.59
36.2,-74.05,21.228,blended,2026-04-10,70.21
36.2,-74.0,21.489,blended,2026-04-10,70.68
36.25,-76.15,13.0,blended,2026-04-10,55.4
36.25,-76.1,12.996,blended,2026-04-10,55.39
36.25,-76.05,12.976,blended,2026-04-10,55.36
36.25,-75.9,12.754,blended,2026-04-10,54.96
36.25,-75.85,12.604,blended,2026-04-10,54.69
36.25,-75.8,12.48,blended,2026-04-10,54.46
36.25,-75.75,12.163,blended,2026-04-10,53.89
36.25,-75.65,10.946,blended,2026-04-10,51.7
36.25,-75.6,10.625,blended,2026-04-10,51.12
36.25,-75.55,10.541,blended,2026-04-10,50.97
36.25,-75.5,10.505,blended,2026-04-10,50.91
36.25,-75.4,10.777,blended,2026-04-10,51.4
36.25,-75.35,10.859,blended,2026-04-10,51.55
36.25,-75.3,10.931,blended,2026-04-10,51.68
36.25,-75.25,10.894,blended,2026-04-10,51.61
36.25,-75.15,11.146,blended,2026-04-10,52.06
36.25,-75.1,11.045,blended,2026-04-10,51.88
36.25,-75.05,10.928,blended,2026-04-10,51.67
36.25,-75.0,10.927,blended,2026-04-10,51.67
36.25,-74.9,11.703,blended,2026-04-10,53.07
36.25,-74.85,12.371,blended,2026-04-10,54.27
36.25,-74.8,13.11,blended,2026-04-10,55.6
36.25,-74.75,13.836,blended,2026-04-10,56.9
36.25,-74.65,14.983,blended,2026-04-10,58.97
36.25,-74.6,15.418,blended,2026-04-10,59.75
36.25,-74.55,15.827,blended,2026-04-10,60.49
36.25,-74.5,16.256,blended,2026-04-10,61.26
36.25,-74.4,17.175,blended,2026-04-10,62.92
36.25,-74.35,17.669,blended,2026-04-10,63.8
36.25,-74.3,18.184,blended,2026-04-10,64.73
36.25,-74.25,18.704,blended,2026-04-10,65.67
36.25,-74.15,19.696,blended,2026-04-10,67.45
36.25,-74.1,20.143,blended,2026-04-10,68.26
36.25,-74.05,20.558,blended,2026-04-10,69.0
36.25,-74.0,20.874,blended,2026-04-10,69.57
36.3,-76.15,12.963,blended,2026-04-10,55.33
36.3,-76.1,12.938,blended,2026-04-10,55.29
36.3,-75.9,12.637,blended,2026-04-10,54.75
36.3,-75.85,12.574,blended,2026-04-10,54.63
36.3,-75.8,12.367,blended,2026-04-10,54.26
36.3,-75.75,11.985,blended,2026-04-10,53.57
36.3,-75.65,10.942,blended,2026-04-10,51.7
36.3,-75.6,10.682,blended,2026-04-10,51.23
36.3,-75.55,10.627,blended,2026-04-10,51.13
36.3,-75.5,10.676,blended,2026-04-10,51.22
36.3,-75.4,10.86,blended,2026-04-10,51.55
36.3,-75.35,10.897,blended,2026-04-10,51.61
36.3,-75.3,10.869,blended,2026-04-10,51.56
36.3,-75.25,10.992,blended,2026-04-10,51.79
36.3,-75.15,11.21,blended,2026-04-10,52.18
36.3,-75.1,11.058,blended,2026-04-10,51.9
36.3,-75.05,10.901,blended,2026-04-10,51.62
36.3,-75.0,10.824,blended,2026-04-10,51.48
36.3,-74.9,11.332,blended,2026-04-10,52.4
36.3,-74.85,11.934,blended,2026-04-10,53.48
36.3,-74.8,12.607,blended,2026-04-10,54.69
36.3,-74.75,13.266,blended,2026-04-10,55.88
36.3,-74.65,14.324,blended,2026-04-10,57.78
36.3,-74.6,14.706,blended,2026-04-10,58.47
36.3,-74.55,15.055,blended,2026-04-10,59.1
36.3,-74.5,15.426,blended,2026-04-10,59.77
36.3,-74.4,16.267,blended,2026-04-10,61.28
36.3,-74.35,16.747,blended,2026-04-10,62.14
36.3,-74.3,17.261,blended,2026-04-10,63.07
36.3,-74.25,17.79,blended,2026-04-10,64.02
36.3,-74.15,18.823,blended,2026-04-10,65.88
36.3,-74.1,19.312,blended,2026-04-10,66.76
36.3,-74.05,19.783,blended,2026-04-10,67.61
36.3,-74.0,20.148,blended,2026-04-10,68.27
36.4,-76.0,12.618,blended,2026-04-10,54.71
36.4,-75.9,12.574,blended,2026-04-10,54.63
36.4,-75.85,12.49,blended,2026-04-10,54.48
36.4,-75.8,12.21,blended,2026-04-10,53.98
36.4,-75.75,11.599,blended,2026-04-10,52.88
36.4,-75.65,10.652,blended,2026-04-10,51.17
36.4,-75.6,10.571,blended,2026-04-10,51.03
36.4,-75.55,10.653,blended,2026-04-10,51.18
36.4,-75.5,10.873,blended,2026-04-10,51.57
36.4,-75.4,11.105,blended,2026-04-10,51.99
36.4,-75.35,11.041,blended,2026-04-10,51.87
36.4,-75.3,11.013,blended,2026-04-10,51.82
36.4,-75.25,11.246,blended,2026-04-10,52.24
36.4,-75.15,11.37,blended,2026-04-10,52.47
36.4,-75.1,11.16,blended,2026-04-10,52.09
36.4,-75.05,10.972,blended,2026-04-10,51.75
36.4,-75.0,10.856,blended,2026-04-10,51.54
36.4,-74.9,10.917,blended,2026-04-10,51.65
36.4,-74.85,11.13,blended,2026-04-10,52.03
36.4,-74.8,11.53,blended,2026-04-10,52.75
36.4,-74.75,11.999,blended,2026-04-10,53.6
36.4,-74.65,12.838,blended,2026-04-10,55.11
36.4,-74.6,13.18,blended,2026-04-10,55.72
36.4,-74.55,13.493,blended,2026-04-10,56.29
36.4,-74.5,13.805,blended,2026-04-10,56.85
36.4,-74.4,14.518,blended,2026-04-10,58.13
36.4,-74.35,14.956,blended,2026-04-10,58.92
36.4,-74.3,15.446,blended,2026-04-10,59.8
36.4,-74.25,15.967,blended,2026-04-10,60.74
36.4,-74.15,17.026,blended,2026-04-10,62.65
36.4,-74.1,17.551,blended,2026-04-10,63.59
36.4,-74.05,18.074,blended,2026-04-10,64.53
36.4,-74.0,18.492,blended,2026-04-10,65.29
36.45,-76.0,12.557,blended,2026-04-10,54.6
36.45,-75.9,12.525,blended,2026-04-10,54.54
36.45,-75.85,12.375,blended,2026-04-10,54.28
36.45,-75.8,12.109,blended,2026-04-10,53.8
36.45,-75.75,11.408,blended,2026-04-10,52.53
36.45,-75.65,10.635,blended,2026-04-10,51.14
36.45,-75.6,10.647,blended,2026-04-10,51.16
36.45,-75.55,10.74,blended,2026-04-10,51.33
36.45,-75.5,10.986,blended,2026-04-10,51.77
36.45,-75.4,11.225,blended,2026-04-10,52.2
36.45,-75.35,11.081,blended,2026-04-10,51.95
36.45,-75.3,10.993,blended,2026-04-10,51.79
36.45,-75.25,11.092,blended,2026-04-10,51.97
36.45,-75.15,11.171,blended,2026-04-10,52.11
36.45,-75.1,10.993,blended,2026-04-10,51.79
36.45,-75.05,10.921,blended,2026-04-10,51.66
36.45,-75.0,10.908,blended,2026-04-10,51.63
36.45,-74.9,10.831,blended,2026-04-10,51.5
36.45,-74.85,10.875,blended,2026-04-10,51.58
36.45,-74.8,11.077,blended,2026-04-10,51.94
36.45,-74.75,11.43,blended,2026-04-10,52.57
36.45,-74.65,12.173,blended,2026-04-10,53.91
36.45,-74.6,12.494,blended,2026-04-10,54.49
36.45,-74.55,12.788,blended,2026-04-10,55.02
36.45,-74.5,13.078,blended,2026-04-10,55.54
36.45,-74.4,13.744,blended,2026-04-10,56.74
36.45,-74.35,14.157,blended,2026-04-10,57.48
36.45,-74.3,14.621,blended,2026-04-10,58.32
36.45,-74.25,15.12,blended,2026-04-10,59.22
36.45,-74.15,16.151,blended,2026-04-10,61.07
36.45,-74.1,16.671,blended,2026-04-10,62.01
36.45,-74.05,17.194,blended,2026-04-10,62.95
36.45,-74.0,17.617,blended,2026-04-10,63.71
36.5,-76.05,12.511,blended,2026-04-10,54.52
36.5,-76.0,12.506,blended,2026-04-10,54.51
36.5,-75.9,12.486,blended,2026-04-10,54.47
36.5,-75.85,12.345,blended,2026-04-10,54.22
36.5,-75.8,12.033,blended,2026-04-10,53.66
36.5,-75.75,11.256,blended,2026-04-10,52.26
36.5,-75.65,10.701,blended,2026-04-10,51.26
36.5,-75.6,10.817,blended,2026-04-10,51.47
36.5,-75.55,11.0,blended,2026-04-10,51.8
36.5,-75.5,11.203,blended,2026-04-10,52.17
36.5,-75.4,11.267,blended,2026-04-10,52.28
36.5,-75.35,11.088,blended,2026-04-10,51.96
36.5,-75.3,10.958,blended,2026-04-10,51.72
36.5,-75.25,10.883,blended,2026-04-10,51.59
36.5,-75.15,10.796,blended,2026-04-10,51.43
36.5,-75.1,10.633,blended,2026-04-10,51.14
36.5,-75.05,10.67,blended,2026-04-10,51.21
36.5,-75.0,10.863,blended,2026-04-10,51.55
36.5,-74.9,10.818,blended,2026-04-10,51.47
36.5,-74.85,10.802,blended,2026-04-10,51.44
36.5,-74.8,10.854,blended,2026-04-10,51.54
36.5,-74.75,11.044,blended,2026-04-10,51.88
36.5,-74.65,11.718,blended,2026-04-10,53.09
36.5,-74.6,12.006,blended,2026-04-10,53.61
36.5,-74.55,12.275,blended,2026-04-10,54.1
36.5,-74.5,12.548,blended,2026-04-10,54.59
36.5,-74.4,13.179,blended,2026-04-10,55.72
36.5,-74.35,13.568,blended,2026-04-10,56.42
36.5,-74.3,14.008,blended,2026-04-10,57.21
36.5,-74.25,14.482,blended,2026-04-10,58.07
36.5,-74.15,15.475,blended,2026-04-10,59.86
36.5,-74.1,15.982,blended,2026-04-10,60.77
36.5,-74.05,16.497,blended,2026-04-10,61.69
36.5,-74.0,16.915,blended,2026-04-10,62.45
