lat,lon,ssh_m,sla_m,adt_m,source,date
33.8125,-78.8125,0.1694,0.1465,0.1694,CMEMS_ALT,2026-07-04
33.8125,-78.6875,0.1907,0.1686,0.1907,CMEMS_ALT,2026-07-04
33.8125,-78.5625,0.2379,0.1921,0.2379,CMEMS_ALT,2026-07-04
33.8125,-78.4375,0.2664,0.2153,0.2664,CMEMS_ALT,2026-07-04
33.8125,-78.3125,0.2782,0.2359,0.2782,CMEMS_ALT,2026-07-04
33.8125,-78.1875,0.2963,0.2519,0.2963,CMEMS_ALT,2026-07-04
33.8125,-78.0625,0.2807,0.2605,0.2807,CMEMS_ALT,2026-07-04
33.8125,-77.9375,0.2758,0.2597,0.2758,CMEMS_ALT,2026-07-04
33.8125,-77.8125,0.2678,0.2491,0.2678,CMEMS_ALT,2026-07-04
33.8125,-77.6875,0.2554,0.2306,0.2554,CMEMS_ALT,2026-07-04
33.8125,-77.5625,0.2361,0.2084,0.2361,CMEMS_ALT,2026-07-04
33.8125,-77.4375,0.211,0.1873,0.211,CMEMS_ALT,2026-07-04
33.8125,-77.3125,0.1906,0.1701,0.1906,CMEMS_ALT,2026-07-04
33.8125,-77.1875,0.1478,0.1564,0.1478,CMEMS_ALT,2026-07-04
33.8125,-77.0625,0.1309,0.1441,0.1309,CMEMS_ALT,2026-07-04
33.8125,-76.9375,0.1096,0.1303,0.1096,CMEMS_ALT,2026-07-04
33.8125,-76.8125,0.0888,0.112,0.0888,CMEMS_ALT,2026-07-04
33.8125,-76.6875,0.0688,0.0875,0.0688,CMEMS_ALT,2026-07-04
33.8125,-76.5625,0.06,0.0576,0.06,CMEMS_ALT,2026-07-04
33.8125,-76.4375,0.0593,0.0251,0.0593,CMEMS_ALT,2026-07-04
33.8125,-76.3125,0.0745,-0.0067,0.0745,CMEMS_ALT,2026-07-04
33.8125,-76.1875,0.1118,-0.036,0.1118,CMEMS_ALT,2026-07-04
33.8125,-76.0625,0.1691,-0.0622,0.1691,CMEMS_ALT,2026-07-04
33.8125,-75.9375,0.2384,-0.0844,0.2384,CMEMS_ALT,2026-07-04
33.8125,-75.8125,0.3128,-0.0993,0.3128,CMEMS_ALT,2026-07-04
33.8125,-75.6875,0.3878,-0.1027,0.3878,CMEMS_ALT,2026-07-04
33.8125,-75.5625,0.4668,-0.0921,0.4668,CMEMS_ALT,2026-07-04
33.8125,-75.4375,0.5412,-0.0704,0.5412,CMEMS_ALT,2026-07-04
33.8125,-75.3125,0.6061,-0.0454,0.6061,CMEMS_ALT,2026-07-04
33.8125,-75.1875,0.6624,-0.0262,0.6624,CMEMS_ALT,2026-07-04
33.8125,-75.0625,0.6945,-0.018,0.6945,CMEMS_ALT,2026-07-04
33.8125,-74.9375,0.7144,-0.0201,0.7144,CMEMS_ALT,2026-07-04
33.8125,-74.8125,0.724,-0.0278,0.724,CMEMS_ALT,2026-07-04
33.8125,-74.6875,0.7217,-0.036,0.7217,CMEMS_ALT,2026-07-04
33.8125,-74.5625,0.7178,-0.0419,0.7178,CMEMS_ALT,2026-07-04
33.8125,-74.4375,0.7119,-0.0446,0.7119,CMEMS_ALT,2026-07-04
33.8125,-74.3125,0.7108,-0.0438,0.7108,CMEMS_ALT,2026-07-04
33.8125,-74.1875,0.7112,-0.0401,0.7112,CMEMS_ALT,2026-07-04
33.8125,-74.0625,0.7119,-0.0343,0.7119,CMEMS_ALT,2026-07-04
33.8125,-73.9375,0.7106,-0.0267,0.7106,CMEMS_ALT,2026-07-04
33.8125,-73.8125,0.708,-0.0172,0.708,CMEMS_ALT,2026-07-04
33.8125,-73.6875,0.7079,-0.006,0.7079,CMEMS_ALT,2026-07-04
33.8125,-73.5625,0.7112,0.0067,0.7112,CMEMS_ALT,2026-07-04
33.8125,-73.4375,0.7183,0.0204,0.7183,CMEMS_ALT,2026-07-04
33.8125,-73.3125,0.7316,0.0345,0.7316,CMEMS_ALT,2026-07-04
33.8125,-73.1875,0.7457,0.0487,0.7457,CMEMS_ALT,2026-07-04
33.8125,-73.0625,0.7563,0.0625,0.7563,CMEMS_ALT,2026-07-04
33.8125,-72.9375,0.7608,0.0748,0.7608,CMEMS_ALT,2026-07-04
33.8125,-72.8125,0.7685,0.0843,0.7685,CMEMS_ALT,2026-07-04
33.8125,-72.6875,0.7768,0.0896,0.7768,CMEMS_ALT,2026-07-04
33.8125,-72.5625,0.7819,0.0899,0.7819,CMEMS_ALT,2026-07-04
33.8125,-72.4375,0.7807,0.0857,0.7807,CMEMS_ALT,2026-07-04
33.8125,-72.3125,0.775,0.0792,0.775,CMEMS_ALT,2026-07-04
33.9375,-78.4375,0.2289,0.2052,0.2289,CMEMS_ALT,2026-07-04
33.9375,-78.3125,0.2453,0.2255,0.2453,CMEMS_ALT,2026-07-04
33.9375,-78.1875,0.2619,0.2422,0.2619,CMEMS_ALT,2026-07-04
33.9375,-78.0625,0.2735,0.2523,0.2735,CMEMS_ALT,2026-07-04
33.9375,-77.9375,0.2681,0.253,0.2681,CMEMS_ALT,2026-07-04
33.9375,-77.8125,0.2585,0.2431,0.2585,CMEMS_ALT,2026-07-04
33.9375,-77.6875,0.2541,0.2249,0.2541,CMEMS_ALT,2026-07-04
33.9375,-77.5625,0.2388,0.2033,0.2388,CMEMS_ALT,2026-07-04
33.9375,-77.4375,0.2153,0.1841,0.2153,CMEMS_ALT,2026-07-04
33.9375,-77.3125,0.2022,0.1701,0.2022,CMEMS_ALT,2026-07-04
33.9375,-77.1875,0.1701,0.1608,0.1701,CMEMS_ALT,2026-07-04
33.9375,-77.0625,0.1437,0.1536,0.1437,CMEMS_ALT,2026-07-04
33.9375,-76.9375,0.1321,0.1445,0.1321,CMEMS_ALT,2026-07-04
33.9375,-76.8125,0.1105,0.1296,0.1105,CMEMS_ALT,2026-07-04
33.9375,-76.6875,0.0842,0.1067,0.0842,CMEMS_ALT,2026-07-04
33.9375,-76.5625,0.0585,0.0764,0.0585,CMEMS_ALT,2026-07-04
33.9375,-76.4375,0.0385,0.0418,0.0385,CMEMS_ALT,2026-07-04
33.9375,-76.3125,0.0337,0.0054,0.0337,CMEMS_ALT,2026-07-04
33.9375,-76.1875,0.0444,-0.0324,0.0444,CMEMS_ALT,2026-07-04
33.9375,-76.0625,0.0732,-0.0722,0.0732,CMEMS_ALT,2026-07-04
33.9375,-75.9375,0.1231,-0.1116,0.1231,CMEMS_ALT,2026-07-04
33.9375,-75.8125,0.1892,-0.1431,0.1892,CMEMS_ALT,2026-07-04
33.9375,-75.6875,0.262,-0.1565,0.262,CMEMS_ALT,2026-07-04
33.9375,-75.5625,0.3515,-0.1452,0.3515,CMEMS_ALT,2026-07-04
33.9375,-75.4375,0.4496,-0.1125,0.4496,CMEMS_ALT,2026-07-04
33.9375,-75.3125,0.5462,-0.0704,0.5462,CMEMS_ALT,2026-07-04
33.9375,-75.1875,0.6272,-0.0335,0.6272,CMEMS_ALT,2026-07-04
33.9375,-75.0625,0.6833,-0.0109,0.6833,CMEMS_ALT,2026-07-04
33.9375,-74.9375,0.7197,-0.0029,0.7197,CMEMS_ALT,2026-07-04
33.9375,-74.8125,0.7364,-0.0045,0.7364,CMEMS_ALT,2026-07-04
33.9375,-74.6875,0.7422,-0.0104,0.7422,CMEMS_ALT,2026-07-04
33.9375,-74.5625,0.7395,-0.0179,0.7395,CMEMS_ALT,2026-07-04
33.9375,-74.4375,0.7353,-0.0254,0.7353,CMEMS_ALT,2026-07-04
33.9375,-74.3125,0.7302,-0.0312,0.7302,CMEMS_ALT,2026-07-04
33.9375,-74.1875,0.7285,-0.0338,0.7285,CMEMS_ALT,2026-07-04
33.9375,-74.0625,0.7274,-0.0329,0.7274,CMEMS_ALT,2026-07-04
33.9375,-73.9375,0.7223,-0.0282,0.7223,CMEMS_ALT,2026-07-04
33.9375,-73.8125,0.7179,-0.0202,0.7179,CMEMS_ALT,2026-07-04
33.9375,-73.6875,0.7161,-0.0094,0.7161,CMEMS_ALT,2026-07-04
33.9375,-73.5625,0.7175,0.0033,0.7175,CMEMS_ALT,2026-07-04
33.9375,-73.4375,0.7248,0.0171,0.7248,CMEMS_ALT,2026-07-04
33.9375,-73.3125,0.7377,0.0318,0.7377,CMEMS_ALT,2026-07-04
33.9375,-73.1875,0.7547,0.0473,0.7547,CMEMS_ALT,2026-07-04
33.9375,-73.0625,0.7658,0.0633,0.7658,CMEMS_ALT,2026-07-04
33.9375,-72.9375,0.7806,0.0786,0.7806,CMEMS_ALT,2026-07-04
33.9375,-72.8125,0.7925,0.0913,0.7925,CMEMS_ALT,2026-07-04
33.9375,-72.6875,0.8013,0.0993,0.8013,CMEMS_ALT,2026-07-04
33.9375,-72.5625,0.8031,0.1007,0.8031,CMEMS_ALT,2026-07-04
33.9375,-72.4375,0.7994,0.0954,0.7994,CMEMS_ALT,2026-07-04
33.9375,-72.3125,0.7891,0.0861,0.7891,CMEMS_ALT,2026-07-04
34.0625,-77.9375,0.2558,0.2305,0.2558,CMEMS_ALT,2026-07-04
34.0625,-77.8125,0.2471,0.2204,0.2471,CMEMS_ALT,2026-07-04
34.0625,-77.6875,0.2194,0.204,0.2194,CMEMS_ALT,2026-07-04
34.0625,-77.5625,0.2085,0.187,0.2085,CMEMS_ALT,2026-07-04
34.0625,-77.4375,0.2138,0.1743,0.2138,CMEMS_ALT,2026-07-04
34.0625,-77.3125,0.2142,0.167,0.2142,CMEMS_ALT,2026-07-04
34.0625,-77.1875,0.1913,0.1633,0.1913,CMEMS_ALT,2026-07-04
34.0625,-77.0625,0.1621,0.1602,0.1621,CMEMS_ALT,2026-07-04
34.0625,-76.9375,0.1476,0.154,0.1476,CMEMS_ALT,2026-07-04
34.0625,-76.8125,0.119,0.1416,0.119,CMEMS_ALT,2026-07-04
34.0625,-76.6875,0.0883,0.1216,0.0883,CMEMS_ALT,2026-07-04
34.0625,-76.5625,0.0634,0.0955,0.0634,CMEMS_ALT,2026-07-04
34.0625,-76.4375,0.0383,0.0662,0.0383,CMEMS_ALT,2026-07-04
34.0625,-76.3125,0.0241,0.0348,0.0241,CMEMS_ALT,2026-07-04
34.0625,-76.1875,0.0215,-0.0015,0.0215,CMEMS_ALT,2026-07-04
34.0625,-76.0625,0.026,-0.0463,0.026,CMEMS_ALT,2026-07-04
34.0625,-75.9375,0.0507,-0.0978,0.0507,CMEMS_ALT,2026-07-04
34.0625,-75.8125,0.0932,-0.1454,0.0932,CMEMS_ALT,2026-07-04
34.0625,-75.6875,0.1609,-0.1725,0.1609,CMEMS_ALT,2026-07-04
34.0625,-75.5625,0.2572,-0.1675,0.2572,CMEMS_ALT,2026-07-04
34.0625,-75.4375,0.3701,-0.1314,0.3701,CMEMS_ALT,2026-07-04
34.0625,-75.3125,0.4908,-0.0789,0.4908,CMEMS_ALT,2026-07-04
34.0625,-75.1875,0.5974,-0.029,0.5974,CMEMS_ALT,2026-07-04
34.0625,-75.0625,0.6752,0.0055,0.6752,CMEMS_ALT,2026-07-04
34.0625,-74.9375,0.7265,0.0226,0.7265,CMEMS_ALT,2026-07-04
34.0625,-74.8125,0.7533,0.0267,0.7533,CMEMS_ALT,2026-07-04
34.0625,-74.6875,0.7689,0.0227,0.7689,CMEMS_ALT,2026-07-04
34.0625,-74.5625,0.7726,0.0131,0.7726,CMEMS_ALT,2026-07-04
34.0625,-74.4375,0.763,-0.0004,0.763,CMEMS_ALT,2026-07-04
34.0625,-74.3125,0.7509,-0.0143,0.7509,CMEMS_ALT,2026-07-04
34.0625,-74.1875,0.7417,-0.0251,0.7417,CMEMS_ALT,2026-07-04
34.0625,-74.0625,0.7353,-0.0303,0.7353,CMEMS_ALT,2026-07-04
34.0625,-73.9375,0.733,-0.0291,0.733,CMEMS_ALT,2026-07-04
34.0625,-73.8125,0.7267,-0.0221,0.7267,CMEMS_ALT,2026-07-04
34.0625,-73.6875,0.7246,-0.0108,0.7246,CMEMS_ALT,2026-07-04
34.0625,-73.5625,0.7281,0.0027,0.7281,CMEMS_ALT,2026-07-04
34.0625,-73.4375,0.7409,0.0171,0.7409,CMEMS_ALT,2026-07-04
34.0625,-73.3125,0.7531,0.0322,0.7531,CMEMS_ALT,2026-07-04
34.0625,-73.1875,0.7691,0.0482,0.7691,CMEMS_ALT,2026-07-04
34.0625,-73.0625,0.7864,0.065,0.7864,CMEMS_ALT,2026-07-04
34.0625,-72.9375,0.802,0.0815,0.802,CMEMS_ALT,2026-07-04
34.0625,-72.8125,0.8161,0.0958,0.8161,CMEMS_ALT,2026-07-04
34.0625,-72.6875,0.8245,0.1055,0.8245,CMEMS_ALT,2026-07-04
34.0625,-72.5625,0.8252,0.108,0.8252,CMEMS_ALT,2026-07-04
34.0625,-72.4375,0.8169,0.1027,0.8169,CMEMS_ALT,2026-07-04
34.0625,-72.3125,0.8019,0.0919,0.8019,CMEMS_ALT,2026-07-04
34.1875,-77.9375,0.2215,0.193,0.2215,CMEMS_ALT,2026-07-04
34.1875,-77.8125,0.22,0.1826,0.22,CMEMS_ALT,2026-07-04
34.1875,-77.6875,0.2045,0.1706,0.2045,CMEMS_ALT,2026-07-04
34.1875,-77.5625,0.1881,0.1625,0.1881,CMEMS_ALT,2026-07-04
34.1875,-77.4375,0.1963,0.1611,0.1963,CMEMS_ALT,2026-07-04
34.1875,-77.3125,0.2125,0.1641,0.2125,CMEMS_ALT,2026-07-04
34.1875,-77.1875,0.2108,0.1675,0.2108,CMEMS_ALT,2026-07-04
34.1875,-77.0625,0.1867,0.1678,0.1867,CMEMS_ALT,2026-07-04
34.1875,-76.9375,0.1572,0.1627,0.1572,CMEMS_ALT,2026-07-04
34.1875,-76.8125,0.1193,0.1512,0.1193,CMEMS_ALT,2026-07-04
34.1875,-76.6875,0.0974,0.1341,0.0974,CMEMS_ALT,2026-07-04
34.1875,-76.5625,0.0766,0.114,0.0766,CMEMS_ALT,2026-07-04
34.1875,-76.4375,0.0572,0.0941,0.0572,CMEMS_ALT,2026-07-04
34.1875,-76.3125,0.0421,0.0742,0.0421,CMEMS_ALT,2026-07-04
34.1875,-76.1875,0.0263,0.0484,0.0263,CMEMS_ALT,2026-07-04
34.1875,-76.0625,0.0177,0.0095,0.0177,CMEMS_ALT,2026-07-04
34.1875,-75.9375,0.0226,-0.0435,0.0226,CMEMS_ALT,2026-07-04
34.1875,-75.8125,0.0467,-0.0995,0.0467,CMEMS_ALT,2026-07-04
34.1875,-75.6875,0.1049,-0.1385,0.1049,CMEMS_ALT,2026-07-04
34.1875,-75.5625,0.197,-0.1438,0.197,CMEMS_ALT,2026-07-04
34.1875,-75.4375,0.3135,-0.1132,0.3135,CMEMS_ALT,2026-07-04
34.1875,-75.3125,0.4465,-0.0606,0.4465,CMEMS_ALT,2026-07-04
34.1875,-75.1875,0.5701,-0.0066,0.5701,CMEMS_ALT,2026-07-04
34.1875,-75.0625,0.6591,0.0337,0.6591,CMEMS_ALT,2026-07-04
34.1875,-74.9375,0.7247,0.0562,0.7247,CMEMS_ALT,2026-07-04
34.1875,-74.8125,0.7686,0.064,0.7686,CMEMS_ALT,2026-07-04
34.1875,-74.6875,0.7943,0.0609,0.7943,CMEMS_ALT,2026-07-04
34.1875,-74.5625,0.8033,0.0486,0.8033,CMEMS_ALT,2026-07-04
34.1875,-74.4375,0.7933,0.0289,0.7933,CMEMS_ALT,2026-07-04
34.1875,-74.3125,0.7759,0.0064,0.7759,CMEMS_ALT,2026-07-04
34.1875,-74.1875,0.7623,-0.013,0.7623,CMEMS_ALT,2026-07-04
34.1875,-74.0625,0.7476,-0.0249,0.7476,CMEMS_ALT,2026-07-04
34.1875,-73.9375,0.7422,-0.0273,0.7422,CMEMS_ALT,2026-07-04
34.1875,-73.8125,0.7381,-0.0209,0.7381,CMEMS_ALT,2026-07-04
34.1875,-73.6875,0.7424,-0.0085,0.7424,CMEMS_ALT,2026-07-04
34.1875,-73.5625,0.7489,0.0069,0.7489,CMEMS_ALT,2026-07-04
34.1875,-73.4375,0.7616,0.0227,0.7616,CMEMS_ALT,2026-07-04
34.1875,-73.3125,0.7784,0.0384,0.7784,CMEMS_ALT,2026-07-04
34.1875,-73.1875,0.7936,0.0543,0.7936,CMEMS_ALT,2026-07-04
34.1875,-73.0625,0.8098,0.0704,0.8098,CMEMS_ALT,2026-07-04
34.1875,-72.9375,0.8252,0.0863,0.8252,CMEMS_ALT,2026-07-04
34.1875,-72.8125,0.8371,0.1004,0.8371,CMEMS_ALT,2026-07-04
34.1875,-72.6875,0.8457,0.1103,0.8457,CMEMS_ALT,2026-07-04
34.1875,-72.5625,0.8453,0.1134,0.8453,CMEMS_ALT,2026-07-04
34.1875,-72.4375,0.8342,0.1084,0.8342,CMEMS_ALT,2026-07-04
34.1875,-72.3125,0.8162,0.0968,0.8162,CMEMS_ALT,2026-07-04
34.3125,-77.8125,0.1749,0.1427,0.1749,CMEMS_ALT,2026-07-04
34.3125,-77.6875,0.1854,0.1368,0.1854,CMEMS_ALT,2026-07-04
34.3125,-77.5625,0.1855,0.1394,0.1855,CMEMS_ALT,2026-07-04
34.3125,-77.4375,0.2017,0.15,0.2017,CMEMS_ALT,2026-07-04
34.3125,-77.3125,0.2132,0.1632,0.2132,CMEMS_ALT,2026-07-04
34.3125,-77.1875,0.231,0.1725,0.231,CMEMS_ALT,2026-07-04
34.3125,-77.0625,0.1994,0.1747,0.1994,CMEMS_ALT,2026-07-04
34.3125,-76.9375,0.1903,0.1696,0.1903,CMEMS_ALT,2026-07-04
34.3125,-76.8125,0.1437,0.1588,0.1437,CMEMS_ALT,2026-07-04
34.3125,-76.6875,0.1071,0.1449,0.1071,CMEMS_ALT,2026-07-04
34.3125,-76.5625,0.0925,0.1312,0.0925,CMEMS_ALT,2026-07-04
34.3125,-76.4375,0.0767,0.1211,0.0767,CMEMS_ALT,2026-07-04
34.3125,-76.3125,0.0705,0.1137,0.0705,CMEMS_ALT,2026-07-04
34.3125,-76.1875,0.0498,0.1019,0.0498,CMEMS_ALT,2026-07-04
34.3125,-76.0625,0.0371,0.0762,0.0371,CMEMS_ALT,2026-07-04
34.3125,-75.9375,0.029,0.0328,0.029,CMEMS_ALT,2026-07-04
34.3125,-75.8125,0.0409,-0.0199,0.0409,CMEMS_ALT,2026-07-04
34.3125,-75.6875,0.0892,-0.0623,0.0892,CMEMS_ALT,2026-07-04
34.3125,-75.5625,0.1767,-0.076,0.1767,CMEMS_ALT,2026-07-04
34.3125,-75.4375,0.2855,-0.0555,0.2855,CMEMS_ALT,2026-07-04
34.3125,-75.3125,0.4229,-0.0117,0.4229,CMEMS_ALT,2026-07-04
34.3125,-75.1875,0.5456,0.0366,0.5456,CMEMS_ALT,2026-07-04
34.3125,-75.0625,0.6497,0.0745,0.6497,CMEMS_ALT,2026-07-04
34.3125,-74.9375,0.7303,0.0964,0.7303,CMEMS_ALT,2026-07-04
34.3125,-74.8125,0.7812,0.1037,0.7812,CMEMS_ALT,2026-07-04
34.3125,-74.6875,0.8117,0.0989,0.8117,CMEMS_ALT,2026-07-04
34.3125,-74.5625,0.8256,0.0827,0.8256,CMEMS_ALT,2026-07-04
34.3125,-74.4375,0.8208,0.0571,0.8208,CMEMS_ALT,2026-07-04
34.3125,-74.3125,0.8041,0.0273,0.8041,CMEMS_ALT,2026-07-04
34.3125,-74.1875,0.7833,0.0008,0.7833,CMEMS_ALT,2026-07-04
34.3125,-74.0625,0.7653,-0.0165,0.7653,CMEMS_ALT,2026-07-04
34.3125,-73.9375,0.7597,-0.0217,0.7597,CMEMS_ALT,2026-07-04
34.3125,-73.8125,0.757,-0.0154,0.757,CMEMS_ALT,2026-07-04
34.3125,-73.6875,0.7654,-0.0012,0.7654,CMEMS_ALT,2026-07-04
34.3125,-73.5625,0.7822,0.0165,0.7822,CMEMS_ALT,2026-07-04
34.3125,-73.4375,0.7953,0.0344,0.7953,CMEMS_ALT,2026-07-04
34.3125,-73.3125,0.8104,0.051,0.8104,CMEMS_ALT,2026-07-04
34.3125,-73.1875,0.8275,0.0666,0.8275,CMEMS_ALT,2026-07-04
34.3125,-73.0625,0.8417,0.0814,0.8417,CMEMS_ALT,2026-07-04
34.3125,-72.9375,0.8558,0.0954,0.8558,CMEMS_ALT,2026-07-04
34.3125,-72.8125,0.8628,0.1077,0.8628,CMEMS_ALT,2026-07-04
34.3125,-72.6875,0.8702,0.1164,0.8702,CMEMS_ALT,2026-07-04
34.3125,-72.5625,0.8694,0.1189,0.8694,CMEMS_ALT,2026-07-04
34.3125,-72.4375,0.8588,0.114,0.8588,CMEMS_ALT,2026-07-04
34.3125,-72.3125,0.8378,0.1021,0.8378,CMEMS_ALT,2026-07-04
34.4375,-77.6875,0.1558,0.1174,0.1558,CMEMS_ALT,2026-07-04
34.4375,-77.5625,0.1695,0.1283,0.1695,CMEMS_ALT,2026-07-04
34.4375,-77.4375,0.193,0.1471,0.193,CMEMS_ALT,2026-07-04
34.4375,-77.3125,0.2192,0.1658,0.2192,CMEMS_ALT,2026-07-04
34.4375,-77.1875,0.2337,0.1773,0.2337,CMEMS_ALT,2026-07-04
34.4375,-77.0625,0.222,0.1795,0.222,CMEMS_ALT,2026-07-04
34.4375,-76.9375,0.2021,0.1745,0.2021,CMEMS_ALT,2026-07-04
34.4375,-76.8125,0.17,0.166,0.17,CMEMS_ALT,2026-07-04
34.4375,-76.6875,0.1302,0.157,0.1302,CMEMS_ALT,2026-07-04
34.4375,-76.5625,0.1129,0.1502,0.1129,CMEMS_ALT,2026-07-04
34.4375,-76.4375,0.0996,0.1477,0.0996,CMEMS_ALT,2026-07-04
34.4375,-76.3125,0.0923,0.1487,0.0923,CMEMS_ALT,2026-07-04
34.4375,-76.1875,0.0854,0.1475,0.0854,CMEMS_ALT,2026-07-04
34.4375,-76.0625,0.0759,0.135,0.0759,CMEMS_ALT,2026-07-04
34.4375,-75.9375,0.0678,0.1063,0.0678,CMEMS_ALT,2026-07-04
34.4375,-75.8125,0.0716,0.0663,0.0716,CMEMS_ALT,2026-07-04
34.4375,-75.6875,0.1046,0.0305,0.1046,CMEMS_ALT,2026-07-04
34.4375,-75.5625,0.1777,0.0151,0.1777,CMEMS_ALT,2026-07-04
34.4375,-75.4375,0.2779,0.0267,0.2779,CMEMS_ALT,2026-07-04
34.4375,-75.3125,0.4052,0.0583,0.4052,CMEMS_ALT,2026-07-04
34.4375,-75.1875,0.5343,0.0949,0.5343,CMEMS_ALT,2026-07-04
34.4375,-75.0625,0.6457,0.1239,0.6457,CMEMS_ALT,2026-07-04
34.4375,-74.9375,0.732,0.1397,0.732,CMEMS_ALT,2026-07-04
34.4375,-74.8125,0.7908,0.1422,0.7908,CMEMS_ALT,2026-07-04
34.4375,-74.6875,0.8294,0.1326,0.8294,CMEMS_ALT,2026-07-04
34.4375,-74.5625,0.8443,0.1112,0.8443,CMEMS_ALT,2026-07-04
34.4375,-74.4375,0.8433,0.0802,0.8433,CMEMS_ALT,2026-07-04
34.4375,-74.3125,0.8279,0.0453,0.8279,CMEMS_ALT,2026-07-04
34.4375,-74.1875,0.8068,0.0144,0.8068,CMEMS_ALT,2026-07-04
34.4375,-74.0625,0.7875,-0.006,0.7875,CMEMS_ALT,2026-07-04
34.4375,-73.9375,0.7803,-0.0124,0.7803,CMEMS_ALT,2026-07-04
34.4375,-73.8125,0.7848,-0.0056,0.7848,CMEMS_ALT,2026-07-04
34.4375,-73.6875,0.7977,0.0105,0.7977,CMEMS_ALT,2026-07-04
34.4375,-73.5625,0.8172,0.0306,0.8172,CMEMS_ALT,2026-07-04
34.4375,-73.4375,0.8344,0.0505,0.8344,CMEMS_ALT,2026-07-04
34.4375,-73.3125,0.8484,0.0684,0.8484,CMEMS_ALT,2026-07-04
34.4375,-73.1875,0.8663,0.0839,0.8663,CMEMS_ALT,2026-07-04
34.4375,-73.0625,0.8812,0.0976,0.8812,CMEMS_ALT,2026-07-04
34.4375,-72.9375,0.8908,0.1096,0.8908,CMEMS_ALT,2026-07-04
34.4375,-72.8125,0.8971,0.1195,0.8971,CMEMS_ALT,2026-07-04
34.4375,-72.6875,0.9008,0.1258,0.9008,CMEMS_ALT,2026-07-04
34.4375,-72.5625,0.8971,0.1268,0.8971,CMEMS_ALT,2026-07-04
34.4375,-72.4375,0.8844,0.1213,0.8844,CMEMS_ALT,2026-07-04
34.4375,-72.3125,0.8635,0.1093,0.8635,CMEMS_ALT,2026-07-04
34.5625,-77.4375,0.1998,0.1548,0.1998,CMEMS_ALT,2026-07-04
34.5625,-77.3125,0.2156,0.1739,0.2156,CMEMS_ALT,2026-07-04
34.5625,-77.1875,0.2528,0.1844,0.2528,CMEMS_ALT,2026-07-04
34.5625,-77.0625,0.2404,0.1859,0.2404,CMEMS_ALT,2026-07-04
34.5625,-76.9375,0.2218,0.1823,0.2218,CMEMS_ALT,2026-07-04
34.5625,-76.8125,0.1894,0.1783,0.1894,CMEMS_ALT,2026-07-04
34.5625,-76.6875,0.1497,0.1762,0.1497,CMEMS_ALT,2026-07-04
34.5625,-76.5625,0.1409,0.1762,0.1409,CMEMS_ALT,2026-07-04
34.5625,-76.4375,0.1295,0.1783,0.1295,CMEMS_ALT,2026-07-04
34.5625,-76.3125,0.1176,0.1818,0.1176,CMEMS_ALT,2026-07-04
34.5625,-76.1875,0.1127,0.1834,0.1127,CMEMS_ALT,2026-07-04
34.5625,-76.0625,0.1076,0.1774,0.1076,CMEMS_ALT,2026-07-04
34.5625,-75.9375,0.0993,0.1604,0.0993,CMEMS_ALT,2026-07-04
34.5625,-75.8125,0.1004,0.1346,0.1004,CMEMS_ALT,2026-07-04
34.5625,-75.6875,0.1244,0.1102,0.1244,CMEMS_ALT,2026-07-04
34.5625,-75.5625,0.1621,0.0989,0.1621,CMEMS_ALT,2026-07-04
34.5625,-75.4375,0.2625,0.1061,0.2625,CMEMS_ALT,2026-07-04
34.5625,-75.3125,0.3882,0.1276,0.3882,CMEMS_ALT,2026-07-04
34.5625,-75.1875,0.5158,0.153,0.5158,CMEMS_ALT,2026-07-04
34.5625,-75.0625,0.6269,0.1724,0.6269,CMEMS_ALT,2026-07-04
34.5625,-74.9375,0.7182,0.1809,0.7182,CMEMS_ALT,2026-07-04
34.5625,-74.8125,0.786,0.1772,0.786,CMEMS_ALT,2026-07-04
34.5625,-74.6875,0.8252,0.1616,0.8252,CMEMS_ALT,2026-07-04
34.5625,-74.5625,0.8455,0.1347,0.8455,CMEMS_ALT,2026-07-04
34.5625,-74.4375,0.8461,0.0993,0.8461,CMEMS_ALT,2026-07-04
34.5625,-74.3125,0.8377,0.0614,0.8377,CMEMS_ALT,2026-07-04
34.5625,-74.1875,0.8193,0.0285,0.8193,CMEMS_ALT,2026-07-04
34.5625,-74.0625,0.807,0.0071,0.807,CMEMS_ALT,2026-07-04
34.5625,-73.9375,0.8051,0.0005,0.8051,CMEMS_ALT,2026-07-04
34.5625,-73.8125,0.8103,0.0078,0.8103,CMEMS_ALT,2026-07-04
34.5625,-73.6875,0.8287,0.0251,0.8287,CMEMS_ALT,2026-07-04
34.5625,-73.5625,0.8484,0.0468,0.8484,CMEMS_ALT,2026-07-04
34.5625,-73.4375,0.8684,0.0685,0.8684,CMEMS_ALT,2026-07-04
34.5625,-73.3125,0.8864,0.0877,0.8864,CMEMS_ALT,2026-07-04
34.5625,-73.1875,0.9026,0.104,0.9026,CMEMS_ALT,2026-07-04
34.5625,-73.0625,0.9175,0.1175,0.9175,CMEMS_ALT,2026-07-04
34.5625,-72.9375,0.9255,0.1283,0.9255,CMEMS_ALT,2026-07-04
34.5625,-72.8125,0.93,0.1362,0.93,CMEMS_ALT,2026-07-04
34.5625,-72.6875,0.9298,0.1401,0.9298,CMEMS_ALT,2026-07-04
34.5625,-72.5625,0.9244,0.1389,0.9244,CMEMS_ALT,2026-07-04
34.5625,-72.4375,0.9127,0.1322,0.9127,CMEMS_ALT,2026-07-04
34.5625,-72.3125,0.894,0.1201,0.894,CMEMS_ALT,2026-07-04
34.6875,-77.1875,0.2393,0.1996,0.2393,CMEMS_ALT,2026-07-04
34.6875,-77.0625,0.2586,0.2018,0.2586,CMEMS_ALT,2026-07-04
34.6875,-76.9375,0.2552,0.2011,0.2552,CMEMS_ALT,2026-07-04
34.6875,-76.8125,0.244,0.2023,0.244,CMEMS_ALT,2026-07-04
34.6875,-76.6875,0.1967,0.2065,0.1967,CMEMS_ALT,2026-07-04
34.6875,-76.5625,0.186,0.2116,0.186,CMEMS_ALT,2026-07-04
34.6875,-76.4375,0.1756,0.2153,0.1756,CMEMS_ALT,2026-07-04
34.6875,-76.3125,0.1554,0.2164,0.1554,CMEMS_ALT,2026-07-04
34.6875,-76.1875,0.1387,0.2139,0.1387,CMEMS_ALT,2026-07-04
34.6875,-76.0625,0.1275,0.2063,0.1275,CMEMS_ALT,2026-07-04
34.6875,-75.9375,0.1179,0.193,0.1179,CMEMS_ALT,2026-07-04
34.6875,-75.8125,0.1176,0.1755,0.1176,CMEMS_ALT,2026-07-04
34.6875,-75.6875,0.1056,0.1597,0.1056,CMEMS_ALT,2026-07-04
34.6875,-75.5625,0.1503,0.153,0.1503,CMEMS_ALT,2026-07-04
34.6875,-75.4375,0.2348,0.1589,0.2348,CMEMS_ALT,2026-07-04
34.6875,-75.3125,0.3425,0.1747,0.3425,CMEMS_ALT,2026-07-04
34.6875,-75.1875,0.462,0.1936,0.462,CMEMS_ALT,2026-07-04
34.6875,-75.0625,0.5786,0.208,0.5786,CMEMS_ALT,2026-07-04
34.6875,-74.9375,0.6808,0.213,0.6808,CMEMS_ALT,2026-07-04
34.6875,-74.8125,0.7556,0.2062,0.7556,CMEMS_ALT,2026-07-04
34.6875,-74.6875,0.8052,0.1871,0.8052,CMEMS_ALT,2026-07-04
34.6875,-74.5625,0.8286,0.1566,0.8286,CMEMS_ALT,2026-07-04
34.6875,-74.4375,0.8414,0.1186,0.8414,CMEMS_ALT,2026-07-04
34.6875,-74.3125,0.8376,0.0792,0.8376,CMEMS_ALT,2026-07-04
34.6875,-74.1875,0.8319,0.0457,0.8319,CMEMS_ALT,2026-07-04
34.6875,-74.0625,0.825,0.024,0.825,CMEMS_ALT,2026-07-04
34.6875,-73.9375,0.8281,0.0171,0.8281,CMEMS_ALT,2026-07-04
34.6875,-73.8125,0.8344,0.0244,0.8344,CMEMS_ALT,2026-07-04
34.6875,-73.6875,0.8553,0.0419,0.8553,CMEMS_ALT,2026-07-04
34.6875,-73.5625,0.8788,0.0641,0.8788,CMEMS_ALT,2026-07-04
34.6875,-73.4375,0.8992,0.0868,0.8992,CMEMS_ALT,2026-07-04
34.6875,-73.3125,0.9194,0.1072,0.9194,CMEMS_ALT,2026-07-04
34.6875,-73.1875,0.9357,0.1246,0.9357,CMEMS_ALT,2026-07-04
34.6875,-73.0625,0.952,0.1388,0.952,CMEMS_ALT,2026-07-04
34.6875,-72.9375,0.9639,0.1495,0.9639,CMEMS_ALT,2026-07-04
34.6875,-72.8125,0.969,0.1563,0.969,CMEMS_ALT,2026-07-04
34.6875,-72.6875,0.9691,0.1584,0.9691,CMEMS_ALT,2026-07-04
34.6875,-72.5625,0.9611,0.1554,0.9611,CMEMS_ALT,2026-07-04
34.6875,-72.4375,0.9466,0.1474,0.9466,CMEMS_ALT,2026-07-04
34.6875,-72.3125,0.9276,0.135,0.9276,CMEMS_ALT,2026-07-04
34.8125,-76.8125,0.2387,0.2385,0.2387,CMEMS_ALT,2026-07-04
34.8125,-76.6875,0.2284,0.2457,0.2284,CMEMS_ALT,2026-07-04
34.8125,-76.5625,0.2185,0.2522,0.2185,CMEMS_ALT,2026-07-04
34.8125,-76.4375,0.2147,0.2545,0.2147,CMEMS_ALT,2026-07-04
34.8125,-76.3125,0.1868,0.2504,0.1868,CMEMS_ALT,2026-07-04
34.8125,-76.1875,0.1716,0.2405,0.1716,CMEMS_ALT,2026-07-04
34.8125,-76.0625,0.1414,0.2259,0.1414,CMEMS_ALT,2026-07-04
34.8125,-75.9375,0.1214,0.2088,0.1214,CMEMS_ALT,2026-07-04
34.8125,-75.8125,0.1178,0.1914,0.1178,CMEMS_ALT,2026-07-04
34.8125,-75.6875,0.0971,0.1777,0.0971,CMEMS_ALT,2026-07-04
34.8125,-75.5625,0.119,0.1722,0.119,CMEMS_ALT,2026-07-04
34.8125,-75.4375,0.1752,0.1769,0.1752,CMEMS_ALT,2026-07-04
34.8125,-75.3125,0.2672,0.1906,0.2672,CMEMS_ALT,2026-07-04
34.8125,-75.1875,0.3842,0.2081,0.3842,CMEMS_ALT,2026-07-04
34.8125,-75.0625,0.5049,0.2233,0.5049,CMEMS_ALT,2026-07-04
34.8125,-74.9375,0.6103,0.2305,0.6103,CMEMS_ALT,2026-07-04
34.8125,-74.8125,0.7018,0.2259,0.7018,CMEMS_ALT,2026-07-04
34.8125,-74.6875,0.764,0.208,0.764,CMEMS_ALT,2026-07-04
34.8125,-74.5625,0.8053,0.178,0.8053,CMEMS_ALT,2026-07-04
34.8125,-74.4375,0.8251,0.1404,0.8251,CMEMS_ALT,2026-07-04
34.8125,-74.3125,0.8355,0.1015,0.8355,CMEMS_ALT,2026-07-04
34.8125,-74.1875,0.8371,0.0683,0.8371,CMEMS_ALT,2026-07-04
34.8125,-74.0625,0.8401,0.0465,0.8401,CMEMS_ALT,2026-07-04
34.8125,-73.9375,0.8463,0.0389,0.8463,CMEMS_ALT,2026-07-04
34.8125,-73.8125,0.8586,0.0452,0.8586,CMEMS_ALT,2026-07-04
34.8125,-73.6875,0.8785,0.0615,0.8785,CMEMS_ALT,2026-07-04
34.8125,-73.5625,0.905,0.0828,0.905,CMEMS_ALT,2026-07-04
34.8125,-73.4375,0.9269,0.1049,0.9269,CMEMS_ALT,2026-07-04
34.8125,-73.3125,0.9499,0.1255,0.9499,CMEMS_ALT,2026-07-04
34.8125,-73.1875,0.9684,0.1434,0.9684,CMEMS_ALT,2026-07-04
34.8125,-73.0625,0.9874,0.1583,0.9874,CMEMS_ALT,2026-07-04
34.8125,-72.9375,1.002,0.1695,1.002,CMEMS_ALT,2026-07-04
34.8125,-72.8125,1.0076,0.1762,1.0076,CMEMS_ALT,2026-07-04
34.8125,-72.6875,1.0046,0.1776,1.0046,CMEMS_ALT,2026-07-04
34.8125,-72.5625,0.9962,0.1736,0.9962,CMEMS_ALT,2026-07-04
34.8125,-72.4375,0.9826,0.1647,0.9826,CMEMS_ALT,2026-07-04
34.8125,-72.3125,0.9658,0.152,0.9658,CMEMS_ALT,2026-07-04
34.9375,-76.9375,0.2895,0.2735,0.2895,CMEMS_ALT,2026-07-04
34.9375,-76.8125,0.2792,0.2802,0.2792,CMEMS_ALT,2026-07-04
34.9375,-76.6875,0.2683,0.2869,0.2683,CMEMS_ALT,2026-07-04
34.9375,-76.5625,0.2564,0.2913,0.2564,CMEMS_ALT,2026-07-04
34.9375,-76.4375,0.2406,0.2893,0.2406,CMEMS_ALT,2026-07-04
34.9375,-76.3125,0.223,0.2788,0.223,CMEMS_ALT,2026-07-04
34.9375,-76.1875,0.1936,0.2601,0.1936,CMEMS_ALT,2026-07-04
34.9375,-76.0625,0.1554,0.236,0.1554,CMEMS_ALT,2026-07-04
34.9375,-75.9375,0.1325,0.2106,0.1325,CMEMS_ALT,2026-07-04
34.9375,-75.8125,0.1017,0.1878,0.1017,CMEMS_ALT,2026-07-04
34.9375,-75.6875,0.0584,0.1712,0.0584,CMEMS_ALT,2026-07-04
34.9375,-75.5625,0.0639,0.164,0.0639,CMEMS_ALT,2026-07-04
34.9375,-75.4375,0.1109,0.1676,0.1109,CMEMS_ALT,2026-07-04
34.9375,-75.3125,0.1826,0.1809,0.1826,CMEMS_ALT,2026-07-04
34.9375,-75.1875,0.2798,0.1998,0.2798,CMEMS_ALT,2026-07-04
34.9375,-75.0625,0.4,0.2185,0.4,CMEMS_ALT,2026-07-04
34.9375,-74.9375,0.5161,0.231,0.5161,CMEMS_ALT,2026-07-04
34.9375,-74.8125,0.6248,0.2324,0.6248,CMEMS_ALT,2026-07-04
34.9375,-74.6875,0.7087,0.22,0.7087,CMEMS_ALT,2026-07-04
34.9375,-74.5625,0.7595,0.1949,0.7595,CMEMS_ALT,2026-07-04
34.9375,-74.4375,0.7951,0.1614,0.7951,CMEMS_ALT,2026-07-04
34.9375,-74.3125,0.8163,0.126,0.8163,CMEMS_ALT,2026-07-04
34.9375,-74.1875,0.8291,0.0954,0.8291,CMEMS_ALT,2026-07-04
34.9375,-74.0625,0.8483,0.0748,0.8483,CMEMS_ALT,2026-07-04
34.9375,-73.9375,0.8627,0.0669,0.8627,CMEMS_ALT,2026-07-04
34.9375,-73.8125,0.8832,0.0713,0.8832,CMEMS_ALT,2026-07-04
34.9375,-73.6875,0.9051,0.0848,0.9051,CMEMS_ALT,2026-07-04
34.9375,-73.5625,0.9309,0.1028,0.9309,CMEMS_ALT,2026-07-04
34.9375,-73.4375,0.956,0.122,0.956,CMEMS_ALT,2026-07-04
34.9375,-73.3125,0.9791,0.1404,0.9791,CMEMS_ALT,2026-07-04
34.9375,-73.1875,1.0014,0.1574,1.0014,CMEMS_ALT,2026-07-04
34.9375,-73.0625,1.0156,0.1725,1.0156,CMEMS_ALT,2026-07-04
34.9375,-72.9375,1.0297,0.1847,1.0297,CMEMS_ALT,2026-07-04
34.9375,-72.8125,1.0356,0.1926,1.0356,CMEMS_ALT,2026-07-04
34.9375,-72.6875,1.0342,0.195,1.0342,CMEMS_ALT,2026-07-04
34.9375,-72.5625,1.0283,0.1914,1.0283,CMEMS_ALT,2026-07-04
34.9375,-72.4375,1.0169,0.1825,1.0169,CMEMS_ALT,2026-07-04
34.9375,-72.3125,1.0001,0.1694,1.0001,CMEMS_ALT,2026-07-04
35.0625,-76.9375,0.3236,0.31,0.3236,CMEMS_ALT,2026-07-04
35.0625,-76.6875,0.3011,0.3231,0.3011,CMEMS_ALT,2026-07-04
35.0625,-76.5625,0.3043,0.3237,0.3043,CMEMS_ALT,2026-07-04
35.0625,-76.4375,0.2486,0.3162,0.2486,CMEMS_ALT,2026-07-04
35.0625,-76.3125,0.2476,0.2979,0.2476,CMEMS_ALT,2026-07-04
35.0625,-76.1875,0.2083,0.2693,0.2083,CMEMS_ALT,2026-07-04
35.0625,-76.0625,0.1499,0.2342,0.1499,CMEMS_ALT,2026-07-04
35.0625,-75.9375,0.1154,0.1987,0.1154,CMEMS_ALT,2026-07-04
35.0625,-75.8125,0.0433,0.169,0.0433,CMEMS_ALT,2026-07-04
35.0625,-75.6875,0.0222,0.1494,0.0222,CMEMS_ALT,2026-07-04
35.0625,-75.5625,0.0166,0.142,0.0166,CMEMS_ALT,2026-07-04
35.0625,-75.4375,0.041,0.1465,0.041,CMEMS_ALT,2026-07-04
35.0625,-75.3125,0.092,0.1607,0.092,CMEMS_ALT,2026-07-04
35.0625,-75.1875,0.1776,0.1805,0.1776,CMEMS_ALT,2026-07-04
35.0625,-75.0625,0.2679,0.2011,0.2679,CMEMS_ALT,2026-07-04
35.0625,-74.9375,0.3815,0.2172,0.3815,CMEMS_ALT,2026-07-04
35.0625,-74.8125,0.5025,0.2241,0.5025,CMEMS_ALT,2026-07-04
35.0625,-74.6875,0.6052,0.2189,0.6052,CMEMS_ALT,2026-07-04
35.0625,-74.5625,0.6861,0.2016,0.6861,CMEMS_ALT,2026-07-04
35.0625,-74.4375,0.7403,0.1761,0.7403,CMEMS_ALT,2026-07-04
35.0625,-74.3125,0.7814,0.1481,0.7814,CMEMS_ALT,2026-07-04
35.0625,-74.1875,0.8158,0.1238,0.8158,CMEMS_ALT,2026-07-04
35.0625,-74.0625,0.8474,0.1074,0.8474,CMEMS_ALT,2026-07-04
35.0625,-73.9375,0.8793,0.1004,0.8793,CMEMS_ALT,2026-07-04
35.0625,-73.8125,0.9089,0.1025,0.9089,CMEMS_ALT,2026-07-04
35.0625,-73.6875,0.9279,0.1111,0.9279,CMEMS_ALT,2026-07-04
35.0625,-73.5625,0.9529,0.123,0.9529,CMEMS_ALT,2026-07-04
35.0625,-73.4375,0.9777,0.136,0.9777,CMEMS_ALT,2026-07-04
35.0625,-73.3125,0.9999,0.1498,0.9999,CMEMS_ALT,2026-07-04
35.0625,-73.1875,1.0207,0.1642,1.0207,CMEMS_ALT,2026-07-04
35.0625,-73.0625,1.0338,0.1788,1.0338,CMEMS_ALT,2026-07-04
35.0625,-72.9375,1.0439,0.1925,1.0439,CMEMS_ALT,2026-07-04
35.0625,-72.8125,1.053,0.2031,1.053,CMEMS_ALT,2026-07-04
35.0625,-72.6875,1.059,0.2086,1.059,CMEMS_ALT,2026-07-04
35.0625,-72.5625,1.0583,0.2077,1.0583,CMEMS_ALT,2026-07-04
35.0625,-72.4375,1.0502,0.2001,1.0502,CMEMS_ALT,2026-07-04
35.0625,-72.3125,1.0324,0.1872,1.0324,CMEMS_ALT,2026-07-04
35.1875,-76.5625,0.3421,0.3455,0.3421,CMEMS_ALT,2026-07-04
35.1875,-76.4375,0.3068,0.3325,0.3068,CMEMS_ALT,2026-07-04
35.1875,-76.3125,0.2598,0.3062,0.2598,CMEMS_ALT,2026-07-04
35.1875,-76.1875,0.199,0.2671,0.199,CMEMS_ALT,2026-07-04
35.1875,-76.0625,0.1398,0.2205,0.1398,CMEMS_ALT,2026-07-04
35.1875,-75.9375,0.0804,0.1756,0.0804,CMEMS_ALT,2026-07-04
35.1875,-75.8125,0.0329,0.1412,0.0329,CMEMS_ALT,2026-07-04
35.1875,-75.6875,-0.0043,0.1226,-0.0043,CMEMS_ALT,2026-07-04
35.1875,-75.5625,-0.0101,0.12,-0.0101,CMEMS_ALT,2026-07-04
35.1875,-75.4375,0.0073,0.1294,0.0073,CMEMS_ALT,2026-07-04
35.1875,-75.3125,0.0467,0.1455,0.0467,CMEMS_ALT,2026-07-04
35.1875,-75.1875,0.0835,0.1637,0.0835,CMEMS_ALT,2026-07-04
35.1875,-75.0625,0.1619,0.181,0.1619,CMEMS_ALT,2026-07-04
35.1875,-74.9375,0.2582,0.1953,0.2582,CMEMS_ALT,2026-07-04
35.1875,-74.8125,0.3683,0.204,0.3683,CMEMS_ALT,2026-07-04
35.1875,-74.6875,0.4843,0.2045,0.4843,CMEMS_ALT,2026-07-04
35.1875,-74.5625,0.5829,0.1961,0.5829,CMEMS_ALT,2026-07-04
35.1875,-74.4375,0.6671,0.1813,0.6671,CMEMS_ALT,2026-07-04
35.1875,-74.3125,0.7377,0.1648,0.7377,CMEMS_ALT,2026-07-04
35.1875,-74.1875,0.7911,0.1512,0.7911,CMEMS_ALT,2026-07-04
35.1875,-74.0625,0.842,0.1427,0.842,CMEMS_ALT,2026-07-04
35.1875,-73.9375,0.884,0.1389,0.884,CMEMS_ALT,2026-07-04
35.1875,-73.8125,0.9263,0.1383,0.9263,CMEMS_ALT,2026-07-04
35.1875,-73.6875,0.9584,0.1396,0.9584,CMEMS_ALT,2026-07-04
35.1875,-73.5625,0.9867,0.1418,0.9867,CMEMS_ALT,2026-07-04
35.1875,-73.4375,0.9855,0.1454,0.9855,CMEMS_ALT,2026-07-04
35.1875,-73.3125,1.0055,0.1517,1.0055,CMEMS_ALT,2026-07-04
35.1875,-73.1875,1.0221,0.1619,1.0221,CMEMS_ALT,2026-07-04
35.1875,-73.0625,1.0384,0.1758,1.0384,CMEMS_ALT,2026-07-04
35.1875,-72.9375,1.0517,0.1916,1.0517,CMEMS_ALT,2026-07-04
35.1875,-72.8125,1.0638,0.2063,1.0638,CMEMS_ALT,2026-07-04
35.1875,-72.6875,1.0754,0.2171,1.0754,CMEMS_ALT,2026-07-04
35.1875,-72.5625,1.0821,0.2211,1.0821,CMEMS_ALT,2026-07-04
35.1875,-72.4375,1.0794,0.2171,1.0794,CMEMS_ALT,2026-07-04
35.1875,-72.3125,1.064,0.2056,1.064,CMEMS_ALT,2026-07-04
35.3125,-76.6875,0.3216,0.3558,0.3216,CMEMS_ALT,2026-07-04
35.3125,-76.5625,0.3078,0.3511,0.3078,CMEMS_ALT,2026-07-04
35.3125,-76.4375,0.3316,0.334,0.3316,CMEMS_ALT,2026-07-04
35.3125,-76.3125,0.264,0.3014,0.264,CMEMS_ALT,2026-07-04
35.3125,-76.1875,0.194,0.2538,0.194,CMEMS_ALT,2026-07-04
35.3125,-76.0625,0.1097,0.1983,0.1097,CMEMS_ALT,2026-07-04
35.3125,-75.9375,0.0484,0.1471,0.0484,CMEMS_ALT,2026-07-04
35.3125,-75.8125,0.0211,0.1121,0.0211,CMEMS_ALT,2026-07-04
35.3125,-75.6875,-0.0177,0.0992,-0.0177,CMEMS_ALT,2026-07-04
35.3125,-75.5625,-0.0144,0.106,-0.0144,CMEMS_ALT,2026-07-04
35.3125,-75.4375,0.0149,0.1234,0.0149,CMEMS_ALT,2026-07-04
35.3125,-75.3125,0.0256,0.1419,0.0256,CMEMS_ALT,2026-07-04
35.3125,-75.1875,0.0431,0.1559,0.0431,CMEMS_ALT,2026-07-04
35.3125,-75.0625,0.0813,0.1653,0.0813,CMEMS_ALT,2026-07-04
35.3125,-74.9375,0.139,0.1723,0.139,CMEMS_ALT,2026-07-04
35.3125,-74.8125,0.2273,0.1781,0.2273,CMEMS_ALT,2026-07-04
35.3125,-74.6875,0.3396,0.1815,0.3396,CMEMS_ALT,2026-07-04
35.3125,-74.5625,0.4575,0.1811,0.4575,CMEMS_ALT,2026-07-04
35.3125,-74.4375,0.5633,0.1781,0.5633,CMEMS_ALT,2026-07-04
35.3125,-74.3125,0.6565,0.1757,0.6565,CMEMS_ALT,2026-07-04
35.3125,-74.1875,0.7457,0.1765,0.7457,CMEMS_ALT,2026-07-04
35.3125,-74.0625,0.8195,0.1795,0.8195,CMEMS_ALT,2026-07-04
35.3125,-73.9375,0.8793,0.1811,0.8793,CMEMS_ALT,2026-07-04
35.3125,-73.8125,0.929,0.1782,0.929,CMEMS_ALT,2026-07-04
35.3125,-73.6875,0.9624,0.1705,0.9624,CMEMS_ALT,2026-07-04
35.3125,-73.5625,0.985,0.16,0.985,CMEMS_ALT,2026-07-04
35.3125,-73.4375,0.9993,0.1509,0.9993,CMEMS_ALT,2026-07-04
35.3125,-73.3125,1.0034,0.1473,1.0034,CMEMS_ALT,2026-07-04
35.3125,-73.1875,1.0061,0.1517,1.0061,CMEMS_ALT,2026-07-04
35.3125,-73.0625,1.0243,0.1638,1.0243,CMEMS_ALT,2026-07-04
35.3125,-72.9375,1.0431,0.1815,1.0431,CMEMS_ALT,2026-07-04
35.3125,-72.8125,1.0651,0.201,1.0651,CMEMS_ALT,2026-07-04
35.3125,-72.6875,1.0824,0.2181,1.0824,CMEMS_ALT,2026-07-04
35.3125,-72.5625,1.094,0.2288,1.094,CMEMS_ALT,2026-07-04
35.3125,-72.4375,1.0974,0.2303,1.0974,CMEMS_ALT,2026-07-04
35.3125,-72.3125,1.0874,0.2221,1.0874,CMEMS_ALT,2026-07-04
35.4375,-76.9375,0.321,0.3324,0.321,CMEMS_ALT,2026-07-04
35.4375,-76.8125,0.3176,0.3412,0.3176,CMEMS_ALT,2026-07-04
35.4375,-76.6875,0.3115,0.343,0.3115,CMEMS_ALT,2026-07-04
35.4375,-76.5625,0.2961,0.3361,0.2961,CMEMS_ALT,2026-07-04
35.4375,-76.4375,0.2672,0.3168,0.2672,CMEMS_ALT,2026-07-04
35.4375,-76.3125,0.2219,0.2813,0.2219,CMEMS_ALT,2026-07-04
35.4375,-76.0625,0.0897,0.1714,0.0897,CMEMS_ALT,2026-07-04
35.4375,-75.9375,0.0207,0.1188,0.0207,CMEMS_ALT,2026-07-04
35.4375,-75.8125,0.0068,0.0865,0.0068,CMEMS_ALT,2026-07-04
35.4375,-75.6875,-0.0215,0.081,-0.0215,CMEMS_ALT,2026-07-04
35.4375,-75.5625,-0.0234,0.0976,-0.0234,CMEMS_ALT,2026-07-04
35.4375,-75.4375,0.021,0.1232,0.021,CMEMS_ALT,2026-07-04
35.4375,-75.3125,0.0268,0.1439,0.0268,CMEMS_ALT,2026-07-04
35.4375,-75.1875,0.0325,0.1535,0.0325,CMEMS_ALT,2026-07-04
35.4375,-75.0625,0.0418,0.1542,0.0418,CMEMS_ALT,2026-07-04
35.4375,-74.9375,0.0596,0.1525,0.0596,CMEMS_ALT,2026-07-04
35.4375,-74.8125,0.1162,0.1532,0.1162,CMEMS_ALT,2026-07-04
35.4375,-74.6875,0.1988,0.1568,0.1988,CMEMS_ALT,2026-07-04
35.4375,-74.5625,0.3094,0.1621,0.3094,CMEMS_ALT,2026-07-04
35.4375,-74.4375,0.4285,0.1698,0.4285,CMEMS_ALT,2026-07-04
35.4375,-74.3125,0.5462,0.182,0.5462,CMEMS_ALT,2026-07-04
35.4375,-74.1875,0.6686,0.1988,0.6686,CMEMS_ALT,2026-07-04
35.4375,-74.0625,0.7769,0.216,0.7769,CMEMS_ALT,2026-07-04
35.4375,-73.9375,0.8581,0.2257,0.8581,CMEMS_ALT,2026-07-04
35.4375,-73.8125,0.9217,0.2225,0.9217,CMEMS_ALT,2026-07-04
35.4375,-73.6875,0.9586,0.2064,0.9586,CMEMS_ALT,2026-07-04
35.4375,-73.5625,0.975,0.1825,0.975,CMEMS_ALT,2026-07-04
35.4375,-73.4375,0.9798,0.1589,0.9798,CMEMS_ALT,2026-07-04
35.4375,-73.3125,0.9856,0.1431,0.9856,CMEMS_ALT,2026-07-04
35.4375,-73.1875,0.9785,0.1389,0.9785,CMEMS_ALT,2026-07-04
35.4375,-73.0625,0.9935,0.1466,0.9935,CMEMS_ALT,2026-07-04
35.4375,-72.9375,1.0183,0.1638,1.0183,CMEMS_ALT,2026-07-04
35.4375,-72.8125,1.0451,0.1862,1.0451,CMEMS_ALT,2026-07-04
35.4375,-72.6875,1.0733,0.2089,1.0733,CMEMS_ALT,2026-07-04
35.4375,-72.5625,1.0918,0.2265,1.0918,CMEMS_ALT,2026-07-04
35.4375,-72.4375,1.0985,0.2347,1.0985,CMEMS_ALT,2026-07-04
35.4375,-72.3125,1.0969,0.2318,1.0969,CMEMS_ALT,2026-07-04
35.5625,-76.6875,0.2787,0.3128,0.2787,CMEMS_ALT,2026-07-04
35.5625,-76.5625,0.2623,0.3038,0.2623,CMEMS_ALT,2026-07-04
35.5625,-76.4375,0.2337,0.2839,0.2337,CMEMS_ALT,2026-07-04
35.5625,-75.9375,-0.0003,0.0931,-0.0003,CMEMS_ALT,2026-07-04
35.5625,-75.8125,-0.0359,0.0637,-0.0359,CMEMS_ALT,2026-07-04
35.5625,-75.6875,-0.0272,0.0625,-0.0272,CMEMS_ALT,2026-07-04
35.5625,-75.5625,0.0005,0.0846,0.0005,CMEMS_ALT,2026-07-04
35.5625,-75.4375,0.0179,0.115,0.0179,CMEMS_ALT,2026-07-04
35.5625,-75.3125,0.0214,0.138,0.0214,CMEMS_ALT,2026-07-04
35.5625,-75.1875,0.034,0.1464,0.034,CMEMS_ALT,2026-07-04
35.5625,-75.0625,0.0217,0.1431,0.0217,CMEMS_ALT,2026-07-04
35.5625,-74.9375,0.0213,0.1367,0.0213,CMEMS_ALT,2026-07-04
35.5625,-74.8125,0.0401,0.1337,0.0401,CMEMS_ALT,2026-07-04
35.5625,-74.6875,0.1027,0.1365,0.1027,CMEMS_ALT,2026-07-04
35.5625,-74.5625,0.182,0.145,0.182,CMEMS_ALT,2026-07-04
35.5625,-74.4375,0.2957,0.1607,0.2957,CMEMS_ALT,2026-07-04
35.5625,-74.3125,0.43,0.1855,0.43,CMEMS_ALT,2026-07-04
35.5625,-74.1875,0.573,0.218,0.573,CMEMS_ALT,2026-07-04
35.5625,-74.0625,0.721,0.2506,0.721,CMEMS_ALT,2026-07-04
35.5625,-73.9375,0.8279,0.2716,0.8279,CMEMS_ALT,2026-07-04
35.5625,-73.8125,0.9023,0.2724,0.9023,CMEMS_ALT,2026-07-04
35.5625,-73.6875,0.9416,0.2523,0.9416,CMEMS_ALT,2026-07-04
35.5625,-73.5625,0.9587,0.2182,0.9587,CMEMS_ALT,2026-07-04
35.5625,-73.4375,0.9613,0.1811,0.9613,CMEMS_ALT,2026-07-04
35.5625,-73.3125,0.9617,0.1512,0.9617,CMEMS_ALT,2026-07-04
35.5625,-73.1875,0.9679,0.1347,0.9679,CMEMS_ALT,2026-07-04
35.5625,-73.0625,0.9826,0.1331,0.9826,CMEMS_ALT,2026-07-04
35.5625,-72.9375,0.9851,0.1447,0.9851,CMEMS_ALT,2026-07-04
35.5625,-72.8125,1.0157,0.1654,1.0157,CMEMS_ALT,2026-07-04
35.5625,-72.6875,1.0477,0.1901,1.0477,CMEMS_ALT,2026-07-04
35.5625,-72.5625,1.0739,0.2125,1.0739,CMEMS_ALT,2026-07-04
35.5625,-72.4375,1.0909,0.2272,1.0909,CMEMS_ALT,2026-07-04
35.5625,-72.3125,1.0951,0.2307,1.0951,CMEMS_ALT,2026-07-04
35.6875,-76.0625,0.0401,0.1188,0.0401,CMEMS_ALT,2026-07-04
35.6875,-75.9375,-0.0163,0.0715,-0.0163,CMEMS_ALT,2026-07-04
35.6875,-75.8125,-0.0528,0.0426,-0.0528,CMEMS_ALT,2026-07-04
35.6875,-75.6875,-0.0528,0.0399,-0.0528,CMEMS_ALT,2026-07-04
35.6875,-75.5625,-0.0323,0.0604,-0.0323,CMEMS_ALT,2026-07-04
35.6875,-75.4375,-0.0097,0.0909,-0.0097,CMEMS_ALT,2026-07-04
35.6875,-75.3125,-0.0031,0.1162,-0.0031,CMEMS_ALT,2026-07-04
35.6875,-75.1875,0.0085,0.1283,0.0085,CMEMS_ALT,2026-07-04
35.6875,-75.0625,0.0063,0.1285,0.0063,CMEMS_ALT,2026-07-04
35.6875,-74.9375,-0.0153,0.1241,-0.0153,CMEMS_ALT,2026-07-04
35.6875,-74.8125,-0.0183,0.1215,-0.0183,CMEMS_ALT,2026-07-04
35.6875,-74.6875,0.0182,0.1242,0.0182,CMEMS_ALT,2026-07-04
35.6875,-74.5625,0.0774,0.1344,0.0774,CMEMS_ALT,2026-07-04
35.6875,-74.4375,0.177,0.1552,0.177,CMEMS_ALT,2026-07-04
35.6875,-74.3125,0.3171,0.1895,0.3171,CMEMS_ALT,2026-07-04
35.6875,-74.1875,0.4682,0.2352,0.4682,CMEMS_ALT,2026-07-04
35.6875,-74.0625,0.624,0.2826,0.624,CMEMS_ALT,2026-07-04
35.6875,-73.9375,0.7645,0.3173,0.7645,CMEMS_ALT,2026-07-04
35.6875,-73.8125,0.8675,0.3276,0.8675,CMEMS_ALT,2026-07-04
35.6875,-73.6875,0.9233,0.3111,0.9233,CMEMS_ALT,2026-07-04
35.6875,-73.5625,0.9478,0.2739,0.9478,CMEMS_ALT,2026-07-04
35.6875,-73.4375,0.9499,0.2278,0.9499,CMEMS_ALT,2026-07-04
35.6875,-73.3125,0.9489,0.1848,0.9489,CMEMS_ALT,2026-07-04
35.6875,-73.1875,0.9482,0.1532,0.9482,CMEMS_ALT,2026-07-04
35.6875,-73.0625,0.9584,0.137,0.9584,CMEMS_ALT,2026-07-04
35.6875,-72.9375,0.9822,0.1364,0.9822,CMEMS_ALT,2026-07-04
35.6875,-72.8125,0.9819,0.149,0.9819,CMEMS_ALT,2026-07-04
35.6875,-72.6875,1.0138,0.1698,1.0138,CMEMS_ALT,2026-07-04
35.6875,-72.5625,1.0501,0.1925,1.0501,CMEMS_ALT,2026-07-04
35.6875,-72.4375,1.0746,0.2109,1.0746,CMEMS_ALT,2026-07-04
35.6875,-72.3125,1.0909,0.2202,1.0909,CMEMS_ALT,2026-07-04
35.8125,-76.0625,0.0176,0.1015,0.0176,CMEMS_ALT,2026-07-04
35.8125,-75.9375,-0.033,0.057,-0.033,CMEMS_ALT,2026-07-04
35.8125,-75.8125,-0.0708,0.0263,-0.0708,CMEMS_ALT,2026-07-04
35.8125,-75.6875,-0.0806,0.0179,-0.0806,CMEMS_ALT,2026-07-04
35.8125,-75.5625,-0.0876,0.0318,-0.0876,CMEMS_ALT,2026-07-04
35.8125,-75.4375,-0.0421,0.0585,-0.0421,CMEMS_ALT,2026-07-04
35.8125,-75.3125,-0.0379,0.0852,-0.0379,CMEMS_ALT,2026-07-04
35.8125,-75.1875,-0.026,0.1033,-0.026,CMEMS_ALT,2026-07-04
35.8125,-75.0625,-0.0342,0.1115,-0.0342,CMEMS_ALT,2026-07-04
35.8125,-74.9375,-0.0194,0.1137,-0.0194,CMEMS_ALT,2026-07-04
35.8125,-74.8125,-0.0296,0.1149,-0.0296,CMEMS_ALT,2026-07-04
35.8125,-74.6875,-0.0205,0.1193,-0.0205,CMEMS_ALT,2026-07-04
35.8125,-74.5625,0.0209,0.131,0.0209,CMEMS_ALT,2026-07-04
35.8125,-74.4375,0.0818,0.1553,0.0818,CMEMS_ALT,2026-07-04
35.8125,-74.3125,0.2054,0.1959,0.2054,CMEMS_ALT,2026-07-04
35.8125,-74.1875,0.352,0.2509,0.352,CMEMS_ALT,2026-07-04
35.8125,-74.0625,0.521,0.3102,0.521,CMEMS_ALT,2026-07-04
35.8125,-73.9375,0.6846,0.3586,0.6846,CMEMS_ALT,2026-07-04
35.8125,-73.8125,0.8115,0.3827,0.8115,CMEMS_ALT,2026-07-04
35.8125,-73.6875,0.8858,0.3774,0.8858,CMEMS_ALT,2026-07-04
35.8125,-73.5625,0.9283,0.3463,0.9283,CMEMS_ALT,2026-07-04
35.8125,-73.4375,0.9477,0.2992,0.9477,CMEMS_ALT,2026-07-04
35.8125,-73.3125,0.9494,0.248,0.9494,CMEMS_ALT,2026-07-04
35.8125,-73.1875,0.943,0.2027,0.943,CMEMS_ALT,2026-07-04
35.8125,-73.0625,0.946,0.17,0.946,CMEMS_ALT,2026-07-04
35.8125,-72.9375,0.9614,0.1532,0.9614,CMEMS_ALT,2026-07-04
35.8125,-72.8125,0.9805,0.1521,0.9805,CMEMS_ALT,2026-07-04
35.8125,-72.6875,0.9856,0.1629,0.9856,CMEMS_ALT,2026-07-04
35.8125,-72.5625,1.0216,0.1799,1.0216,CMEMS_ALT,2026-07-04
35.8125,-72.4375,1.0521,0.1969,1.0521,CMEMS_ALT,2026-07-04
35.8125,-72.3125,1.0737,0.2085,1.0737,CMEMS_ALT,2026-07-04
35.9375,-76.6875,0.1285,0.1967,0.1285,CMEMS_ALT,2026-07-04
35.9375,-76.5625,0.1373,0.194,0.1373,CMEMS_ALT,2026-07-04
35.9375,-76.4375,0.1251,0.1837,0.1251,CMEMS_ALT,2026-07-04
35.9375,-76.3125,0.0735,0.1633,0.0735,CMEMS_ALT,2026-07-04
35.9375,-76.1875,0.0584,0.1322,0.0584,CMEMS_ALT,2026-07-04
35.9375,-76.0625,0.0095,0.0927,0.0095,CMEMS_ALT,2026-07-04
35.9375,-75.9375,-0.0391,0.0522,-0.0391,CMEMS_ALT,2026-07-04
35.9375,-75.8125,-0.0819,0.021,-0.0819,CMEMS_ALT,2026-07-04
35.9375,-75.6875,-0.0849,0.0075,-0.0849,CMEMS_ALT,2026-07-04
35.9375,-75.5625,-0.0677,0.014,-0.0677,CMEMS_ALT,2026-07-04
35.9375,-75.4375,-0.0804,0.035,-0.0804,CMEMS_ALT,2026-07-04
35.9375,-75.3125,-0.0694,0.0605,-0.0694,CMEMS_ALT,2026-07-04
35.9375,-75.1875,-0.0528,0.0823,-0.0528,CMEMS_ALT,2026-07-04
35.9375,-75.0625,-0.0382,0.0969,-0.0382,CMEMS_ALT,2026-07-04
35.9375,-74.9375,-0.052,0.1051,-0.052,CMEMS_ALT,2026-07-04
35.9375,-74.8125,-0.0481,0.1103,-0.0481,CMEMS_ALT,2026-07-04
35.9375,-74.6875,-0.0347,0.117,-0.0347,CMEMS_ALT,2026-07-04
35.9375,-74.5625,-0.015,0.1309,-0.015,CMEMS_ALT,2026-07-04
35.9375,-74.4375,0.0284,0.1579,0.0284,CMEMS_ALT,2026-07-04
35.9375,-74.3125,0.1208,0.2019,0.1208,CMEMS_ALT,2026-07-04
35.9375,-74.1875,0.2456,0.2615,0.2456,CMEMS_ALT,2026-07-04
35.9375,-74.0625,0.4029,0.3275,0.4029,CMEMS_ALT,2026-07-04
35.9375,-73.9375,0.5677,0.3862,0.5677,CMEMS_ALT,2026-07-04
35.9375,-73.8125,0.7106,0.4246,0.7106,CMEMS_ALT,2026-07-04
35.9375,-73.6875,0.8198,0.4354,0.8198,CMEMS_ALT,2026-07-04
35.9375,-73.5625,0.8875,0.4187,0.8875,CMEMS_ALT,2026-07-04
35.9375,-73.4375,0.9244,0.3804,0.9244,CMEMS_ALT,2026-07-04
35.9375,-73.3125,0.9379,0.3303,0.9379,CMEMS_ALT,2026-07-04
35.9375,-73.1875,0.9427,0.2785,0.9427,CMEMS_ALT,2026-07-04
35.9375,-73.0625,0.9457,0.2338,0.9457,CMEMS_ALT,2026-07-04
35.9375,-72.9375,0.956,0.2022,0.956,CMEMS_ALT,2026-07-04
35.9375,-72.8125,0.9723,0.186,0.9723,CMEMS_ALT,2026-07-04
35.9375,-72.6875,0.9945,0.1831,0.9945,CMEMS_ALT,2026-07-04
35.9375,-72.5625,1.0031,0.1892,1.0031,CMEMS_ALT,2026-07-04
35.9375,-72.4375,1.0305,0.1989,1.0305,CMEMS_ALT,2026-07-04
35.9375,-72.3125,1.0551,0.2073,1.0551,CMEMS_ALT,2026-07-04
36.0625,-76.6875,0.0914,0.1596,0.0914,CMEMS_ALT,2026-07-04
36.0625,-76.5625,0.1052,0.1619,0.1052,CMEMS_ALT,2026-07-04
36.0625,-76.4375,0.0991,0.1576,0.0991,CMEMS_ALT,2026-07-04
36.0625,-76.3125,0.0975,0.1441,0.0975,CMEMS_ALT,2026-07-04
36.0625,-76.1875,0.087,0.1206,0.087,CMEMS_ALT,2026-07-04
36.0625,-76.0625,0.0454,0.0891,0.0454,CMEMS_ALT,2026-07-04
36.0625,-75.9375,-0.0124,0.0553,-0.0124,CMEMS_ALT,2026-07-04
36.0625,-75.8125,-0.0445,0.0275,-0.0445,CMEMS_ALT,2026-07-04
36.0625,-75.6875,-0.1145,0.0127,-0.1145,CMEMS_ALT,2026-07-04
36.0625,-75.5625,-0.096,0.0145,-0.096,CMEMS_ALT,2026-07-04
36.0625,-75.4375,-0.1115,0.0295,-0.1115,CMEMS_ALT,2026-07-04
36.0625,-75.3125,-0.0847,0.051,-0.0847,CMEMS_ALT,2026-07-04
36.0625,-75.1875,-0.0785,0.0716,-0.0785,CMEMS_ALT,2026-07-04
36.0625,-75.0625,-0.0567,0.0872,-0.0567,CMEMS_ALT,2026-07-04
36.0625,-74.9375,-0.06,0.0972,-0.06,CMEMS_ALT,2026-07-04
36.0625,-74.8125,-0.0782,0.1042,-0.0782,CMEMS_ALT,2026-07-04
36.0625,-74.6875,-0.0688,0.1128,-0.0688,CMEMS_ALT,2026-07-04
36.0625,-74.5625,-0.049,0.1287,-0.049,CMEMS_ALT,2026-07-04
36.0625,-74.4375,-0.0121,0.1572,-0.0121,CMEMS_ALT,2026-07-04
36.0625,-74.3125,0.0577,0.2016,0.0577,CMEMS_ALT,2026-07-04
36.0625,-74.1875,0.1613,0.2602,0.1613,CMEMS_ALT,2026-07-04
36.0625,-74.0625,0.2936,0.3262,0.2936,CMEMS_ALT,2026-07-04
36.0625,-73.9375,0.4484,0.3891,0.4484,CMEMS_ALT,2026-07-04
36.0625,-73.8125,0.5853,0.4378,0.5853,CMEMS_ALT,2026-07-04
36.0625,-73.6875,0.7207,0.4649,0.7207,CMEMS_ALT,2026-07-04
36.0625,-73.5625,0.8122,0.467,0.8122,CMEMS_ALT,2026-07-04
36.0625,-73.4375,0.8762,0.4462,0.8762,CMEMS_ALT,2026-07-04
36.0625,-73.3125,0.9123,0.4083,0.9123,CMEMS_ALT,2026-07-04
36.0625,-73.1875,0.9288,0.3616,0.9288,CMEMS_ALT,2026-07-04
36.0625,-73.0625,0.9417,0.3153,0.9417,CMEMS_ALT,2026-07-04
36.0625,-72.9375,0.9507,0.2767,0.9507,CMEMS_ALT,2026-07-04
36.0625,-72.8125,0.9674,0.2496,0.9674,CMEMS_ALT,2026-07-04
36.0625,-72.6875,0.9877,0.2338,0.9877,CMEMS_ALT,2026-07-04
36.0625,-72.5625,0.9947,0.2268,0.9947,CMEMS_ALT,2026-07-04
36.0625,-72.4375,1.0207,0.225,1.0207,CMEMS_ALT,2026-07-04
36.0625,-72.3125,1.0405,0.225,1.0405,CMEMS_ALT,2026-07-04
36.1875,-76.4375,0.0718,0.1303,0.0718,CMEMS_ALT,2026-07-04
36.1875,-76.3125,0.0647,0.1233,0.0647,CMEMS_ALT,2026-07-04
36.1875,-76.1875,0.0314,0.1076,0.0314,CMEMS_ALT,2026-07-04
36.1875,-76.0625,0.0061,0.085,0.0061,CMEMS_ALT,2026-07-04
36.1875,-75.9375,0.0155,0.0599,0.0155,CMEMS_ALT,2026-07-04
36.1875,-75.8125,-0.0716,0.0386,-0.0716,CMEMS_ALT,2026-07-04
36.1875,-75.6875,-0.0988,0.0265,-0.0988,CMEMS_ALT,2026-07-04
36.1875,-75.5625,-0.1083,0.0265,-0.1083,CMEMS_ALT,2026-07-04
36.1875,-75.4375,-0.1152,0.0368,-0.1152,CMEMS_ALT,2026-07-04
36.1875,-75.3125,-0.1043,0.0526,-0.1043,CMEMS_ALT,2026-07-04
36.1875,-75.1875,-0.0899,0.0685,-0.0899,CMEMS_ALT,2026-07-04
36.1875,-75.0625,-0.0726,0.0811,-0.0726,CMEMS_ALT,2026-07-04
36.1875,-74.9375,-0.0849,0.0897,-0.0849,CMEMS_ALT,2026-07-04
36.1875,-74.8125,-0.0868,0.0967,-0.0868,CMEMS_ALT,2026-07-04
36.1875,-74.6875,-0.0907,0.1061,-0.0907,CMEMS_ALT,2026-07-04
36.1875,-74.5625,-0.0774,0.1226,-0.0774,CMEMS_ALT,2026-07-04
36.1875,-74.4375,-0.0531,0.1501,-0.0531,CMEMS_ALT,2026-07-04
36.1875,-74.3125,0.0058,0.1904,0.0058,CMEMS_ALT,2026-07-04
36.1875,-74.1875,0.0778,0.2423,0.0778,CMEMS_ALT,2026-07-04
36.1875,-74.0625,0.1907,0.3013,0.1907,CMEMS_ALT,2026-07-04
36.1875,-73.9375,0.3083,0.3605,0.3083,CMEMS_ALT,2026-07-04
36.1875,-73.8125,0.4464,0.4124,0.4464,CMEMS_ALT,2026-07-04
36.1875,-73.6875,0.5721,0.4503,0.5721,CMEMS_ALT,2026-07-04
36.1875,-73.5625,0.6884,0.4699,0.6884,CMEMS_ALT,2026-07-04
36.1875,-73.4375,0.7646,0.4698,0.7646,CMEMS_ALT,2026-07-04
36.1875,-73.3125,0.8252,0.4522,0.8252,CMEMS_ALT,2026-07-04
36.1875,-73.1875,0.8672,0.4222,0.8672,CMEMS_ALT,2026-07-04
36.1875,-73.0625,0.8923,0.3867,0.8923,CMEMS_ALT,2026-07-04
36.1875,-72.9375,0.9241,0.3526,0.9241,CMEMS_ALT,2026-07-04
36.1875,-72.8125,0.9474,0.324,0.9474,CMEMS_ALT,2026-07-04
36.1875,-72.6875,0.9711,0.3016,0.9711,CMEMS_ALT,2026-07-04
36.1875,-72.5625,0.9955,0.2847,0.9955,CMEMS_ALT,2026-07-04
36.1875,-72.4375,0.9972,0.2719,0.9972,CMEMS_ALT,2026-07-04
36.1875,-72.3125,1.0188,0.262,1.0188,CMEMS_ALT,2026-07-04
36.3125,-76.1875,0.0145,0.0918,0.0145,CMEMS_ALT,2026-07-04
36.3125,-76.0625,-0.0063,0.0773,-0.0063,CMEMS_ALT,2026-07-04
36.3125,-75.9375,-0.0328,0.0607,-0.0328,CMEMS_ALT,2026-07-04
36.3125,-75.8125,-0.0755,0.0469,-0.0755,CMEMS_ALT,2026-07-04
36.3125,-75.6875,-0.0214,0.0395,-0.0214,CMEMS_ALT,2026-07-04
36.3125,-75.5625,-0.1217,0.0402,-0.1217,CMEMS_ALT,2026-07-04
36.3125,-75.4375,-0.1232,0.0477,-0.1232,CMEMS_ALT,2026-07-04
36.3125,-75.3125,-0.1141,0.0586,-0.1141,CMEMS_ALT,2026-07-04
36.3125,-75.1875,-0.1045,0.0695,-0.1045,CMEMS_ALT,2026-07-04
36.3125,-75.0625,-0.0879,0.0784,-0.0879,CMEMS_ALT,2026-07-04
36.3125,-74.9375,-0.0969,0.0852,-0.0969,CMEMS_ALT,2026-07-04
36.3125,-74.8125,-0.102,0.0918,-0.102,CMEMS_ALT,2026-07-04
36.3125,-74.6875,-0.0999,0.101,-0.0999,CMEMS_ALT,2026-07-04
36.3125,-74.5625,-0.1057,0.1157,-0.1057,CMEMS_ALT,2026-07-04
36.3125,-74.4375,-0.0849,0.1383,-0.0849,CMEMS_ALT,2026-07-04
36.3125,-74.3125,-0.0552,0.1699,-0.0552,CMEMS_ALT,2026-07-04
36.3125,-74.1875,0.001,0.2097,0.001,CMEMS_ALT,2026-07-04
36.3125,-74.0625,0.0722,0.2556,0.0722,CMEMS_ALT,2026-07-04
36.3125,-73.9375,0.1728,0.3038,0.1728,CMEMS_ALT,2026-07-04
36.3125,-73.8125,0.274,0.3499,0.274,CMEMS_ALT,2026-07-04
36.3125,-73.6875,0.3882,0.3892,0.3882,CMEMS_ALT,2026-07-04
36.3125,-73.5625,0.5042,0.418,0.5042,CMEMS_ALT,2026-07-04
36.3125,-73.4375,0.5957,0.4341,0.5957,CMEMS_ALT,2026-07-04
36.3125,-73.3125,0.6782,0.4372,0.6782,CMEMS_ALT,2026-07-04
36.3125,-73.1875,0.74,0.4289,0.74,CMEMS_ALT,2026-07-04
36.3125,-73.0625,0.7905,0.4135,0.7905,CMEMS_ALT,2026-07-04
36.3125,-72.9375,0.8435,0.3955,0.8435,CMEMS_ALT,2026-07-04
36.3125,-72.8125,0.8833,0.3775,0.8833,CMEMS_ALT,2026-07-04
36.3125,-72.6875,0.9172,0.3599,0.9172,CMEMS_ALT,2026-07-04
36.3125,-72.5625,0.9565,0.3428,0.9565,CMEMS_ALT,2026-07-04
36.3125,-72.4375,0.9849,0.3263,0.9849,CMEMS_ALT,2026-07-04
36.3125,-72.3125,0.988,0.3109,0.988,CMEMS_ALT,2026-07-04
36.4375,-76.0625,-0.016,0.0677,-0.016,CMEMS_ALT,2026-07-04
36.4375,-75.9375,-0.0369,0.0583,-0.0369,CMEMS_ALT,2026-07-04
36.4375,-75.8125,-0.0532,0.0518,-0.0532,CMEMS_ALT,2026-07-04
36.4375,-75.6875,-0.0367,0.0499,-0.0367,CMEMS_ALT,2026-07-04
36.4375,-75.5625,-0.0892,0.0535,-0.0892,CMEMS_ALT,2026-07-04
36.4375,-75.4375,-0.1001,0.0607,-0.1001,CMEMS_ALT,2026-07-04
36.4375,-75.3125,-0.1006,0.0692,-0.1006,CMEMS_ALT,2026-07-04
36.4375,-75.1875,-0.1055,0.0767,-0.1055,CMEMS_ALT,2026-07-04
36.4375,-75.0625,-0.116,0.0828,-0.116,CMEMS_ALT,2026-07-04
36.4375,-74.9375,-0.1111,0.0881,-0.1111,CMEMS_ALT,2026-07-04
36.4375,-74.8125,-0.1228,0.0939,-0.1228,CMEMS_ALT,2026-07-04
36.4375,-74.6875,-0.1127,0.1015,-0.1127,CMEMS_ALT,2026-07-04
36.4375,-74.5625,-0.121,0.1121,-0.121,CMEMS_ALT,2026-07-04
36.4375,-74.4375,-0.1214,0.1266,-0.1214,CMEMS_ALT,2026-07-04
36.4375,-74.3125,-0.1111,0.1462,-0.1111,CMEMS_ALT,2026-07-04
36.4375,-74.1875,-0.0842,0.171,-0.0842,CMEMS_ALT,2026-07-04
36.4375,-74.0625,-0.0324,0.2005,-0.0324,CMEMS_ALT,2026-07-04
36.4375,-73.9375,0.0338,0.2326,0.0338,CMEMS_ALT,2026-07-04
36.4375,-73.8125,0.1068,0.2652,0.1068,CMEMS_ALT,2026-07-04
36.4375,-73.6875,0.1919,0.2956,0.1919,CMEMS_ALT,2026-07-04
36.4375,-73.5625,0.2826,0.3218,0.2826,CMEMS_ALT,2026-07-04
36.4375,-73.4375,0.3767,0.3426,0.3767,CMEMS_ALT,2026-07-04
36.4375,-73.3125,0.4677,0.3573,0.4677,CMEMS_ALT,2026-07-04
36.4375,-73.1875,0.5468,0.3665,0.5468,CMEMS_ALT,2026-07-04
36.4375,-73.0625,0.619,0.3722,0.619,CMEMS_ALT,2026-07-04
36.4375,-72.9375,0.6957,0.3765,0.6957,CMEMS_ALT,2026-07-04
36.4375,-72.8125,0.7647,0.3797,0.7647,CMEMS_ALT,2026-07-04
36.4375,-72.6875,0.8251,0.3804,0.8251,CMEMS_ALT,2026-07-04
36.4375,-72.5625,0.8722,0.3775,0.8722,CMEMS_ALT,2026-07-04
36.4375,-72.4375,0.916,0.3708,0.916,CMEMS_ALT,2026-07-04
36.4375,-72.3125,0.9563,0.361,0.9563,CMEMS_ALT,2026-07-04
36.5625,-76.0625,-0.0335,0.0591,-0.0335,CMEMS_ALT,2026-07-04
36.5625,-75.9375,-0.0087,0.0552,-0.0087,CMEMS_ALT,2026-07-04
36.5625,-75.8125,-0.0312,0.0554,-0.0312,CMEMS_ALT,2026-07-04
36.5625,-75.6875,-0.028,0.0603,-0.028,CMEMS_ALT,2026-07-04
36.5625,-75.5625,-0.0544,0.069,-0.0544,CMEMS_ALT,2026-07-04
36.5625,-75.4375,-0.086,0.079,-0.086,CMEMS_ALT,2026-07-04
36.5625,-75.3125,-0.0832,0.0875,-0.0832,CMEMS_ALT,2026-07-04
36.5625,-75.1875,-0.0883,0.0932,-0.0883,CMEMS_ALT,2026-07-04
36.5625,-75.0625,-0.0942,0.0967,-0.0942,CMEMS_ALT,2026-07-04
36.5625,-74.9375,-0.1066,0.0994,-0.1066,CMEMS_ALT,2026-07-04
36.5625,-74.8125,-0.1159,0.1029,-0.1159,CMEMS_ALT,2026-07-04
36.5625,-74.6875,-0.1237,0.1073,-0.1237,CMEMS_ALT,2026-07-04
36.5625,-74.5625,-0.1349,0.1125,-0.1349,CMEMS_ALT,2026-07-04
36.5625,-74.4375,-0.1456,0.1184,-0.1456,CMEMS_ALT,2026-07-04
36.5625,-74.3125,-0.1474,0.126,-0.1474,CMEMS_ALT,2026-07-04
36.5625,-74.1875,-0.1445,0.1364,-0.1445,CMEMS_ALT,2026-07-04
36.5625,-74.0625,-0.1254,0.1497,-0.1254,CMEMS_ALT,2026-07-04
36.5625,-73.9375,-0.0768,0.1648,-0.0768,CMEMS_ALT,2026-07-04
36.5625,-73.8125,-0.0364,0.1804,-0.0364,CMEMS_ALT,2026-07-04
36.5625,-73.6875,0.0121,0.1951,0.0121,CMEMS_ALT,2026-07-04
36.5625,-73.5625,0.0743,0.2084,0.0743,CMEMS_ALT,2026-07-04
36.5625,-73.4375,0.1418,0.2209,0.1418,CMEMS_ALT,2026-07-04
36.5625,-73.3125,0.2163,0.2334,0.2163,CMEMS_ALT,2026-07-04
36.5625,-73.1875,0.3043,0.2475,0.3043,CMEMS_ALT,2026-07-04
36.5625,-73.0625,0.3868,0.2657,0.3868,CMEMS_ALT,2026-07-04
36.5625,-72.9375,0.4775,0.2895,0.4775,CMEMS_ALT,2026-07-04
36.5625,-72.8125,0.5681,0.3175,0.5681,CMEMS_ALT,2026-07-04
36.5625,-72.6875,0.6581,0.346,0.6581,CMEMS_ALT,2026-07-04
36.5625,-72.5625,0.7403,0.3714,0.7403,CMEMS_ALT,2026-07-04
36.5625,-72.4375,0.8186,0.3904,0.8186,CMEMS_ALT,2026-07-04
36.5625,-72.3125,0.8839,0.4011,0.8839,CMEMS_ALT,2026-07-04
36.6875,-75.9375,-0.0267,0.0513,-0.0267,CMEMS_ALT,2026-07-04
36.6875,-75.8125,-0.036,0.057,-0.036,CMEMS_ALT,2026-07-04
36.6875,-75.6875,-0.0351,0.0687,-0.0351,CMEMS_ALT,2026-07-04
36.6875,-75.5625,-0.0437,0.0841,-0.0437,CMEMS_ALT,2026-07-04
36.6875,-75.4375,-0.05,0.0989,-0.05,CMEMS_ALT,2026-07-04
36.6875,-75.3125,-0.0356,0.1096,-0.0356,CMEMS_ALT,2026-07-04
36.6875,-75.1875,-0.0605,0.1147,-0.0605,CMEMS_ALT,2026-07-04
36.6875,-75.0625,-0.0759,0.1155,-0.0759,CMEMS_ALT,2026-07-04
36.6875,-74.9375,-0.0871,0.1146,-0.0871,CMEMS_ALT,2026-07-04
36.6875,-74.8125,-0.0934,0.1144,-0.0934,CMEMS_ALT,2026-07-04
36.6875,-74.6875,-0.1142,0.1149,-0.1142,CMEMS_ALT,2026-07-04
36.6875,-74.5625,-0.142,0.1152,-0.142,CMEMS_ALT,2026-07-04
36.6875,-74.4375,-0.1586,0.1144,-0.1586,CMEMS_ALT,2026-07-04
36.6875,-74.3125,-0.1698,0.1131,-0.1698,CMEMS_ALT,2026-07-04
36.6875,-74.1875,-0.1786,0.1124,-0.1786,CMEMS_ALT,2026-07-04
36.6875,-74.0625,-0.1784,0.1126,-0.1784,CMEMS_ALT,2026-07-04
36.6875,-73.9375,-0.169,0.1132,-0.169,CMEMS_ALT,2026-07-04
36.6875,-73.8125,-0.1538,0.113,-0.1538,CMEMS_ALT,2026-07-04
36.6875,-73.6875,-0.1291,0.1112,-0.1291,CMEMS_ALT,2026-07-04
36.6875,-73.5625,-0.0958,0.1079,-0.0958,CMEMS_ALT,2026-07-04
36.6875,-73.4375,-0.0576,0.1042,-0.0576,CMEMS_ALT,2026-07-04
36.6875,-73.3125,-0.0064,0.1026,-0.0064,CMEMS_ALT,2026-07-04
36.6875,-73.1875,0.0567,0.1073,0.0567,CMEMS_ALT,2026-07-04
36.6875,-73.0625,0.1295,0.1236,0.1295,CMEMS_ALT,2026-07-04
36.6875,-72.9375,0.2174,0.1554,0.2174,CMEMS_ALT,2026-07-04
36.6875,-72.8125,0.3226,0.2022,0.3226,CMEMS_ALT,2026-07-04
36.6875,-72.6875,0.439,0.2596,0.439,CMEMS_ALT,2026-07-04
36.6875,-72.5625,0.56,0.3207,0.56,CMEMS_ALT,2026-07-04
36.6875,-72.4375,0.6744,0.3773,0.6744,CMEMS_ALT,2026-07-04
36.6875,-72.3125,0.7726,0.4219,0.7726,CMEMS_ALT,2026-07-04
36.8125,-76.3125,-0.0401,0.0569,-0.0401,CMEMS_ALT,2026-07-04
36.8125,-75.9375,-0.0334,0.0462,-0.0334,CMEMS_ALT,2026-07-04
36.8125,-75.8125,-0.0445,0.0547,-0.0445,CMEMS_ALT,2026-07-04
36.8125,-75.6875,-0.0394,0.0708,-0.0394,CMEMS_ALT,2026-07-04
36.8125,-75.5625,-0.0384,0.0915,-0.0384,CMEMS_ALT,2026-07-04
36.8125,-75.4375,-0.0426,0.1112,-0.0426,CMEMS_ALT,2026-07-04
36.8125,-75.3125,-0.0153,0.1251,-0.0153,CMEMS_ALT,2026-07-04
36.8125,-75.1875,-0.035,0.1312,-0.035,CMEMS_ALT,2026-07-04
36.8125,-75.0625,-0.045,0.1309,-0.045,CMEMS_ALT,2026-07-04
36.8125,-74.9375,-0.0605,0.1276,-0.0605,CMEMS_ALT,2026-07-04
36.8125,-74.8125,-0.0775,0.1244,-0.0775,CMEMS_ALT,2026-07-04
36.8125,-74.6875,-0.0946,0.1219,-0.0946,CMEMS_ALT,2026-07-04
36.8125,-74.5625,-0.1374,0.119,-0.1374,CMEMS_ALT,2026-07-04
36.8125,-74.4375,-0.1563,0.1143,-0.1563,CMEMS_ALT,2026-07-04
36.8125,-74.3125,-0.1756,0.1076,-0.1756,CMEMS_ALT,2026-07-04
36.8125,-74.1875,-0.1947,0.0993,-0.1947,CMEMS_ALT,2026-07-04
36.8125,-74.0625,-0.2114,0.0899,-0.2114,CMEMS_ALT,2026-07-04
36.8125,-73.9375,-0.2213,0.0794,-0.2213,CMEMS_ALT,2026-07-04
36.8125,-73.8125,-0.2273,0.0672,-0.2273,CMEMS_ALT,2026-07-04
36.8125,-73.6875,-0.2307,0.0527,-0.2307,CMEMS_ALT,2026-07-04
36.8125,-73.5625,-0.223,0.0355,-0.223,CMEMS_ALT,2026-07-04
36.8125,-73.4375,-0.2105,0.0157,-0.2105,CMEMS_ALT,2026-07-04
36.8125,-73.3125,-0.1897,-0.0041,-0.1897,CMEMS_ALT,2026-07-04
36.8125,-73.1875,-0.1589,-0.0176,-0.1589,CMEMS_ALT,2026-07-04
36.8125,-73.0625,-0.1091,-0.0155,-0.1091,CMEMS_ALT,2026-07-04
36.8125,-72.9375,-0.0387,0.0104,-0.0387,CMEMS_ALT,2026-07-04
36.8125,-72.8125,0.0682,0.064,0.0682,CMEMS_ALT,2026-07-04
36.8125,-72.6875,0.1952,0.1424,0.1952,CMEMS_ALT,2026-07-04
36.8125,-72.5625,0.3414,0.2371,0.3414,CMEMS_ALT,2026-07-04
36.8125,-72.4375,0.493,0.3345,0.493,CMEMS_ALT,2026-07-04
36.8125,-72.3125,0.6389,0.42,0.6389,CMEMS_ALT,2026-07-04
36.9375,-76.5625,-0.0167,0.0732,-0.0167,CMEMS_ALT,2026-07-04
36.9375,-76.4375,-0.0302,0.067,-0.0302,CMEMS_ALT,2026-07-04
36.9375,-76.3125,-0.0353,0.0595,-0.0353,CMEMS_ALT,2026-07-04
36.9375,-76.1875,-0.0511,0.0512,-0.0511,CMEMS_ALT,2026-07-04
36.9375,-76.0625,-0.0504,0.0446,-0.0504,CMEMS_ALT,2026-07-04
36.9375,-75.9375,-0.0537,0.0434,-0.0537,CMEMS_ALT,2026-07-04
36.9375,-75.8125,-0.048,0.0506,-0.048,CMEMS_ALT,2026-07-04
36.9375,-75.6875,-0.042,0.0666,-0.042,CMEMS_ALT,2026-07-04
36.9375,-75.5625,-0.0503,0.0885,-0.0503,CMEMS_ALT,2026-07-04
36.9375,-75.4375,-0.0322,0.1108,-0.0322,CMEMS_ALT,2026-07-04
36.9375,-75.3125,-0.0149,0.1279,-0.0149,CMEMS_ALT,2026-07-04
36.9375,-75.1875,-0.025,0.1369,-0.025,CMEMS_ALT,2026-07-04
36.9375,-75.0625,-0.039,0.1385,-0.039,CMEMS_ALT,2026-07-04
36.9375,-74.9375,-0.0531,0.1361,-0.0531,CMEMS_ALT,2026-07-04
36.9375,-74.8125,-0.0681,0.1325,-0.0681,CMEMS_ALT,2026-07-04
36.9375,-74.6875,-0.085,0.129,-0.085,CMEMS_ALT,2026-07-04
36.9375,-74.5625,-0.1167,0.1244,-0.1167,CMEMS_ALT,2026-07-04
36.9375,-74.4375,-0.1474,0.1173,-0.1474,CMEMS_ALT,2026-07-04
36.9375,-74.3125,-0.1704,0.1068,-0.1704,CMEMS_ALT,2026-07-04
36.9375,-74.1875,-0.1996,0.0927,-0.1996,CMEMS_ALT,2026-07-04
36.9375,-74.0625,-0.2288,0.0755,-0.2288,CMEMS_ALT,2026-07-04
36.9375,-73.9375,-0.2609,0.0561,-0.2609,CMEMS_ALT,2026-07-04
36.9375,-73.8125,-0.272,0.0352,-0.272,CMEMS_ALT,2026-07-04
36.9375,-73.6875,-0.2945,0.0129,-0.2945,CMEMS_ALT,2026-07-04
36.9375,-73.5625,-0.3063,-0.0125,-0.3063,CMEMS_ALT,2026-07-04
36.9375,-73.4375,-0.3208,-0.0425,-0.3208,CMEMS_ALT,2026-07-04
36.9375,-73.3125,-0.3274,-0.0764,-0.3274,CMEMS_ALT,2026-07-04
36.9375,-73.1875,-0.3186,-0.1075,-0.3186,CMEMS_ALT,2026-07-04
36.9375,-73.0625,-0.2931,-0.1236,-0.2931,CMEMS_ALT,2026-07-04
36.9375,-72.9375,-0.2449,-0.1116,-0.2449,CMEMS_ALT,2026-07-04
36.9375,-72.8125,-0.1561,-0.0622,-0.1561,CMEMS_ALT,2026-07-04
36.9375,-72.6875,-0.0275,0.026,-0.0275,CMEMS_ALT,2026-07-04
36.9375,-72.5625,0.1385,0.1447,0.1385,CMEMS_ALT,2026-07-04
36.9375,-72.4375,0.3215,0.277,0.3215,CMEMS_ALT,2026-07-04
36.9375,-72.3125,0.5026,0.4016,0.5026,CMEMS_ALT,2026-07-04
37.0625,-76.6875,0.0059,0.0894,0.0059,CMEMS_ALT,2026-07-04
37.0625,-76.5625,-0.006,0.0825,-0.006,CMEMS_ALT,2026-07-04
37.0625,-76.4375,-0.0223,0.0755,-0.0223,CMEMS_ALT,2026-07-04
37.0625,-76.3125,-0.0296,0.0678,-0.0296,CMEMS_ALT,2026-07-04
37.0625,-76.1875,-0.041,0.0594,-0.041,CMEMS_ALT,2026-07-04
37.0625,-76.0625,-0.0502,0.0519,-0.0502,CMEMS_ALT,2026-07-04
37.0625,-75.9375,-0.0407,0.0481,-0.0407,CMEMS_ALT,2026-07-04
37.0625,-75.8125,-0.05,0.0513,-0.05,CMEMS_ALT,2026-07-04
37.0625,-75.6875,-0.0542,0.0629,-0.0542,CMEMS_ALT,2026-07-04
37.0625,-75.5625,-0.0519,0.0816,-0.0519,CMEMS_ALT,2026-07-04
37.0625,-75.4375,-0.0458,0.103,-0.0458,CMEMS_ALT,2026-07-04
37.0625,-75.3125,-0.0229,0.1217,-0.0229,CMEMS_ALT,2026-07-04
37.0625,-75.1875,-0.0224,0.1342,-0.0224,CMEMS_ALT,2026-07-04
37.0625,-75.0625,-0.0487,0.1402,-0.0487,CMEMS_ALT,2026-07-04
37.0625,-74.9375,-0.0569,0.1415,-0.0569,CMEMS_ALT,2026-07-04
37.0625,-74.8125,-0.0617,0.1402,-0.0617,CMEMS_ALT,2026-07-04
37.0625,-74.6875,-0.0847,0.1371,-0.0847,CMEMS_ALT,2026-07-04
37.0625,-74.5625,-0.1091,0.1314,-0.1091,CMEMS_ALT,2026-07-04
37.0625,-74.4375,-0.1317,0.1219,-0.1317,CMEMS_ALT,2026-07-04
37.0625,-74.3125,-0.1669,0.1075,-0.1669,CMEMS_ALT,2026-07-04
37.0625,-74.1875,-0.1996,0.0878,-0.1996,CMEMS_ALT,2026-07-04
37.0625,-74.0625,-0.2349,0.0635,-0.2349,CMEMS_ALT,2026-07-04
37.0625,-73.9375,-0.2746,0.0364,-0.2746,CMEMS_ALT,2026-07-04
37.0625,-73.8125,-0.3134,0.0086,-0.3134,CMEMS_ALT,2026-07-04
37.0625,-73.6875,-0.337,-0.0186,-0.337,CMEMS_ALT,2026-07-04
37.0625,-73.5625,-0.3628,-0.047,-0.3628,CMEMS_ALT,2026-07-04
37.0625,-73.4375,-0.3868,-0.0802,-0.3868,CMEMS_ALT,2026-07-04
37.0625,-73.3125,-0.412,-0.1198,-0.412,CMEMS_ALT,2026-07-04
37.0625,-73.1875,-0.4282,-0.1603,-0.4282,CMEMS_ALT,2026-07-04
37.0625,-73.0625,-0.4261,-0.1891,-0.4261,CMEMS_ALT,2026-07-04
37.0625,-72.9375,-0.3891,-0.19,-0.3891,CMEMS_ALT,2026-07-04
37.0625,-72.8125,-0.3182,-0.149,-0.3182,CMEMS_ALT,2026-07-04
37.0625,-72.6875,-0.1942,-0.0601,-0.1942,CMEMS_ALT,2026-07-04
37.0625,-72.5625,-0.0233,0.0708,-0.0233,CMEMS_ALT,2026-07-04
37.0625,-72.4375,0.1743,0.2255,0.1743,CMEMS_ALT,2026-07-04
37.0625,-72.3125,0.3694,0.3796,0.3694,CMEMS_ALT,2026-07-04
37.1875,-76.6875,0.0112,0.0987,0.0112,CMEMS_ALT,2026-07-04
37.1875,-76.5625,0.0007,0.092,0.0007,CMEMS_ALT,2026-07-04
37.1875,-76.4375,-0.0137,0.0859,-0.0137,CMEMS_ALT,2026-07-04
37.1875,-76.3125,-0.0119,0.0802,-0.0119,CMEMS_ALT,2026-07-04
37.1875,-76.1875,-0.0191,0.074,-0.0191,CMEMS_ALT,2026-07-04
37.1875,-76.0625,-0.0654,0.0675,-0.0654,CMEMS_ALT,2026-07-04
37.1875,-75.9375,-0.0749,0.0619,-0.0749,CMEMS_ALT,2026-07-04
37.1875,-75.8125,-0.0437,0.0604,-0.0437,CMEMS_ALT,2026-07-04
37.1875,-75.6875,-0.064,0.0655,-0.064,CMEMS_ALT,2026-07-04
37.1875,-75.5625,-0.0112,0.078,-0.0112,CMEMS_ALT,2026-07-04
37.1875,-75.4375,-0.0496,0.0954,-0.0496,CMEMS_ALT,2026-07-04
37.1875,-75.3125,-0.0289,0.1136,-0.0289,CMEMS_ALT,2026-07-04
37.1875,-75.1875,-0.0349,0.1287,-0.0349,CMEMS_ALT,2026-07-04
37.1875,-75.0625,-0.042,0.1391,-0.042,CMEMS_ALT,2026-07-04
37.1875,-74.9375,-0.0431,0.1451,-0.0431,CMEMS_ALT,2026-07-04
37.1875,-74.8125,-0.0502,0.147,-0.0502,CMEMS_ALT,2026-07-04
37.1875,-74.6875,-0.0648,0.1448,-0.0648,CMEMS_ALT,2026-07-04
37.1875,-74.5625,-0.0928,0.1379,-0.0928,CMEMS_ALT,2026-07-04
37.1875,-74.4375,-0.1261,0.1255,-0.1261,CMEMS_ALT,2026-07-04
37.1875,-74.3125,-0.1562,0.1071,-0.1562,CMEMS_ALT,2026-07-04
37.1875,-74.1875,-0.1948,0.0826,-0.1948,CMEMS_ALT,2026-07-04
37.1875,-74.0625,-0.2358,0.0529,-0.2358,CMEMS_ALT,2026-07-04
37.1875,-73.9375,-0.2827,0.0201,-0.2827,CMEMS_ALT,2026-07-04
37.1875,-73.8125,-0.3259,-0.0124,-0.3259,CMEMS_ALT,2026-07-04
37.1875,-73.6875,-0.3577,-0.0424,-0.3577,CMEMS_ALT,2026-07-04
37.1875,-73.5625,-0.3914,-0.0711,-0.3914,CMEMS_ALT,2026-07-04
37.1875,-73.4375,-0.4256,-0.1025,-0.4256,CMEMS_ALT,2026-07-04
37.1875,-73.3125,-0.4603,-0.14,-0.4603,CMEMS_ALT,2026-07-04
37.1875,-73.1875,-0.4856,-0.1803,-0.4856,CMEMS_ALT,2026-07-04
37.1875,-73.0625,-0.5014,-0.2119,-0.5014,CMEMS_ALT,2026-07-04
37.1875,-72.9375,-0.4727,-0.2184,-0.4727,CMEMS_ALT,2026-07-04
37.1875,-72.8125,-0.4151,-0.1837,-0.4151,CMEMS_ALT,2026-07-04
37.1875,-72.6875,-0.304,-0.0986,-0.304,CMEMS_ALT,2026-07-04
37.1875,-72.5625,-0.1393,0.0334,-0.1393,CMEMS_ALT,2026-07-04
37.1875,-72.4375,0.0633,0.1959,0.0633,CMEMS_ALT,2026-07-04
37.1875,-72.3125,0.2724,0.3644,0.2724,CMEMS_ALT,2026-07-04
37.3125,-76.6875,0.0163,0.1038,0.0163,CMEMS_ALT,2026-07-04
37.3125,-76.5625,0.0054,0.0981,0.0054,CMEMS_ALT,2026-07-04
37.3125,-76.4375,-0.0068,0.094,-0.0068,CMEMS_ALT,2026-07-04
37.3125,-76.3125,0.0166,0.0914,0.0166,CMEMS_ALT,2026-07-04
37.3125,-76.1875,0.0129,0.089,0.0129,CMEMS_ALT,2026-07-04
37.3125,-76.0625,-0.0185,0.0851,-0.0185,CMEMS_ALT,2026-07-04
37.3125,-75.9375,-0.0316,0.0796,-0.0316,CMEMS_ALT,2026-07-04
37.3125,-75.8125,-0.0267,0.0746,-0.0267,CMEMS_ALT,2026-07-04
37.3125,-75.6875,-0.0613,0.0736,-0.0613,CMEMS_ALT,2026-07-04
37.3125,-75.5625,-0.0377,0.0791,-0.0377,CMEMS_ALT,2026-07-04
37.3125,-75.4375,-0.0456,0.091,-0.0456,CMEMS_ALT,2026-07-04
37.3125,-75.3125,-0.0597,0.1066,-0.0597,CMEMS_ALT,2026-07-04
37.3125,-75.1875,-0.0369,0.1222,-0.0369,CMEMS_ALT,2026-07-04
37.3125,-75.0625,-0.0364,0.1354,-0.0364,CMEMS_ALT,2026-07-04
37.3125,-74.9375,-0.0343,0.1448,-0.0343,CMEMS_ALT,2026-07-04
37.3125,-74.8125,-0.0382,0.1494,-0.0382,CMEMS_ALT,2026-07-04
37.3125,-74.6875,-0.0533,0.1481,-0.0533,CMEMS_ALT,2026-07-04
37.3125,-74.5625,-0.0819,0.1403,-0.0819,CMEMS_ALT,2026-07-04
37.3125,-74.4375,-0.1124,0.1257,-0.1124,CMEMS_ALT,2026-07-04
37.3125,-74.3125,-0.1508,0.1047,-0.1508,CMEMS_ALT,2026-07-04
37.3125,-74.1875,-0.1911,0.0778,-0.1911,CMEMS_ALT,2026-07-04
37.3125,-74.0625,-0.2357,0.0463,-0.2357,CMEMS_ALT,2026-07-04
37.3125,-73.9375,-0.2822,0.0124,-0.2822,CMEMS_ALT,2026-07-04
37.3125,-73.8125,-0.3255,-0.0207,-0.3255,CMEMS_ALT,2026-07-04
37.3125,-73.6875,-0.364,-0.0506,-0.364,CMEMS_ALT,2026-07-04
37.3125,-73.5625,-0.3986,-0.0776,-0.3986,CMEMS_ALT,2026-07-04
37.3125,-73.4375,-0.4332,-0.105,-0.4332,CMEMS_ALT,2026-07-04
37.3125,-73.3125,-0.4658,-0.1364,-0.4658,CMEMS_ALT,2026-07-04
37.3125,-73.1875,-0.4974,-0.17,-0.4974,CMEMS_ALT,2026-07-04
37.3125,-73.0625,-0.5149,-0.1966,-0.5149,CMEMS_ALT,2026-07-04
37.3125,-72.9375,-0.5123,-0.2016,-0.5123,CMEMS_ALT,2026-07-04
37.3125,-72.8125,-0.45,-0.1695,-0.45,CMEMS_ALT,2026-07-04
37.3125,-72.6875,-0.3512,-0.0908,-0.3512,CMEMS_ALT,2026-07-04
37.3125,-72.5625,-0.1991,0.0334,-0.1991,CMEMS_ALT,2026-07-04
37.3125,-72.4375,-0.0104,0.1896,-0.0104,CMEMS_ALT,2026-07-04
37.3125,-72.3125,0.1912,0.3564,0.1912,CMEMS_ALT,2026-07-04
37.4375,-76.6875,0.0151,0.1027,0.0151,CMEMS_ALT,2026-07-04
37.4375,-76.4375,-0.0073,0.095,-0.0073,CMEMS_ALT,2026-07-04
37.4375,-76.3125,-0.01,0.0948,-0.01,CMEMS_ALT,2026-07-04
37.4375,-76.1875,0.0147,0.0957,0.0147,CMEMS_ALT,2026-07-04
37.4375,-76.0625,-0.0257,0.0953,-0.0257,CMEMS_ALT,2026-07-04
37.4375,-75.9375,-0.0204,0.0916,-0.0204,CMEMS_ALT,2026-07-04
37.4375,-75.8125,-0.0579,0.0856,-0.0579,CMEMS_ALT,2026-07-04
37.4375,-75.6875,-0.0455,0.0805,-0.0455,CMEMS_ALT,2026-07-04
37.4375,-75.5625,-0.0333,0.0803,-0.0333,CMEMS_ALT,2026-07-04
37.4375,-75.4375,-0.0362,0.0866,-0.0362,CMEMS_ALT,2026-07-04
37.4375,-75.3125,-0.07,0.0982,-0.07,CMEMS_ALT,2026-07-04
37.4375,-75.1875,-0.0586,0.1123,-0.0586,CMEMS_ALT,2026-07-04
37.4375,-75.0625,-0.0418,0.126,-0.0418,CMEMS_ALT,2026-07-04
37.4375,-74.9375,-0.0381,0.1371,-0.0381,CMEMS_ALT,2026-07-04
37.4375,-74.8125,-0.0388,0.1436,-0.0388,CMEMS_ALT,2026-07-04
37.4375,-74.6875,-0.0494,0.144,-0.0494,CMEMS_ALT,2026-07-04
37.4375,-74.5625,-0.0732,0.1372,-0.0732,CMEMS_ALT,2026-07-04
37.4375,-74.4375,-0.1088,0.1228,-0.1088,CMEMS_ALT,2026-07-04
37.4375,-74.3125,-0.1433,0.1019,-0.1433,CMEMS_ALT,2026-07-04
37.4375,-74.1875,-0.1818,0.0761,-0.1818,CMEMS_ALT,2026-07-04
37.4375,-74.0625,-0.2243,0.0471,-0.2243,CMEMS_ALT,2026-07-04
37.4375,-73.9375,-0.2644,0.0172,-0.2644,CMEMS_ALT,2026-07-04
37.4375,-73.8125,-0.3018,-0.0116,-0.3018,CMEMS_ALT,2026-07-04
37.4375,-73.6875,-0.3364,-0.0375,-0.3364,CMEMS_ALT,2026-07-04
37.4375,-73.5625,-0.3728,-0.061,-0.3728,CMEMS_ALT,2026-07-04
37.4375,-73.4375,-0.4031,-0.0841,-0.4031,CMEMS_ALT,2026-07-04
37.4375,-73.3125,-0.4367,-0.1091,-0.4367,CMEMS_ALT,2026-07-04
37.4375,-73.1875,-0.4694,-0.1345,-0.4694,CMEMS_ALT,2026-07-04
37.4375,-73.0625,-0.4921,-0.1532,-0.4921,CMEMS_ALT,2026-07-04
37.4375,-72.9375,-0.4926,-0.1534,-0.4926,CMEMS_ALT,2026-07-04
37.4375,-72.8125,-0.4527,-0.1227,-0.4527,CMEMS_ALT,2026-07-04
37.4375,-72.6875,-0.3532,-0.0528,-0.3532,CMEMS_ALT,2026-07-04
37.4375,-72.5625,-0.2253,0.0563,-0.2253,CMEMS_ALT,2026-07-04
37.4375,-72.4375,-0.0643,0.1949,-0.0643,CMEMS_ALT,2026-07-04
37.4375,-72.3125,0.1145,0.3465,0.1145,CMEMS_ALT,2026-07-04
37.5625,-76.5625,-0.0018,0.0917,-0.0018,CMEMS_ALT,2026-07-04
37.5625,-76.4375,-0.0148,0.0883,-0.0148,CMEMS_ALT,2026-07-04
37.5625,-76.3125,-0.0076,0.0881,-0.0076,CMEMS_ALT,2026-07-04
37.5625,-76.1875,-0.0163,0.0903,-0.0163,CMEMS_ALT,2026-07-04
37.5625,-76.0625,-0.026,0.0924,-0.026,CMEMS_ALT,2026-07-04
37.5625,-75.9375,-0.0186,0.0913,-0.0186,CMEMS_ALT,2026-07-04
37.5625,-75.8125,-0.0343,0.0865,-0.0343,CMEMS_ALT,2026-07-04
37.5625,-75.6875,-0.0506,0.0804,-0.0506,CMEMS_ALT,2026-07-04
37.5625,-75.5625,-0.0897,0.0769,-0.0897,CMEMS_ALT,2026-07-04
37.5625,-75.4375,-0.0631,0.0787,-0.0631,CMEMS_ALT,2026-07-04
37.5625,-75.3125,-0.0787,0.0862,-0.0787,CMEMS_ALT,2026-07-04
37.5625,-75.1875,-0.0673,0.0975,-0.0673,CMEMS_ALT,2026-07-04
37.5625,-75.0625,-0.051,0.11,-0.051,CMEMS_ALT,2026-07-04
37.5625,-74.9375,-0.0437,0.1216,-0.0437,CMEMS_ALT,2026-07-04
37.5625,-74.8125,-0.047,0.1301,-0.047,CMEMS_ALT,2026-07-04
37.5625,-74.6875,-0.0517,0.1337,-0.0517,CMEMS_ALT,2026-07-04
37.5625,-74.5625,-0.0699,0.1304,-0.0699,CMEMS_ALT,2026-07-04
37.5625,-74.4375,-0.104,0.1195,-0.104,CMEMS_ALT,2026-07-04
37.5625,-74.3125,-0.1324,0.102,-0.1324,CMEMS_ALT,2026-07-04
37.5625,-74.1875,-0.1678,0.0802,-0.1678,CMEMS_ALT,2026-07-04
37.5625,-74.0625,-0.2022,0.0568,-0.2022,CMEMS_ALT,2026-07-04
37.5625,-73.9375,-0.2355,0.0339,-0.2355,CMEMS_ALT,2026-07-04
37.5625,-73.8125,-0.2667,0.0124,-0.2667,CMEMS_ALT,2026-07-04
37.5625,-73.6875,-0.2964,-0.0078,-0.2964,CMEMS_ALT,2026-07-04
37.5625,-73.5625,-0.3275,-0.0277,-0.3275,CMEMS_ALT,2026-07-04
37.5625,-73.4375,-0.3546,-0.048,-0.3546,CMEMS_ALT,2026-07-04
37.5625,-73.3125,-0.3861,-0.0688,-0.3861,CMEMS_ALT,2026-07-04
37.5625,-73.1875,-0.4157,-0.0875,-0.4157,CMEMS_ALT,2026-07-04
37.5625,-73.0625,-0.4367,-0.0985,-0.4367,CMEMS_ALT,2026-07-04
37.5625,-72.9375,-0.436,-0.0936,-0.436,CMEMS_ALT,2026-07-04
37.5625,-72.8125,-0.4078,-0.0646,-0.4078,CMEMS_ALT,2026-07-04
37.5625,-72.6875,-0.3465,-0.0057,-0.3465,CMEMS_ALT,2026-07-04
37.5625,-72.5625,-0.2324,0.0835,-0.2324,CMEMS_ALT,2026-07-04
37.5625,-72.4375,-0.1034,0.1974,-0.1034,CMEMS_ALT,2026-07-04
37.5625,-72.3125,0.0424,0.3248,0.0424,CMEMS_ALT,2026-07-04
37.6875,-76.5625,-0.0101,0.0852,-0.0101,CMEMS_ALT,2026-07-04
37.6875,-76.4375,-0.0228,0.08,-0.0228,CMEMS_ALT,2026-07-04
37.6875,-76.3125,-0.0285,0.0773,-0.0285,CMEMS_ALT,2026-07-04
37.6875,-76.1875,-0.0276,0.0778,-0.0276,CMEMS_ALT,2026-07-04
37.6875,-76.0625,-0.0338,0.0802,-0.0338,CMEMS_ALT,2026-07-04
37.6875,-75.9375,-0.0444,0.081,-0.0444,CMEMS_ALT,2026-07-04
37.6875,-75.8125,-0.0419,0.0787,-0.0419,CMEMS_ALT,2026-07-04
37.6875,-75.6875,-0.0573,0.0739,-0.0573,CMEMS_ALT,2026-07-04
37.6875,-75.5625,-0.0728,0.0697,-0.0728,CMEMS_ALT,2026-07-04
37.6875,-75.4375,-0.0624,0.069,-0.0624,CMEMS_ALT,2026-07-04
37.6875,-75.3125,-0.0534,0.073,-0.0534,CMEMS_ALT,2026-07-04
37.6875,-75.1875,-0.0774,0.0811,-0.0774,CMEMS_ALT,2026-07-04
37.6875,-75.0625,-0.0671,0.0917,-0.0671,CMEMS_ALT,2026-07-04
37.6875,-74.9375,-0.0561,0.1031,-0.0561,CMEMS_ALT,2026-07-04
37.6875,-74.8125,-0.0521,0.1138,-0.0521,CMEMS_ALT,2026-07-04
37.6875,-74.6875,-0.0531,0.1214,-0.0531,CMEMS_ALT,2026-07-04
37.6875,-74.5625,-0.0613,0.1237,-0.0613,CMEMS_ALT,2026-07-04
37.6875,-74.4375,-0.0899,0.1187,-0.0899,CMEMS_ALT,2026-07-04
37.6875,-74.3125,-0.1189,0.1067,-0.1189,CMEMS_ALT,2026-07-04
37.6875,-74.1875,-0.1471,0.0905,-0.1471,CMEMS_ALT,2026-07-04
37.6875,-74.0625,-0.1776,0.0734,-0.1776,CMEMS_ALT,2026-07-04
37.6875,-73.9375,-0.2015,0.0574,-0.2015,CMEMS_ALT,2026-07-04
37.6875,-73.8125,-0.2246,0.0422,-0.2246,CMEMS_ALT,2026-07-04
37.6875,-73.6875,-0.2501,0.0259,-0.2501,CMEMS_ALT,2026-07-04
37.6875,-73.5625,-0.2792,0.0072,-0.2792,CMEMS_ALT,2026-07-04
37.6875,-73.4375,-0.3109,-0.0133,-0.3109,CMEMS_ALT,2026-07-04
37.6875,-73.3125,-0.3376,-0.0326,-0.3376,CMEMS_ALT,2026-07-04
37.6875,-73.1875,-0.3613,-0.0463,-0.3613,CMEMS_ALT,2026-07-04
37.6875,-73.0625,-0.3754,-0.05,-0.3754,CMEMS_ALT,2026-07-04
37.6875,-72.9375,-0.3747,-0.0393,-0.3747,CMEMS_ALT,2026-07-04
37.6875,-72.8125,-0.3551,-0.0112,-0.3551,CMEMS_ALT,2026-07-04
37.6875,-72.6875,-0.3083,0.0364,-0.3083,CMEMS_ALT,2026-07-04
37.6875,-72.5625,-0.2379,0.1043,-0.2379,CMEMS_ALT,2026-07-04
37.6875,-72.4375,-0.132,0.1905,-0.132,CMEMS_ALT,2026-07-04
37.6875,-72.3125,-0.0258,0.2893,-0.0258,CMEMS_ALT,2026-07-04
37.8125,-76.8125,-0.0042,0.0908,-0.0042,CMEMS_ALT,2026-07-04
37.8125,-76.6875,-0.007,0.0893,-0.007,CMEMS_ALT,2026-07-04
37.8125,-76.5625,-0.0152,0.0846,-0.0152,CMEMS_ALT,2026-07-04
37.8125,-76.3125,-0.0362,0.072,-0.0362,CMEMS_ALT,2026-07-04
37.8125,-76.1875,-0.036,0.0691,-0.036,CMEMS_ALT,2026-07-04
37.8125,-76.0625,-0.048,0.0692,-0.048,CMEMS_ALT,2026-07-04
37.8125,-75.9375,-0.0452,0.0703,-0.0452,CMEMS_ALT,2026-07-04
37.8125,-75.8125,-0.0519,0.07,-0.0519,CMEMS_ALT,2026-07-04
37.8125,-75.6875,-0.0647,0.0676,-0.0647,CMEMS_ALT,2026-07-04
37.8125,-75.5625,-0.0768,0.0645,-0.0768,CMEMS_ALT,2026-07-04
37.8125,-75.4375,-0.1014,0.063,-0.1014,CMEMS_ALT,2026-07-04
37.8125,-75.3125,-0.0691,0.0646,-0.0691,CMEMS_ALT,2026-07-04
37.8125,-75.1875,-0.0903,0.0696,-0.0903,CMEMS_ALT,2026-07-04
37.8125,-75.0625,-0.0805,0.0777,-0.0805,CMEMS_ALT,2026-07-04
37.8125,-74.9375,-0.0718,0.0883,-0.0718,CMEMS_ALT,2026-07-04
37.8125,-74.8125,-0.0624,0.1003,-0.0624,CMEMS_ALT,2026-07-04
37.8125,-74.6875,-0.0588,0.1115,-0.0588,CMEMS_ALT,2026-07-04
37.8125,-74.5625,-0.0633,0.119,-0.0633,CMEMS_ALT,2026-07-04
37.8125,-74.4375,-0.069,0.12,-0.069,CMEMS_ALT,2026-07-04
37.8125,-74.3125,-0.0923,0.1141,-0.0923,CMEMS_ALT,2026-07-04
37.8125,-74.1875,-0.1174,0.1035,-0.1174,CMEMS_ALT,2026-07-04
37.8125,-74.0625,-0.1448,0.0917,-0.1448,CMEMS_ALT,2026-07-04
37.8125,-73.9375,-0.1653,0.0803,-0.1653,CMEMS_ALT,2026-07-04
37.8125,-73.8125,-0.186,0.068,-0.186,CMEMS_ALT,2026-07-04
37.8125,-73.6875,-0.2102,0.052,-0.2102,CMEMS_ALT,2026-07-04
37.8125,-73.5625,-0.241,0.031,-0.241,CMEMS_ALT,2026-07-04
37.8125,-73.4375,-0.2716,0.008,-0.2716,CMEMS_ALT,2026-07-04
37.8125,-73.3125,-0.3016,-0.0112,-0.3016,CMEMS_ALT,2026-07-04
37.8125,-73.1875,-0.3198,-0.0204,-0.3198,CMEMS_ALT,2026-07-04
37.8125,-73.0625,-0.3265,-0.0161,-0.3265,CMEMS_ALT,2026-07-04
37.8125,-72.9375,-0.3204,0.0015,-0.3204,CMEMS_ALT,2026-07-04
37.8125,-72.8125,-0.2971,0.0304,-0.2971,CMEMS_ALT,2026-07-04
37.8125,-72.6875,-0.2642,0.0688,-0.2642,CMEMS_ALT,2026-07-04
37.8125,-72.5625,-0.2217,0.1172,-0.2217,CMEMS_ALT,2026-07-04
37.8125,-72.4375,-0.1522,0.1766,-0.1522,CMEMS_ALT,2026-07-04
37.8125,-72.3125,-0.0821,0.2461,-0.0821,CMEMS_ALT,2026-07-04
37.9375,-76.8125,-0.0037,0.0913,-0.0037,CMEMS_ALT,2026-07-04
37.9375,-76.4375,-0.02,0.0858,-0.02,CMEMS_ALT,2026-07-04
37.9375,-76.3125,-0.0302,0.0783,-0.0302,CMEMS_ALT,2026-07-04
37.9375,-76.1875,-0.0328,0.072,-0.0328,CMEMS_ALT,2026-07-04
37.9375,-76.0625,-0.0436,0.069,-0.0436,CMEMS_ALT,2026-07-04
37.9375,-75.9375,-0.0542,0.0685,-0.0542,CMEMS_ALT,2026-07-04
37.9375,-75.8125,-0.0638,0.0686,-0.0638,CMEMS_ALT,2026-07-04
37.9375,-75.6875,-0.0644,0.0678,-0.0644,CMEMS_ALT,2026-07-04
37.9375,-75.4375,-0.0756,0.0645,-0.0756,CMEMS_ALT,2026-07-04
37.9375,-75.3125,-0.0821,0.0642,-0.0821,CMEMS_ALT,2026-07-04
37.9375,-75.1875,-0.0703,0.0664,-0.0703,CMEMS_ALT,2026-07-04
37.9375,-75.0625,-0.0882,0.0718,-0.0882,CMEMS_ALT,2026-07-04
37.9375,-74.9375,-0.0647,0.0807,-0.0647,CMEMS_ALT,2026-07-04
37.9375,-74.8125,-0.0634,0.0926,-0.0634,CMEMS_ALT,2026-07-04
37.9375,-74.6875,-0.0607,0.1056,-0.0607,CMEMS_ALT,2026-07-04
37.9375,-74.5625,-0.0626,0.1163,-0.0626,CMEMS_ALT,2026-07-04
37.9375,-74.4375,-0.0604,0.1217,-0.0604,CMEMS_ALT,2026-07-04
37.9375,-74.3125,-0.0729,0.1204,-0.0729,CMEMS_ALT,2026-07-04
37.9375,-74.1875,-0.0881,0.1142,-0.0881,CMEMS_ALT,2026-07-04
37.9375,-74.0625,-0.1118,0.106,-0.1118,CMEMS_ALT,2026-07-04
37.9375,-73.9375,-0.1362,0.0967,-0.1362,CMEMS_ALT,2026-07-04
37.9375,-73.8125,-0.1583,0.0843,-0.1583,CMEMS_ALT,2026-07-04
37.9375,-73.6875,-0.1829,0.0661,-0.1829,CMEMS_ALT,2026-07-04
37.9375,-73.5625,-0.2138,0.0418,-0.2138,CMEMS_ALT,2026-07-04
37.9375,-73.4375,-0.2492,0.0163,-0.2492,CMEMS_ALT,2026-07-04
37.9375,-73.3125,-0.2792,-0.0021,-0.2792,CMEMS_ALT,2026-07-04
37.9375,-73.1875,-0.2912,-0.0066,-0.2912,CMEMS_ALT,2026-07-04
37.9375,-73.0625,-0.2877,0.0048,-0.2877,CMEMS_ALT,2026-07-04
37.9375,-72.9375,-0.2738,0.0287,-0.2738,CMEMS_ALT,2026-07-04
37.9375,-72.8125,-0.2511,0.0588,-0.2511,CMEMS_ALT,2026-07-04
37.9375,-72.6875,-0.2291,0.0902,-0.2291,CMEMS_ALT,2026-07-04
37.9375,-72.5625,-0.2065,0.1229,-0.2065,CMEMS_ALT,2026-07-04
37.9375,-72.4375,-0.1782,0.1597,-0.1782,CMEMS_ALT,2026-07-04
37.9375,-72.3125,-0.1275,0.203,-0.1275,CMEMS_ALT,2026-07-04
38.0625,-76.5625,0.0019,0.1018,0.0019,CMEMS_ALT,2026-07-04
38.0625,-76.4375,0.0048,0.0998,0.0048,CMEMS_ALT,2026-07-04
38.0625,-76.3125,-0.0035,0.0939,-0.0035,CMEMS_ALT,2026-07-04
38.0625,-76.1875,-0.0198,0.0868,-0.0198,CMEMS_ALT,2026-07-04
38.0625,-76.0625,-0.0338,0.0815,-0.0338,CMEMS_ALT,2026-07-04
38.0625,-75.9375,-0.0403,0.0787,-0.0403,CMEMS_ALT,2026-07-04
38.0625,-75.8125,-0.0437,0.0776,-0.0437,CMEMS_ALT,2026-07-04
38.0625,-75.3125,-0.0766,0.071,-0.0766,CMEMS_ALT,2026-07-04
38.0625,-75.1875,-0.0721,0.0706,-0.0721,CMEMS_ALT,2026-07-04
38.0625,-75.0625,-0.0691,0.0731,-0.0691,CMEMS_ALT,2026-07-04
38.0625,-74.9375,-0.0707,0.0798,-0.0707,CMEMS_ALT,2026-07-04
38.0625,-74.8125,-0.0587,0.0908,-0.0587,CMEMS_ALT,2026-07-04
38.0625,-74.6875,-0.0499,0.1039,-0.0499,CMEMS_ALT,2026-07-04
38.0625,-74.5625,-0.0565,0.1159,-0.0565,CMEMS_ALT,2026-07-04
38.0625,-74.4375,-0.0461,0.1234,-0.0461,CMEMS_ALT,2026-07-04
38.0625,-74.3125,-0.0582,0.1249,-0.0582,CMEMS_ALT,2026-07-04
38.0625,-74.1875,-0.066,0.1211,-0.066,CMEMS_ALT,2026-07-04
38.0625,-74.0625,-0.0807,0.1143,-0.0807,CMEMS_ALT,2026-07-04
38.0625,-73.9375,-0.1056,0.1051,-0.1056,CMEMS_ALT,2026-07-04
38.0625,-73.8125,-0.1327,0.0914,-0.1327,CMEMS_ALT,2026-07-04
38.0625,-73.6875,-0.1633,0.0713,-0.1633,CMEMS_ALT,2026-07-04
38.0625,-73.5625,-0.1967,0.0458,-0.1967,CMEMS_ALT,2026-07-04
38.0625,-73.4375,-0.2325,0.0207,-0.2325,CMEMS_ALT,2026-07-04
38.0625,-73.3125,-0.2584,0.0045,-0.2584,CMEMS_ALT,2026-07-04
38.0625,-73.1875,-0.2641,0.0037,-0.2641,CMEMS_ALT,2026-07-04
38.0625,-73.0625,-0.2577,0.0187,-0.2577,CMEMS_ALT,2026-07-04
38.0625,-72.9375,-0.2407,0.0443,-0.2407,CMEMS_ALT,2026-07-04
38.0625,-72.8125,-0.222,0.0727,-0.222,CMEMS_ALT,2026-07-04
38.0625,-72.6875,-0.206,0.0981,-0.206,CMEMS_ALT,2026-07-04
38.0625,-72.5625,-0.192,0.1198,-0.192,CMEMS_ALT,2026-07-04
38.0625,-72.4375,-0.1819,0.1411,-0.1819,CMEMS_ALT,2026-07-04
38.0625,-72.3125,-0.168,0.1654,-0.168,CMEMS_ALT,2026-07-04
38.1875,-76.8125,0.0054,0.0969,0.0054,CMEMS_ALT,2026-07-04
38.1875,-76.6875,0.0094,0.1043,0.0094,CMEMS_ALT,2026-07-04
38.1875,-76.5625,0.0126,0.1108,0.0126,CMEMS_ALT,2026-07-04
38.1875,-76.4375,0.0121,0.1137,0.0121,CMEMS_ALT,2026-07-04
38.1875,-76.3125,0.015,0.1121,0.015,CMEMS_ALT,2026-07-04
38.1875,-76.1875,0.0043,0.1075,0.0043,CMEMS_ALT,2026-07-04
38.1875,-76.0625,-0.0031,0.1023,-0.0031,CMEMS_ALT,2026-07-04
38.1875,-75.9375,-0.0102,0.098,-0.0102,CMEMS_ALT,2026-07-04
38.1875,-75.8125,-0.0254,0.0948,-0.0254,CMEMS_ALT,2026-07-04
38.1875,-75.3125,-0.0665,0.0818,-0.0665,CMEMS_ALT,2026-07-04
38.1875,-75.1875,-0.0621,0.0789,-0.0621,CMEMS_ALT,2026-07-04
38.1875,-75.0625,-0.0526,0.0789,-0.0526,CMEMS_ALT,2026-07-04
38.1875,-74.9375,-0.0647,0.0836,-0.0647,CMEMS_ALT,2026-07-04
38.1875,-74.8125,-0.05,0.0932,-0.05,CMEMS_ALT,2026-07-04
38.1875,-74.6875,-0.0485,0.1059,-0.0485,CMEMS_ALT,2026-07-04
38.1875,-74.5625,-0.0376,0.1183,-0.0376,CMEMS_ALT,2026-07-04
38.1875,-74.4375,-0.0352,0.127,-0.0352,CMEMS_ALT,2026-07-04
38.1875,-74.3125,-0.0423,0.1299,-0.0423,CMEMS_ALT,2026-07-04
38.1875,-74.1875,-0.0447,0.1272,-0.0447,CMEMS_ALT,2026-07-04
38.1875,-74.0625,-0.0611,0.1204,-0.0611,CMEMS_ALT,2026-07-04
38.1875,-73.9375,-0.0846,0.11,-0.0846,CMEMS_ALT,2026-07-04
38.1875,-73.8125,-0.1079,0.0951,-0.1079,CMEMS_ALT,2026-07-04
38.1875,-73.6875,-0.1431,0.0748,-0.1431,CMEMS_ALT,2026-07-04
38.1875,-73.5625,-0.1758,0.0511,-0.1758,CMEMS_ALT,2026-07-04
38.1875,-73.4375,-0.2058,0.0294,-0.2058,CMEMS_ALT,2026-07-04
38.1875,-73.3125,-0.2268,0.0165,-0.2268,CMEMS_ALT,2026-07-04
38.1875,-73.1875,-0.2343,0.0166,-0.2343,CMEMS_ALT,2026-07-04
38.1875,-73.0625,-0.2273,0.0295,-0.2273,CMEMS_ALT,2026-07-04
38.1875,-72.9375,-0.2148,0.0503,-0.2148,CMEMS_ALT,2026-07-04
38.1875,-72.8125,-0.2002,0.0727,-0.2002,CMEMS_ALT,2026-07-04
38.1875,-72.6875,-0.1891,0.0923,-0.1891,CMEMS_ALT,2026-07-04
38.1875,-72.5625,-0.1817,0.1083,-0.1817,CMEMS_ALT,2026-07-04
38.1875,-72.4375,-0.1762,0.1224,-0.1762,CMEMS_ALT,2026-07-04
38.1875,-72.3125,-0.1738,0.1367,-0.1738,CMEMS_ALT,2026-07-04
38.3125,-76.8125,0.0101,0.1008,0.0101,CMEMS_ALT,2026-07-04
38.3125,-76.6875,0.014,0.1082,0.014,CMEMS_ALT,2026-07-04
38.3125,-76.4375,0.0251,0.1241,0.0251,CMEMS_ALT,2026-07-04
38.3125,-76.3125,0.0295,0.1279,0.0295,CMEMS_ALT,2026-07-04
38.3125,-76.1875,0.0247,0.128,0.0247,CMEMS_ALT,2026-07-04
38.3125,-76.0625,0.0221,0.1254,0.0221,CMEMS_ALT,2026-07-04
38.3125,-75.9375,0.0144,0.1213,0.0144,CMEMS_ALT,2026-07-04
38.3125,-75.8125,-0.0009,0.1165,-0.0009,CMEMS_ALT,2026-07-04
38.3125,-75.1875,-0.0581,0.0884,-0.0581,CMEMS_ALT,2026-07-04
38.3125,-75.0625,-0.0564,0.0861,-0.0564,CMEMS_ALT,2026-07-04
38.3125,-74.9375,-0.0497,0.089,-0.0497,CMEMS_ALT,2026-07-04
38.3125,-74.8125,-0.0483,0.0975,-0.0483,CMEMS_ALT,2026-07-04
38.3125,-74.6875,-0.0385,0.1097,-0.0385,CMEMS_ALT,2026-07-04
38.3125,-74.5625,-0.0304,0.1224,-0.0304,CMEMS_ALT,2026-07-04
38.3125,-74.4375,-0.0291,0.1321,-0.0291,CMEMS_ALT,2026-07-04
38.3125,-74.3125,-0.0182,0.1363,-0.0182,CMEMS_ALT,2026-07-04
38.3125,-74.1875,-0.0312,0.1346,-0.0312,CMEMS_ALT,2026-07-04
38.3125,-74.0625,-0.0438,0.1278,-0.0438,CMEMS_ALT,2026-07-04
38.3125,-73.9375,-0.0575,0.1167,-0.0575,CMEMS_ALT,2026-07-04
38.3125,-73.8125,-0.0803,0.1015,-0.0803,CMEMS_ALT,2026-07-04
38.3125,-73.6875,-0.1113,0.0829,-0.1113,CMEMS_ALT,2026-07-04
38.3125,-73.5625,-0.1398,0.063,-0.1398,CMEMS_ALT,2026-07-04
38.3125,-73.4375,-0.1679,0.0459,-0.1679,CMEMS_ALT,2026-07-04
38.3125,-73.3125,-0.1844,0.0354,-0.1844,CMEMS_ALT,2026-07-04
38.3125,-73.1875,-0.192,0.0337,-0.192,CMEMS_ALT,2026-07-04
38.3125,-73.0625,-0.1924,0.0399,-0.1924,CMEMS_ALT,2026-07-04
38.3125,-72.9375,-0.1878,0.0515,-0.1878,CMEMS_ALT,2026-07-04
38.3125,-72.8125,-0.1836,0.0657,-0.1836,CMEMS_ALT,2026-07-04
38.3125,-72.6875,-0.1763,0.0807,-0.1763,CMEMS_ALT,2026-07-04
38.3125,-72.5625,-0.1693,0.0955,-0.1693,CMEMS_ALT,2026-07-04
38.3125,-72.4375,-0.1649,0.1091,-0.1649,CMEMS_ALT,2026-07-04
38.3125,-72.3125,-0.1629,0.1209,-0.1629,CMEMS_ALT,2026-07-04
38.4375,-76.4375,0.0421,0.1322,0.0421,CMEMS_ALT,2026-07-04
38.4375,-76.3125,0.0451,0.1405,0.0451,CMEMS_ALT,2026-07-04
38.4375,-75.8125,0.0278,0.1388,0.0278,CMEMS_ALT,2026-07-04
38.4375,-75.1875,-0.0476,0.0968,-0.0476,CMEMS_ALT,2026-07-04
38.4375,-75.0625,-0.075,0.0925,-0.075,CMEMS_ALT,2026-07-04
38.4375,-74.9375,-0.0586,0.0936,-0.0586,CMEMS_ALT,2026-07-04
38.4375,-74.8125,-0.05,0.1009,-0.05,CMEMS_ALT,2026-07-04
38.4375,-74.6875,-0.0358,0.1125,-0.0358,CMEMS_ALT,2026-07-04
38.4375,-74.5625,-0.0238,0.1253,-0.0238,CMEMS_ALT,2026-07-04
38.4375,-74.4375,-0.0059,0.1357,-0.0059,CMEMS_ALT,2026-07-04
38.4375,-74.3125,-0.0042,0.1413,-0.0042,CMEMS_ALT,2026-07-04
38.4375,-74.1875,-0.0053,0.141,-0.0053,CMEMS_ALT,2026-07-04
38.4375,-74.0625,-0.0172,0.1352,-0.0172,CMEMS_ALT,2026-07-04
38.4375,-73.9375,-0.0346,0.1249,-0.0346,CMEMS_ALT,2026-07-04
38.4375,-73.8125,-0.0508,0.1112,-0.0508,CMEMS_ALT,2026-07-04
38.4375,-73.6875,-0.076,0.0955,-0.076,CMEMS_ALT,2026-07-04
38.4375,-73.5625,-0.0995,0.08,-0.0995,CMEMS_ALT,2026-07-04
38.4375,-73.4375,-0.1224,0.067,-0.1224,CMEMS_ALT,2026-07-04
38.4375,-73.3125,-0.1409,0.0582,-0.1409,CMEMS_ALT,2026-07-04
38.4375,-73.1875,-0.152,0.0535,-0.152,CMEMS_ALT,2026-07-04
38.4375,-73.0625,-0.1604,0.0527,-0.1604,CMEMS_ALT,2026-07-04
38.4375,-72.9375,-0.1627,0.0555,-0.1627,CMEMS_ALT,2026-07-04
38.4375,-72.8125,-0.1618,0.0629,-0.1618,CMEMS_ALT,2026-07-04
38.4375,-72.6875,-0.1609,0.0752,-0.1609,CMEMS_ALT,2026-07-04
38.4375,-72.5625,-0.1533,0.0913,-0.1533,CMEMS_ALT,2026-07-04
38.4375,-72.4375,-0.1464,0.1073,-0.1464,CMEMS_ALT,2026-07-04
38.4375,-72.3125,-0.142,0.1195,-0.142,CMEMS_ALT,2026-07-04
38.5625,-76.5625,0.0366,0.1298,0.0366,CMEMS_ALT,2026-07-04
38.5625,-76.4375,0.0514,0.1408,0.0514,CMEMS_ALT,2026-07-04
38.5625,-76.3125,0.0557,0.1517,0.0557,CMEMS_ALT,2026-07-04
38.5625,-76.1875,0.0671,0.1603,0.0671,CMEMS_ALT,2026-07-04
38.5625,-76.0625,0.0714,0.1646,0.0714,CMEMS_ALT,2026-07-04
38.5625,-75.9375,0.0676,0.1637,0.0676,CMEMS_ALT,2026-07-04
38.5625,-75.1875,-0.0393,0.1031,-0.0393,CMEMS_ALT,2026-07-04
38.5625,-75.0625,-0.0485,0.0961,-0.0485,CMEMS_ALT,2026-07-04
38.5625,-74.9375,-0.0625,0.0949,-0.0625,CMEMS_ALT,2026-07-04
38.5625,-74.8125,-0.0452,0.1002,-0.0452,CMEMS_ALT,2026-07-04
38.5625,-74.6875,-0.0382,0.1105,-0.0382,CMEMS_ALT,2026-07-04
38.5625,-74.5625,-0.0284,0.1229,-0.0284,CMEMS_ALT,2026-07-04
38.5625,-74.4375,-0.0255,0.1338,-0.0255,CMEMS_ALT,2026-07-04
38.5625,-74.3125,0.0026,0.1408,0.0026,CMEMS_ALT,2026-07-04
38.5625,-74.1875,0.0056,0.1425,0.0056,CMEMS_ALT,2026-07-04
38.5625,-74.0625,-0.0049,0.1391,-0.0049,CMEMS_ALT,2026-07-04
38.5625,-73.9375,-0.0126,0.1313,-0.0126,CMEMS_ALT,2026-07-04
38.5625,-73.8125,-0.0199,0.1203,-0.0199,CMEMS_ALT,2026-07-04
38.5625,-73.6875,-0.0361,0.1082,-0.0361,CMEMS_ALT,2026-07-04
38.5625,-73.5625,-0.0555,0.0969,-0.0555,CMEMS_ALT,2026-07-04
38.5625,-73.4375,-0.0765,0.0876,-0.0765,CMEMS_ALT,2026-07-04
38.5625,-73.3125,-0.0948,0.0804,-0.0948,CMEMS_ALT,2026-07-04
38.5625,-73.1875,-0.1136,0.0745,-0.1136,CMEMS_ALT,2026-07-04
38.5625,-73.0625,-0.1297,0.0697,-0.1297,CMEMS_ALT,2026-07-04
38.5625,-72.9375,-0.1405,0.0677,-0.1405,CMEMS_ALT,2026-07-04
38.5625,-72.8125,-0.1429,0.0713,-0.1429,CMEMS_ALT,2026-07-04
38.5625,-72.6875,-0.1357,0.0825,-0.1357,CMEMS_ALT,2026-07-04
38.5625,-72.5625,-0.127,0.0994,-0.127,CMEMS_ALT,2026-07-04
38.5625,-72.4375,-0.1149,0.1166,-0.1149,CMEMS_ALT,2026-07-04
38.5625,-72.3125,-0.1088,0.1284,-0.1088,CMEMS_ALT,2026-07-04
38.6875,-76.5625,0.0494,0.1407,0.0494,CMEMS_ALT,2026-07-04
38.6875,-76.4375,0.0634,0.152,0.0634,CMEMS_ALT,2026-07-04
38.6875,-76.3125,0.0685,0.1637,0.0685,CMEMS_ALT,2026-07-04
38.6875,-76.1875,0.0818,0.1731,0.0818,CMEMS_ALT,2026-07-04
38.6875,-76.0625,0.087,0.1784,0.087,CMEMS_ALT,2026-07-04
38.6875,-75.9375,0.0838,0.1781,0.0838,CMEMS_ALT,2026-07-04
38.6875,-75.1875,-0.0342,0.1057,-0.0342,CMEMS_ALT,2026-07-04
38.6875,-75.0625,-0.0375,0.0953,-0.0375,CMEMS_ALT,2026-07-04
38.6875,-74.9375,-0.0556,0.0908,-0.0556,CMEMS_ALT,2026-07-04
38.6875,-74.8125,-0.0573,0.0934,-0.0573,CMEMS_ALT,2026-07-04
38.6875,-74.6875,-0.037,0.102,-0.037,CMEMS_ALT,2026-07-04
38.6875,-74.5625,-0.0312,0.114,-0.0312,CMEMS_ALT,2026-07-04
38.6875,-74.4375,-0.0191,0.1257,-0.0191,CMEMS_ALT,2026-07-04
38.6875,-74.3125,-0.0058,0.1344,-0.0058,CMEMS_ALT,2026-07-04
38.6875,-74.1875,-0.005,0.1387,-0.005,CMEMS_ALT,2026-07-04
38.6875,-74.0625,0.0036,0.1381,0.0036,CMEMS_ALT,2026-07-04
38.6875,-73.9375,-0.0036,0.1334,-0.0036,CMEMS_ALT,2026-07-04
38.6875,-73.8125,-0.0075,0.1258,-0.0075,CMEMS_ALT,2026-07-04
38.6875,-73.6875,-0.0168,0.1175,-0.0168,CMEMS_ALT,2026-07-04
38.6875,-73.5625,-0.0295,0.1102,-0.0295,CMEMS_ALT,2026-07-04
38.6875,-73.4375,-0.0393,0.1048,-0.0393,CMEMS_ALT,2026-07-04
38.6875,-73.3125,-0.0529,0.1003,-0.0529,CMEMS_ALT,2026-07-04
38.6875,-73.1875,-0.0719,0.0955,-0.0719,CMEMS_ALT,2026-07-04
38.6875,-73.0625,-0.0919,0.0903,-0.0919,CMEMS_ALT,2026-07-04
38.6875,-72.9375,-0.1076,0.087,-0.1076,CMEMS_ALT,2026-07-04
38.6875,-72.8125,-0.1127,0.0889,-0.1127,CMEMS_ALT,2026-07-04
38.6875,-72.6875,-0.1061,0.0983,-0.1061,CMEMS_ALT,2026-07-04
38.6875,-72.5625,-0.095,0.1133,-0.095,CMEMS_ALT,2026-07-04
38.6875,-72.4375,-0.0867,0.1283,-0.0867,CMEMS_ALT,2026-07-04
38.6875,-72.3125,-0.0798,0.1375,-0.0798,CMEMS_ALT,2026-07-04
38.8125,-76.5625,0.065,0.1553,0.065,CMEMS_ALT,2026-07-04
38.8125,-76.4375,0.079,0.1666,0.079,CMEMS_ALT,2026-07-04
38.8125,-76.3125,0.0855,0.1775,0.0855,CMEMS_ALT,2026-07-04
38.8125,-76.1875,0.0954,0.1856,0.0954,CMEMS_ALT,2026-07-04
38.8125,-75.1875,-0.0168,0.1042,-0.0168,CMEMS_ALT,2026-07-04
38.8125,-75.0625,-0.0429,0.0901,-0.0429,CMEMS_ALT,2026-07-04
38.8125,-74.9375,-0.0638,0.0822,-0.0638,CMEMS_ALT,2026-07-04
38.8125,-74.8125,-0.0609,0.0822,-0.0609,CMEMS_ALT,2026-07-04
38.8125,-74.6875,-0.053,0.0898,-0.053,CMEMS_ALT,2026-07-04
38.8125,-74.5625,-0.0315,0.1021,-0.0315,CMEMS_ALT,2026-07-04
38.8125,-74.4375,-0.0345,0.1153,-0.0345,CMEMS_ALT,2026-07-04
38.8125,-74.3125,-0.018,0.1261,-0.018,CMEMS_ALT,2026-07-04
38.8125,-74.1875,-0.0021,0.1325,-0.0021,CMEMS_ALT,2026-07-04
38.8125,-74.0625,0.0057,0.1342,0.0057,CMEMS_ALT,2026-07-04
38.8125,-73.9375,0.0056,0.1318,0.0056,CMEMS_ALT,2026-07-04
38.8125,-73.8125,-0.0004,0.1272,-0.0004,CMEMS_ALT,2026-07-04
38.8125,-73.6875,-0.0035,0.1226,-0.0035,CMEMS_ALT,2026-07-04
38.8125,-73.5625,-0.011,0.1196,-0.011,CMEMS_ALT,2026-07-04
38.8125,-73.4375,-0.0162,0.1186,-0.0162,CMEMS_ALT,2026-07-04
38.8125,-73.3125,-0.0186,0.1178,-0.0186,CMEMS_ALT,2026-07-04
38.8125,-73.1875,-0.0349,0.1154,-0.0349,CMEMS_ALT,2026-07-04
38.8125,-73.0625,-0.0538,0.1112,-0.0538,CMEMS_ALT,2026-07-04
38.8125,-72.9375,-0.0721,0.1073,-0.0721,CMEMS_ALT,2026-07-04
38.8125,-72.8125,-0.0817,0.1071,-0.0817,CMEMS_ALT,2026-07-04
38.8125,-72.6875,-0.0807,0.1127,-0.0807,CMEMS_ALT,2026-07-04
38.8125,-72.5625,-0.0722,0.1227,-0.0722,CMEMS_ALT,2026-07-04
38.8125,-72.4375,-0.0618,0.1328,-0.0618,CMEMS_ALT,2026-07-04
38.8125,-72.3125,-0.0597,0.138,-0.0597,CMEMS_ALT,2026-07-04
38.9375,-76.5625,0.0823,0.1722,0.0823,CMEMS_ALT,2026-07-04
38.9375,-76.4375,0.0965,0.183,0.0965,CMEMS_ALT,2026-07-04
38.9375,-76.3125,0.1001,0.192,0.1001,CMEMS_ALT,2026-07-04
38.9375,-76.1875,0.1075,0.1973,0.1075,CMEMS_ALT,2026-07-04
38.9375,-76.0625,0.108,0.1979,0.108,CMEMS_ALT,2026-07-04
38.9375,-75.3125,-0.0092,0.1213,-0.0092,CMEMS_ALT,2026-07-04
38.9375,-75.1875,-0.0243,0.1015,-0.0243,CMEMS_ALT,2026-07-04
38.9375,-75.0625,-0.0453,0.0846,-0.0453,CMEMS_ALT,2026-07-04
38.9375,-74.9375,-0.0504,0.0743,-0.0504,CMEMS_ALT,2026-07-04
38.9375,-74.8125,-0.0833,0.0727,-0.0833,CMEMS_ALT,2026-07-04
38.9375,-74.6875,-0.0755,0.08,-0.0755,CMEMS_ALT,2026-07-04
38.9375,-74.5625,-0.0567,0.0931,-0.0567,CMEMS_ALT,2026-07-04
38.9375,-74.4375,-0.0412,0.1075,-0.0412,CMEMS_ALT,2026-07-04
38.9375,-74.3125,-0.0327,0.1192,-0.0327,CMEMS_ALT,2026-07-04
38.9375,-74.1875,-0.0219,0.1263,-0.0219,CMEMS_ALT,2026-07-04
38.9375,-74.0625,-0.0082,0.1287,-0.0082,CMEMS_ALT,2026-07-04
38.9375,-73.9375,-0.0149,0.1277,-0.0149,CMEMS_ALT,2026-07-04
38.9375,-73.8125,-0.0063,0.1257,-0.0063,CMEMS_ALT,2026-07-04
38.9375,-73.6875,0.0135,0.1249,0.0135,CMEMS_ALT,2026-07-04
38.9375,-73.5625,0.0046,0.1266,0.0046,CMEMS_ALT,2026-07-04
38.9375,-73.4375,0.0088,0.13,0.0088,CMEMS_ALT,2026-07-04
38.9375,-73.3125,0.003,0.1327,0.003,CMEMS_ALT,2026-07-04
38.9375,-73.1875,-0.0048,0.1322,-0.0048,CMEMS_ALT,2026-07-04
38.9375,-73.0625,-0.0219,0.128,-0.0219,CMEMS_ALT,2026-07-04
38.9375,-72.9375,-0.041,0.1224,-0.041,CMEMS_ALT,2026-07-04
38.9375,-72.8125,-0.058,0.1187,-0.058,CMEMS_ALT,2026-07-04
38.9375,-72.6875,-0.065,0.1193,-0.065,CMEMS_ALT,2026-07-04
38.9375,-72.5625,-0.0626,0.1234,-0.0626,CMEMS_ALT,2026-07-04
38.9375,-72.4375,-0.056,0.1278,-0.056,CMEMS_ALT,2026-07-04
38.9375,-72.3125,-0.0554,0.129,-0.0554,CMEMS_ALT,2026-07-04
