lat,lon,sst
34.63190605818889,-79.23749629158665,15.646627822051906
40.41725562757843,-66.09633445262963,23.335010279969172
37.17257621620563,-82.34858216702106,15.381009397500012
33.027610158120225,-84.5623965074341,28.931336559620622
25.138293681654062,-60.24469936021964,17.36152414820517
34.613855613508925,-63.18796219261749,13.862784319952608
20.13680702739063,-84.67215801913639,16.118818243802064
33.204171612362266,-76.61276436127542,14.37589208655737
32.60431937825439,-79.13081864620048,16.117642393616304
36.84738853759211,-63.353523468862036,29.000658428478832
35.95910037361509,-84.823232519177,10.33802535387851
39.571561089191135,-60.53217558439931,24.08954139721169
34.61601885212084,-79.11722971511858,10.995332739954986
28.330685872111857,-63.64005754943628,10.86191030716028
27.454519672608473,-81.48355653517726,14.894126475569852
41.345021041527986,-70.37640811663357,23.428090865087704
25.875756101370754,-71.07956062312444,28.94042119500586
42.15059510852238,-68.99226675942026,11.715125109199038
32.16304554903154,-60.34841424641603,27.182934071424928
35.91984433634282,-82.25838311110141,21.68201811795236
31.050096345518053,-73.4557385692668,12.448675795910969
41.95443090278273,-75.29257630698763,12.394741101368751
34.304386288319165,-78.61685180404136,18.401927347077766
34.780698992365245,-75.03456406933807,26.25027421929136
34.87906633992333,-71.10977291809988,20.145148527891838
44.23695380625618,-80.68432424310052,12.953562326389624
42.55223401065582,-76.0294054991429,20.363986500504637
37.145847556241236,-62.950437326016406,25.124545092762823
31.029893391141783,-60.40590220453342,25.07034030320434
27.079606331166204,-61.92924460630141,12.545232572860234
21.92272321809019,-83.00449455413921,10.823811369168224
43.94636386665171,-71.63215058766886,20.867275728345064
35.6253741893522,-69.08416756899624,24.072207526498744
32.131134469817624,-77.65864884140683,16.353774832824303
39.34925863198751,-70.02253424086271,21.073582909364173
32.051762531689235,-80.30783078289488,25.940104289115276
33.74565660818965,-73.05366696448198,15.189157483101392
24.97397858517799,-72.06255782532847,22.282275572397836
22.91119370240112,-60.86706540536065,24.599765866124653
44.518639777120015,-67.7462671880665,19.67452867087531
25.320563496088432,-81.433965076942,25.013376317853936
34.095925850664806,-66.07911243069057,10.281738609817667
38.27878367123433,-84.52316646490614,23.06880178824406
31.265778496074645,-67.55311174829357,12.498168940904232
41.58123994671847,-66.92743646863167,14.94722968780719
35.1994365891918,-69.18800565143083,21.306811121869025
33.17772810321759,-69.6725506505945,14.719765612377866
37.68364614133405,-63.773101674285435,21.06587760129901
28.88394695857462,-68.04740051352633,28.426589661643852
30.356424369046145,-77.21758703609794,17.652817962909566
21.318767106881158,-80.19285165282471,16.4038360136171
44.033901143070906,-64.11003667829083,28.968566818880277
22.876990767668122,-80.02128629923419,13.298885222888748
33.16223988740437,-63.370000745843654,22.043623979983938
22.39980434030798,-71.36190756429453,12.823700572353214
26.192250094090202,-74.1243507403355,23.88482903733592
41.91095913568708,-75.7436492757689,18.829723577363687
25.848821404642564,-67.07385607095021,27.870799148572953
31.83044125287331,-74.74613214872153,20.448444809219517
35.98181784863881,-75.38079155131561,21.626032204269897
42.61397449992464,-71.68332823554172,24.35361952933159
35.28865287103349,-64.44909466752225,17.764904532040653
25.0237458938137,-62.015856483727774,14.504060123744152
42.15435830468116,-81.01528075359506,13.517664932717683
36.7511973545236,-77.61011350622152,12.756004340814203
44.83868834263383,-64.07619800988962,20.82603391164308
39.213759109766556,-69.11927470082075,13.539203486760567
42.82776452375129,-73.15364321109658,20.82083166292697
37.057390840085105,-70.4190337347757,28.323791925423173
36.43649919558332,-80.45686386629994,11.326226908272108
24.778448100561558,-66.88573649489899,18.562110307674033
42.17006855013071,-84.42766077132015,24.59549992370796
23.871695038102043,-66.9979195775345,26.921589008781645
26.344271418237668,-76.02021178868591,29.116830250936452
26.326677418256605,-80.27949329109181,11.5583966480502
30.919362632491797,-65.05293292545093,25.957162321345464
31.431040613109875,-80.1144155463362,13.784634032306089
34.487771557893865,-83.71664951430971,27.870962711864166
24.6638918674715,-73.7634889345602,15.982496151181468
40.03236361380758,-67.00631836590543,15.89356329517949
21.332008255099996,-77.42571002093393,22.0049853303441
30.49542405981329,-75.71634857689895,10.421360939341952
33.33771712342357,-71.35779478298521,29.22986191355951
37.60904645688653,-66.57230576069115,14.8395546925532
39.20032246285865,-66.05155851427514,28.010710704503357
36.272157005818386,-82.00397662768827,10.380226155262992
34.711902921041556,-65.23989060646076,10.22620031375263
31.990062804480715,-83.27268755030258,18.853333282621215
37.19046658262734,-82.21581234452641,27.250531487612328
32.875124926015076,-75.31484307350978,16.89452233850563
24.451916856711925,-68.44766591581006,15.0511371294029
24.44904346468387,-60.468127660629094,13.48833573130771
26.904785844990812,-75.23895661082027,23.343303671212993
35.90676151876693,-82.5090692850491,27.120282774234965
40.585791691751595,-82.74904853795817,16.23507621807135
22.346732904430425,-69.23958662930492,20.14060928734397
40.97401453689395,-62.51958646090221,28.270157719845955
42.10036603736687,-74.30544817832269,13.91789753935255
29.77950613880477,-64.51665609021056,23.78798314756929
31.725265163607226,-61.351930813594564,26.92204893974492
20.638506260686114,-82.89033688056217,25.374499009030487
36.422805044411376,-69.53080411388628,13.859385415984152
28.319040644636264,-62.08172048940959,24.20977946056468
26.540983032525954,-64.60052022802324,15.521178686537901
43.7693091018772,-75.90923006978966,16.379710858641417
34.325816247898096,-69.11660563202311,16.836292604089266
25.345767265818633,-71.86723219043493,15.302683737034851
36.13896807897764,-78.4318377632378,12.05281071728913
27.719799587713542,-81.9133105626096,23.791163697306505
42.428674607627485,-70.63798075926195,14.809314788366951
23.009446403659894,-69.52162084005894,20.64568104819646
26.747467752312488,-62.94818442824669,23.47757775513901
34.77654734875959,-76.70843553228286,17.123586317003102
27.860869357229806,-65.19570272918455,21.328062282922318
22.17596062225335,-64.10103922952612,27.711809372338394
25.002681269358938,-71.45528278075226,13.408967651546016
38.849221021113294,-62.839920649769454,12.022244896841874
43.10066926450289,-75.98433217611186,23.05968758943692
43.07874695939427,-83.89661199495532,26.99747570077444
28.2338659732186,-63.11141617753033,16.86225368240064
43.83389841404879,-64.57687050205213,16.942004958036886
25.59428850867016,-77.82197974441074,19.02881208497231
43.936153570144796,-81.70115994975106,22.333274819050594
42.62890957493762,-81.35299194359457,19.51303075809757
21.165939720154597,-81.53383599721492,24.627327236641754
23.093509870610745,-61.773289206853214,25.09049753353862
38.12899059322598,-63.39796540372339,17.59631137774459
40.433257587677254,-79.1693699828816,13.416599061443698
28.41281780010158,-82.48518941641082,10.292120010790796
42.520213910357086,-71.69166930716133,16.41755998648768
34.0669338717658,-60.957534594921015,25.537174824507105
27.005882694749452,-60.65358235311925,11.67554139908243
21.55478711265076,-69.51232514599229,10.823292000028072
39.21016887333074,-70.56317632714094,11.500520650888099
43.491981055122196,-67.51824327658777,17.943574364751903
36.37365133234881,-81.01866014725212,18.28754917901764
36.84152736776351,-63.01554734576555,13.583574893798293
39.83797905391751,-81.60708648040132,13.62346344131312
30.260439203088993,-79.77997116985766,29.421166150520786
27.290226845871484,-67.00471773788382,11.004297834214157
37.69083446994421,-76.38197212747829,25.506986152756326
40.15007106421007,-63.60129675123324,24.82023771424834
25.414423626626853,-70.67163380349568,15.965523117082272
35.85256759936958,-69.55188661303292,19.625193135024873
39.95567991557911,-81.3373701003334,22.759118386163834
36.336570070512394,-75.42950248441701,17.04650851932565
40.230703071392774,-84.30282581197716,10.186148662342893
44.56011849781889,-67.62572482740518,13.154359268510898
28.979702558394038,-76.97448956960417,11.277356084210794
38.438143293495145,-60.22265851536812,15.775951240000072
36.096663684747355,-76.48300513768548,13.199678912629885
29.896045500130846,-80.83536394301825,10.647125027632061
38.40447705118575,-62.3457339521293,10.662998748012864
35.425703663664045,-65.10417893175229,22.501118362861366
33.70572428497978,-82.22698844858337,26.436810066904826
34.258990742702125,-71.37367607237877,25.0748311539445
30.319820465858996,-83.5577897052285,29.780781826209203
42.86117261631258,-67.59910566889947,17.06635044848627
20.181097753498353,-81.16800371170795,18.457235196551196
30.012171081271312,-60.163117025247246,12.821498155783095
33.78913185676845,-60.43391805686346,15.34539371672853
25.997577421916255,-70.5301379018502,17.876626484925275
43.179205742609575,-76.12822299723734,23.42418063303795
32.90273554815923,-72.67823581765914,17.2058962417342
24.256951007686016,-84.24345804719776,25.27866487041429
33.10171362372218,-66.9013200230453,27.981254233653196
25.155507639829445,-83.03766980173279,20.548059933255836
21.87135130275179,-73.59627041882767,10.273713213486078
42.30505485612909,-81.22967329003522,22.411115820415972
36.69013266566354,-74.96723036968199,29.587449525782127
24.48550987034729,-82.47543710938339,13.075166641819724
31.830027684462976,-70.51714995140284,10.79714618814796
22.283128109778094,-83.44009581990647,25.215752915531837
24.28014865738391,-73.70360057997122,13.51507395466646
31.45008954060983,-78.16121176874405,14.358627441429652
26.687038466029307,-67.51237573496357,19.904870296991774
24.32320506848156,-72.34475897970151,25.28915841380193
38.422495683405465,-66.80392026265925,25.380820389337437
34.054384795736965,-63.56136777476567,21.314217032292714
28.62006158323721,-82.02285370992396,19.606133250277495
44.96818850882988,-70.18561532612348,12.705318251516944
27.398661161555758,-73.83620130216588,29.66093002276412
32.20361833561881,-76.80298561509588,10.866508180138727
35.26903745107492,-76.53330344942883,13.3644314464895
42.6249294003768,-70.75879636602671,21.831085365061078
31.99014681437225,-72.89700244907272,12.375296768450747
32.76396683714047,-65.15016023976193,18.15241480724422
35.5139866238904,-76.36173699847224,26.604701391405637
22.219029646126806,-80.22737222098178,21.66483186947525
20.44838045522968,-74.15477216199268,22.621621978485138
22.277678281701387,-64.3024181712276,29.140197652461172
32.41744202645785,-76.64300658607243,20.02589363401077
39.329790794223356,-81.66549592460451,13.091224778291345
44.323131632272094,-60.294099495304216,12.371448674954324
28.762263259731448,-73.64398497494497,23.231453297527725
34.043591466780086,-76.78534327153305,11.393155443073555
20.821483141171615,-82.49665313834996,22.470365801473022
27.23269108321534,-70.85229122021065,19.499472248871907
22.692889890829715,-69.26353954245728,29.733783695173734
43.78905475207495,-74.52073494061145,18.95723479980358
40.43827591782701,-73.03043856430565,22.086656597001383
44.467081035918284,-71.93643272024386,10.777460560245407
42.56637750390436,-66.13015929467161,23.157889504328963
39.93929485220053,-68.31162833856544,20.4643807840392
27.373682149151794,-76.97454625160998,14.849941770922682
37.11559724608715,-69.92843460565727,17.251967717748368
37.01871938835214,-76.422432568724,15.061652558836272
43.60447849879418,-75.15814703298665,17.913420195070213
23.62385725706014,-82.31357137156473,21.076103652187946
26.625141107936443,-71.79903323794036,25.66636910164558
32.419567711081996,-72.79463181924987,13.04551414153839
22.195190980284643,-75.54791757317281,21.142186150133462
37.27669939178557,-66.17324649730625,20.784163854740243
27.567707248662238,-78.97343535093563,22.770046944476057
25.878894640236766,-76.40234194993813,22.25580645000586
37.16962630841492,-78.41262599821836,27.79398942273278
28.903343461146093,-62.298414040821385,19.402036334166333
24.549240849848548,-67.49119607069855,19.692288762133042
27.452860429656564,-62.44225931434472,23.556177616221913
20.680491712567548,-66.06937225600565,16.067184433099374
37.050996752945224,-64.84681758255003,27.62644616378898
31.225847648781595,-62.95162509562391,27.51643662302064
38.36412305490519,-61.85073525937957,22.035015379280168
36.99854205749484,-70.88603163835626,10.352187309558872
30.414248502206497,-80.19147637631872,19.086136508271796
30.865092180328393,-76.14514632004006,25.14986699346121
21.623794999891352,-82.16971017187818,20.96676130753963
33.86493635647551,-81.38762494392759,19.33956072597276
36.291984507959484,-65.52329956442378,14.211982829167187
41.70236469947622,-73.09486877146233,11.39063689329979
43.462354434468665,-71.92836814323444,24.729568087293657
20.27200348036419,-63.70824656450503,14.582906488689016
25.15977311858496,-78.9562059485764,12.940109747886295
28.568096225501726,-61.77247692359155,21.449234850809873
25.363305725068592,-63.620497078853205,19.199746772750906
28.730927017551906,-71.52036927328712,20.695730714704986
25.050929750320854,-84.8588720397394,14.248481617094175
27.91296452865958,-60.49780409727272,21.42540116127367
35.98511205183353,-77.97119819685292,21.96742743206248
35.633694249612276,-61.50585855297058,21.31667372566537
24.179928366199636,-75.44481648966686,23.515750226447082
40.59919871847305,-61.13379596210825,23.125487232778255
31.64045787548143,-73.69024641875313,27.66311168209727
41.77553398610462,-78.5079197367132,13.493930714609807
22.699772069973598,-67.75202927424962,11.935230284947622
41.17960348715846,-76.35734068430189,29.61338218920558
20.592097147061462,-63.70339436623519,19.64996073056627
31.01504637800558,-84.35103446714385,29.209770074699975
36.81147966064381,-69.69887587779378,23.95202547925996
34.685362155746326,-78.5940600795819,22.005288430151023
28.83838056613942,-81.070980270163,27.5894788109765
37.60874929705416,-78.10732163584892,19.638028043061784
39.8204219083016,-60.31106596658864,25.639897798680487
29.811857636412896,-82.64942939065766,22.471628249203135
35.97714331691286,-70.21557834740061,11.90249907755527
29.060598517683754,-76.74433267653845,10.612103707954482
26.62901861842689,-73.66534040889188,19.39617932374916
32.26404794810586,-79.60713497639271,23.25287839064417
31.285847436163394,-84.0031835141122,14.309144396871577
40.41142517730874,-80.20502378259843,25.707838067446122
41.642682648759774,-61.139508160270964,16.54234157420787
40.974818415939495,-66.11072545221323,10.941865723537303
31.914266332411064,-84.8423025405848,15.352937274536721
26.347888963689297,-76.38767078392999,17.665094475055312
28.591738216289702,-62.72365850863598,29.613134413101328
36.14769299314506,-61.57207931032002,22.737223521304145
40.77102302502314,-73.09574528706686,11.011731350472541
41.984083474140014,-80.26963736798692,14.584293173778143
39.28265087298379,-83.7162550303624,24.887908734908592
35.33389086801825,-65.63119848221015,28.666887760013047
21.775524696063027,-70.91273277836919,13.422651297997445
39.296228878585985,-84.94966901782551,25.628271087447935
21.562007507549747,-73.09331247224355,28.15302179766502
38.16939863007764,-67.42589237180445,24.00031481261552
34.56870873332647,-65.41730695301939,20.792850618627902
21.839967866785084,-81.04586438166558,18.353073246059246
21.296390311780645,-76.02426554758337,21.079262586804077
32.72234993671413,-63.585697572740074,17.2096401100548
41.11444228206235,-71.37012302623896,21.60954144824537
31.315152752001197,-61.72601122300439,27.35656064871143
32.29751441528682,-83.88180461784675,13.569084845538889
40.2735597416321,-73.9172438606025,27.247690131762074
40.5955478876612,-74.71801964435859,10.683909311141043
34.050310031990584,-81.69142292098935,25.25064106262999
30.834894980779026,-75.4498634698357,25.64582733408961
25.830102415401367,-80.77668660126571,13.270997076693178
33.85746584764254,-68.43493145324753,28.047355078840205
23.931363124375522,-66.3124369312067,24.535494688904034
32.61526011941817,-72.67043863441022,20.890683872604935
25.641656111578143,-82.0901144438496,28.114951600966315
33.48851881822388,-64.07341493668093,12.27094529008847
28.361187280179436,-80.92701912893997,25.54402361625401
39.67056421585086,-82.38623848583472,14.98722782991746
21.01266470462827,-66.07332740479288,15.90200807099558
37.04438626657922,-71.75579482324726,23.993340507713228
30.349727397949096,-63.79416502700465,16.90656266995189
42.08077621536076,-80.98927968862444,29.743838157890227
35.56907378380252,-68.56327081205534,25.023921683410755
25.732517954905965,-73.11698557776032,25.541270290561933
27.26438739718717,-70.29472880866477,17.361611589566273
27.459154401477562,-74.13326089679123,25.05049184228828
32.73838181734602,-72.12010238626318,19.706600732551586
31.91690867872463,-64.45716719103844,11.964295185034413
32.70796469340294,-78.02569087091729,24.95610469209261
39.970671651687184,-82.04291435104844,15.7873343585985
43.62582432151778,-82.01014796211636,12.659369137517245
33.460193876983354,-75.57720325957656,19.895605211230748
25.683158017273087,-69.52418793122496,25.137513260045914
35.781238255654586,-71.3708102283338,26.067865645961852
34.39971056593734,-78.36250011465859,22.40873183848863
29.07773638677157,-63.40566824897766,10.716216686812366
21.771440560123942,-65.19825960371094,24.862336747689533
29.182761969103375,-69.08352351092707,20.605311562013938
44.82693631089801,-64.03791146411493,27.979795772541184
33.13913531429474,-84.28909696845287,24.95637156924951
35.36254193731221,-76.22501282804103,19.43827710725941
33.516349202090225,-71.39519635623104,22.56101113637316
37.13687832211316,-74.26959458899023,12.046063193486136
32.10171487796189,-73.20221597638087,13.590547988352624
29.156632372817413,-69.73924514817986,27.473763957879505
27.089762382155314,-66.88382904177476,19.31080671829534
44.4722517684597,-73.24785462798901,13.834946682685311
36.93001095883539,-69.1511704704421,10.979414184520898
42.35134340425881,-82.15657469248086,26.22400623538518
32.682517096977264,-79.23519148206817,28.392991587965227
41.67882128320325,-83.83152482629153,21.93223543074118
32.01651015741591,-72.1955907044776,26.507765038531904
21.128877043448746,-81.77569876514113,26.17402276898291
30.44045661521396,-83.31994044957834,24.86549743142333
38.838106054128055,-60.6793600007467,21.05701900008684
30.985472633831378,-72.89463667125122,29.481526501114093
32.936722806828996,-72.00601472475229,25.38410762579708
26.551448397495264,-84.11008554141925,19.77979458771901
39.552196271856175,-80.42538128883979,13.111688606238072
37.84497028387379,-84.21044946443388,12.438251101281043
34.49548446479999,-68.68274145212607,19.106860699715156
33.10819934817783,-62.84807135947794,24.069150848436323
29.811309238570697,-72.45690636142324,15.470506051032578
36.23347656311422,-79.31067060705254,24.015458504485206
27.34399108938393,-71.70225696482764,29.303746351257775
22.66812257498595,-64.14810013196502,11.633624668464835
31.04881122523458,-61.92722345634436,12.877623009892806
33.56999762931187,-69.19429615266124,17.793096666249472
37.80013259028351,-78.16204889413616,11.544179141614757
23.76938470488079,-72.26813498590761,24.086127297144557
26.224057497551414,-80.88430822462159,12.45614699433725
37.17044182288234,-70.76778288418224,29.060258277958802
41.154677016378436,-82.21244477123514,14.759562814182125
42.87834399610591,-71.15640251929962,20.95899234199657
29.914335583327805,-80.32144400120829,10.101776205179485
27.445317670730226,-79.39475351845522,28.680072221531383
40.62648797143312,-64.52487795679889,18.658806829442103
27.393292762354193,-70.06338007118106,21.95375109904418
31.533950330945306,-62.5053039641066,11.472957688392036
20.50071545699196,-60.33475463257048,19.778957020904215
23.166225711770572,-78.58174594175622,14.718687044291874
23.046466089133315,-68.79524619599827,25.722600265201358
41.701281143910094,-73.21918800995684,12.565968363644455
44.17279740024567,-69.69708446691104,24.43385056512589
42.49427980823633,-77.40295984240707,23.92900257514988
43.30350479271266,-73.7754390112628,11.225345233424626
42.84083980088897,-70.66016590620733,24.248434700697352
37.175632769658655,-78.91923268825047,22.190685604085616
42.61548619963119,-69.50239103751797,28.658557889810595
27.611590635996432,-70.28068707516628,13.978522172466022
43.677807589813696,-68.5501610182354,28.539254593335272
35.46329432453621,-72.81899428553974,16.540005351355617
29.99137650289392,-82.93885657971924,27.68089249322144
40.77054541290808,-75.15679626709424,28.008483907262082
31.97572593295043,-70.82940027966102,13.169779983683071
23.36870070160814,-74.96103110843438,19.12068605140044
22.873796612555367,-73.89164563577992,14.55288605404971
40.15975079504142,-77.10730328856168,25.57632365106354
21.081069969039692,-65.42354505430109,19.539472156613513
35.11202468925596,-64.54609334609404,10.634683352488551
39.03725031653376,-68.3468951428521,27.46681582223748
32.87456479415741,-81.98049546840292,23.23886582253177
26.873153805493843,-80.24171183771278,27.65831740802655
30.400215102548323,-69.19030329267825,15.902557632612467
29.07791434164421,-63.374477041706896,20.391594261724308
29.393164324392828,-76.52145703523146,13.201958394987178
20.9448876311903,-76.18068752227953,15.646933666833254
35.063590486219866,-66.7568937104241,29.549280093333145
33.78809193968417,-80.18580893723367,16.578075655607776
38.37556237514552,-83.01160264958493,22.73827100675731
28.41442320143922,-74.0100375713381,23.998131539576093
23.38077349813766,-83.84865203160619,21.505703360682823
33.69710024616439,-73.51397641400561,20.827056840535413
40.16605922671223,-82.87306970951218,19.212717183436066
29.37190197144517,-64.21508540237222,28.321081123069874
38.4966576315354,-73.52931603419341,10.466978501233829
21.149292181594642,-62.150330833137176,23.913316308757167
37.220494095443435,-66.27550051699787,16.152721055358775
34.347026212403165,-60.44659114265535,13.687092904617135
42.077985144410846,-84.80439176933159,26.18074964355928
41.54930102853531,-61.2031377100157,15.07716421226019
25.794811027320748,-71.9420356256263,12.19694328351139
24.770631357809858,-84.52283153484412,22.789439419956878
32.3713401772217,-67.06899009359564,21.81179453473989
39.00500882031116,-79.65101893516812,29.344354518035733
23.532927486854568,-70.5499937084152,13.03014306050531
37.06685624146685,-81.31575736128462,15.193714565797316
44.289722732690805,-71.76185924123357,12.072454678693159
20.487116335825313,-80.02874708199532,10.571258088605708
35.30900026488723,-84.99138045586294,19.778037003824757
34.13676865985277,-75.0542632958954,27.435978452605035
30.652405520159533,-66.4941105102846,20.15487039223761
29.124538058795196,-62.729569507633215,29.267949762618546
34.85271287709925,-64.38205833201869,26.54550713296052
30.601913138860375,-80.108916988734,11.745288377550143
24.391148159240263,-76.543562948644,10.6691248572042
44.179933977569306,-61.3906476382264,18.51964131369263
24.19269735802807,-65.98152899086101,19.173808225785038
30.636888523894775,-70.43557174990228,29.514654619860316
32.740666857174894,-63.86468969733399,14.298703702452467
22.135663430041582,-63.93356988207354,21.089147376877506
24.282801584608293,-77.82185172877838,16.140453271017734
34.27078439520531,-76.6368125830908,23.84905338032391
25.12370146377141,-66.64074861662418,16.820006082697713
40.16513267679247,-79.01935489589155,28.142457587194993
33.729237738039686,-82.81018299388236,13.357665980665566
35.955821542423074,-69.18755630521086,11.206630084491604
36.71525132630171,-63.049434396546715,10.438638109750304
31.005583548553478,-63.46136912639978,13.583794398138906
35.24999891184917,-73.29324383783829,12.741741115747942
22.66800470952112,-73.65304286949718,10.058173764217834
38.189056285250224,-72.35040100416204,12.235550469870017
39.931230525675446,-84.37411208780252,16.552479147768825
23.101408372986572,-80.13496965484654,10.284803625339428
40.12296535308995,-84.41983628605368,28.790713903491746
30.862239209216614,-66.44985631461631,26.455422733774153
31.12981500750973,-72.4825002946778,24.278217081211675
37.269217604120065,-80.06719429167293,10.308926873992467
24.426274599722255,-61.47123192963448,12.209547520069142
30.987158693686208,-70.26392485959309,28.391487141678994
27.84900577467635,-78.57565902698667,17.143409067713378
41.14550077986341,-63.74665307455685,25.500468991027233
43.326374857700344,-65.65525308665136,24.601592001519528
42.399305191585896,-67.51433387313736,23.490042641033657
39.71880781773329,-63.66954153283482,25.575735722623428
22.758128722641192,-69.085221183899,15.690532589958144
21.471603363976566,-71.49885279600075,24.190747045151898
22.023534369580705,-78.35617815606975,21.4009983653124
31.420786836347997,-82.48338900662971,16.361052442984057
25.93720606912233,-81.50347403690631,25.210009224107054
26.32600785599836,-77.6077642633098,13.923734608280178
37.302004671474336,-61.59336258229794,10.466439044691851
27.88848119335675,-64.9982813944543,16.72711764858242
33.06837803431285,-60.06657088924055,14.357520825437549
20.75593214507448,-78.75095662615328,19.230904347638273
22.12990744453402,-84.76052606060007,29.21504286411176
20.963685431951923,-63.84744038886078,24.31412600653584
38.721123821538285,-70.18193657716179,15.563285182225876
28.892434074098734,-69.5137709492205,27.826073240825743
41.266607119168995,-77.57628174983077,24.626177479533794
33.34812214026572,-63.53214160912444,16.579582463170826
22.6983175004575,-81.01392150057013,28.158819086366872
30.60262268004236,-84.59847297709473,25.381161416313642
35.91521479184259,-71.07737911985178,23.000844106746932
30.422993235737277,-64.61255743815303,16.75725141963973
21.041629016335673,-83.85926123199658,17.109775010990404
42.17313146572734,-65.9724705335135,25.29560854516762
38.598827671630005,-64.3828614043595,28.210130861746666
24.585984452999888,-78.1153737150882,20.02492979936911
26.36813083648436,-78.62473671963328,27.916453929926867
23.297289643787142,-68.3659882388286,24.315106125098517
26.61924657750353,-71.7005917402831,12.830920181350072
25.99486960366005,-67.05001632625712,12.166128172586365
26.035620046236307,-61.47860198528488,18.102446216315798
26.69734620505179,-65.17015000477126,15.673389045065331
44.05910565958057,-62.22399783489185,17.687259310769374
31.282244605666456,-67.82692853258892,16.160055941147107
27.572195293246192,-68.07634602211205,14.438897052833788
24.19621415792347,-66.64696355201153,15.199870530956964
20.956161437608362,-67.35662792838625,10.718771805126329
36.37356935975727,-65.29782955578845,13.763264454402101
42.35612462946937,-77.96196270768309,17.384580982516322
33.03185436505703,-75.9746252470821,15.692733395316637
22.978026722689755,-73.56558254495187,27.658373791849268
32.283514836815456,-65.74295311489811,25.104675789183894
26.453580227051447,-84.18698211141982,23.822399864184327
44.55784048791769,-81.57403016219384,19.331262890950597
31.666505341992895,-65.37037444644348,19.586947608055038
42.93085808103761,-72.8665563198296,15.04962486516182
27.182747933563466,-61.98509196239954,23.7567614188265
24.226657691516223,-74.49629031468898,27.484270545400545
22.377901999293364,-63.343200792648666,23.55390629077927
41.168565890521805,-66.21858290175794,24.65884261597942
26.972649021924923,-66.48504741210397,29.158566516715613
29.293735412062333,-83.36122799666089,12.663208950547265
29.950960558488227,-72.66775975965257,27.92095224294047
41.51050114263755,-64.17859862728697,29.923288069871017
43.9025838825053,-80.30428305959764,14.19351024132556
21.265077180993764,-72.59551862240936,22.764784223385846
34.423189564930176,-74.29744966335483,26.406290610591817
44.34319628071222,-65.92287476498922,23.950945154826677
28.336716703623335,-73.07710254253999,10.983112900988576
23.064418043313736,-61.64117622010839,12.419663698015688
29.014059335911053,-64.14228942608706,27.422911374116858
20.71853572960444,-80.26174962670005,17.99156766828849
21.88047980598394,-60.98431242627117,26.374855729550003
44.77168189813543,-73.93297112060709,10.087825991975667
28.022147851983952,-75.65865167735318,16.563713251435434
28.949842179913624,-75.91503726705146,20.808823269539307
30.243496752586793,-71.09057799070362,25.13382011645613
24.84334336942074,-67.10251570570526,27.367729773156455
32.05856283422243,-80.8874861518246,22.90519765521325
41.212489328498336,-73.04725853243959,10.094469567580937
26.34618672295851,-68.08965938633634,22.71527699888382
31.246077137737235,-77.24102438871354,13.999536454855274
43.34359788094142,-74.98400240291114,13.788623240756504
37.98389965414991,-76.08026699830624,12.747968018508953
35.21303351585149,-63.311183649138165,11.937091061042974
42.424099651747596,-62.51130364685723,24.917696572043944
42.96371141247587,-82.41287875558045,12.911294380925495
33.12498813797987,-81.40599998090283,26.525537726532708
21.462111824530492,-69.81032625953341,13.447897102120425
20.988467783237443,-72.3436775100944,12.751384631085108
41.55321691024852,-63.28368884207198,20.78366646601456
38.95281864180599,-74.903536540622,25.053164831673918
42.30117447657279,-75.10389024302928,20.22985405912336
30.69742441820732,-70.30019951678166,22.879330563987864
26.45253266284886,-62.02539568508993,25.490877702319096
44.874690764095995,-78.12481012789682,27.747749516591412
25.748612208460205,-83.10429337403627,13.33997988943608
29.271404809239506,-67.92379061494381,15.163370162510152
38.42277598656604,-61.27239727581164,17.6595250734021
36.69073475296484,-65.2435680172938,23.83268346522778
26.4922007166008,-65.19483351097539,14.851617700915563
38.4383006392314,-63.23177539574485,17.647237313904608
40.40602887738445,-69.55334202848802,11.66948109423644
21.350617982001843,-68.92907416489481,13.064299762866181
29.451677270190157,-66.1034922047852,25.62416672508379
36.730921653342634,-82.32376224305305,14.657682402715317
29.557882130084074,-65.89540549032577,10.198820505850708
29.091538489854074,-69.56382422521884,20.41150594467986
23.901476531614062,-77.89785431918625,24.98963353288051
43.899039782755054,-75.21792309320651,21.57977379818541
40.52873782445167,-72.82259326790893,12.566850928638477
38.33058207447647,-61.42843412066004,29.695045313331544
32.34952105420848,-84.92530647036456,12.436400173583698
37.34280158252922,-61.3055463197773,18.756639986145593
34.64370842480292,-63.284828933900116,12.765835080838722
43.70846674787309,-79.44424361810304,23.404193856434997
40.36071372094195,-67.7543671009534,25.203818529704563
31.672629227728848,-66.22879273584593,24.6094543753455
44.107151786403165,-66.3702280719557,12.931440467870223
22.26172074575332,-64.16027702741877,21.42354699294432
28.287440461933922,-80.82999313457712,20.47374911920653
44.17416507808568,-84.49943706414976,15.101133184926416
27.080420536491072,-64.69415005990075,10.679534085475469
40.43628121872189,-67.0134713623782,15.430165994184286
30.91685749634175,-68.06619017029665,27.950760531158913
32.51711056841371,-73.27718312258519,11.392311867705082
34.809133430242454,-74.08673176177444,22.47478260651479
30.91122275175879,-74.71063880202725,23.035523553372748
43.70972240954944,-63.63404707948191,13.858061119301174
36.85000885302118,-84.9721833054771,20.11363521466166
27.65297125030063,-82.9994141272447,12.876126932901704
35.353868532229626,-67.34567739601158,16.69326833603865
43.28940324117747,-76.58361912170862,17.487390417678927
33.099097144074314,-82.30464537360743,23.458351600276686
39.846342925221464,-64.06459149076407,23.897670267032012
23.4777368853326,-60.48235428880705,21.265273962237874
31.092085815223925,-73.23513911779743,10.082124627859361
40.52636297217343,-78.46644478574929,16.5715569104844
26.646274909458874,-76.72546440583888,15.032266009471336
30.86734657356614,-61.53746031296383,13.053169234711582
37.729821211597745,-74.74708429615939,19.328843653003446
22.19203746951044,-82.65098248081141,14.004033403344959
29.453447088458375,-70.87484463990138,22.272639827617425
43.31918753270136,-69.04594506041077,14.313235399925928
40.7658254210284,-60.0182490927776,28.947288819610304
29.690520162814565,-82.76392560552806,29.46092836944616
39.015520263189345,-65.65686967972007,26.23050821050017
27.561121332505568,-79.11497348706551,15.726199170356951
33.725529454549495,-69.46483936071151,20.67425588093454
20.019743183223156,-61.53649906678973,23.498714394522427
22.847856213923222,-82.5605032219053,13.520038153291855
22.15923562303688,-82.86677730622759,11.536669049751643
27.541269252515143,-84.23825848367,14.709370434916947
37.85876042081961,-63.41996357707077,12.32378276862075
41.26936583667223,-68.24446673844365,18.997592543958966
20.521682484182616,-79.16690522933851,27.723139325091125
42.88461104968757,-63.34114901471631,19.609792955827444
36.31540345867107,-62.3147466530415,11.660547265451358
27.926037536736725,-71.17986024565943,21.549160320393995
30.714242662732204,-63.875935899170926,21.709230185167733
22.370644845131935,-66.84893227638844,27.862800860856474
29.613990974435772,-66.82161618615177,21.982557688477748
23.59379497410559,-75.98940026459887,20.813697619904303
31.87817194861357,-75.46519311790416,20.94563927607757
41.42989896139071,-61.68272527292046,19.772066807608415
31.869705562081528,-82.66874604808501,28.129768515745305
23.490472920683093,-84.18067919317158,28.122011827299445
25.95622658877126,-61.86881490210029,22.580290595717898
23.162910079932928,-62.739925582767654,15.76717183770851
32.97565474899486,-82.9359217886796,13.231125078269201
21.960396739256854,-60.88064676648447,28.083881600168016
24.74105960413446,-62.491953339517906,21.86342344997318
21.023271889564953,-69.08662726532934,18.64095128520364
35.81240980900492,-63.43629934885689,14.810302643954948
24.251306773232884,-69.79301876668391,11.115764735086175
36.27521792363979,-77.78718672338114,10.390549279137655
37.65887330738677,-65.21247755866166,12.567648542620178
44.57003867375937,-84.40915898141289,29.590896595423295
20.079923283206625,-67.13323948417461,13.4024467794712
31.539124492461475,-68.92370823275455,29.250179532588568
25.34003048139983,-62.15819195195854,23.681705043030334
32.36710511730638,-64.52436996565353,11.306909094683203
32.634725738831236,-71.6299372077325,25.03381791185714
43.81085255327065,-83.52770109395536,10.860450697163058
20.968916158221543,-70.33904436782,14.375020585600618
27.351510064211336,-66.67232452600152,21.030381980653026
39.82731618910493,-76.8901519820541,24.348965802030442
33.75161850829416,-81.89214047272522,20.079309563960855
34.54494903857824,-79.87773685677514,14.407287028505502
28.696493854468038,-66.60777934303813,21.209834776797095
41.56999276707171,-83.66713499938429,11.216172857268207
30.179671160900035,-71.55531328212322,21.825654809244732
33.54925957411527,-82.58262273431473,29.143007854387083
31.488313399448998,-73.3424721183224,19.526442482264823
36.795216206266645,-69.98665345438928,17.815277764752963
22.488837095714725,-71.39270968987053,29.98885324009805
23.969593665334454,-65.54892215276323,15.218368971340226
21.068432730022618,-79.57396271916495,23.54000175265105
24.72021346504696,-72.96801805973313,29.034227305669674
31.188270014736293,-64.30596364607668,13.6292724626488
43.46044013408623,-68.63294037396585,24.083587610949984
25.96412262639607,-70.97462119514708,23.984031752954834
40.529902518469385,-82.82699157427503,22.79075049340367
25.652551544355646,-72.02009100794021,22.15961435745689
24.88256935027801,-84.62594995523132,28.70878971267028
39.39687691574086,-70.56153285651432,16.0964881197806
25.281285335492505,-72.75071442637727,20.756613832779635
22.428454562668946,-83.27991316413961,24.586775629429887
20.914899582340972,-81.20968518164682,10.87919850551533
29.50215455148228,-78.83989187277622,10.269798127169993
32.64049843482299,-75.96914350473679,17.737715337606875
37.594236890088375,-77.7449742549804,16.57173922510545
40.31014874963421,-80.21487199887524,27.191273812083747
33.66997002521825,-72.31638265093379,11.171567001056971
37.571483388190956,-83.5558729402689,15.776817287270505
40.970314240104955,-70.64248938453909,21.633764368227624
26.142138382353373,-83.4930878547278,15.441814482364816
25.897134051641185,-84.48567564661357,25.01859700929896
20.60212393348119,-66.28608946037807,24.278597571565875
43.58824991970458,-71.24286361521105,21.357648072569887
37.81647479173077,-70.48665776058077,18.43815153267374
24.40518083611912,-79.8081907660544,13.645542614865576
42.11959477960702,-72.77390553792863,26.83596236728444
32.52734113830563,-65.46406813249287,11.787030818682693
44.286020513283816,-73.4994772546547,20.59843482370247
22.370260607013027,-84.0723430216835,13.959470306518007
22.590565007345095,-69.86362460929736,18.578571563108895
24.88729861902975,-80.50059260777633,29.739418049464657
34.139701056054925,-63.092747130177074,11.940766712718602
22.09142290785436,-70.79981750427969,18.319749350786857
43.22662821107065,-62.52986213063333,13.534037539399893
34.970771195110665,-81.84353379570084,11.31459248950555
20.940137383376044,-75.22024033464356,12.436172619565308
33.003629809160095,-79.75484995674634,18.726853968856442
33.436317872413504,-70.1946759520825,20.02125459459831
37.7508826659457,-74.74728430567723,21.367440803819306
22.296817164467416,-82.56916367747435,26.587801355912838
40.9383454742459,-83.80590036497973,10.549671022794795
38.60133595755041,-77.49454517552721,11.707705035673001
28.63837128486329,-64.53855588252384,24.99475803855588
33.04981836674043,-81.24957139226014,18.780519611834453
32.049673908144804,-62.17804246290771,24.31562107722367
35.68650917487261,-78.70470125803439,23.346674169331386
43.582941919128686,-65.496298056458,14.033459027811277
33.88197464399405,-69.28498511859844,19.327359073462926
30.786476038517826,-65.90813518680343,15.446445729931105
24.966880808547295,-80.78938852576928,26.129329617644874
40.35917564648703,-63.18541065346885,26.480076604356103
31.954949750428895,-83.00872213315677,16.50695640068224
26.75387015604039,-70.41595979849222,22.95948335885185
44.02093843017572,-83.74097666189247,21.19941259487466
22.13345553156823,-70.1969637863597,18.131885958636563
29.127791175088134,-72.0787656745083,29.294710341322943
23.601228693586393,-66.04161331380587,25.9134788228828
20.598682330258715,-73.12108840669764,26.491321361017167
26.973264017542302,-60.444558127669495,23.95010268933653
23.689729969481693,-74.40336197323633,20.573700168139688
38.83634336518363,-76.16028356103125,25.622672080991066
22.967563926505232,-73.94533449019764,19.024283526889946
32.21822013801592,-74.30551136490782,12.756398354556381
36.52118403514992,-69.87030257953812,24.656407904558066
31.161960526557436,-66.17558184558459,21.308495844211045
34.778499081781746,-83.40962778631689,11.015845813730724
36.21194637117185,-70.51648418240053,11.69365455244823
35.61538522451414,-64.3832864342857,29.922270603255704
44.13978680301308,-61.2446287453261,19.06670364844762
43.722641429094054,-62.40411422846069,22.073653800534554
31.49065169742125,-73.32444407264039,23.78856399584221
24.781312263360284,-84.74858553457847,13.607363301759925
25.097152078310437,-66.41584271636854,27.72851271788596
40.25321290978395,-78.74666160269652,25.616070214073744
20.513535523237937,-61.30376161111768,11.40189296591937
43.64782534161781,-62.00053530882636,24.000678490889882
37.13264371276456,-62.442598151424036,12.066361222909572
36.842428335170204,-75.74976787775438,18.801264261532133
20.98740639861439,-70.69255878406564,27.90750983027309
25.760290773655917,-61.138429239233645,11.36979233705073
27.861602411206427,-72.03790388258105,26.51991371129305
23.615259087826757,-83.12706908722517,15.727829530376077
34.154937821627065,-60.901904825014874,13.81602076735295
20.20267367808565,-73.68798683010053,19.855530472784118
33.83256500345998,-63.06825080387563,24.723409262293043
33.34040005121267,-76.44905216327993,25.291251138365972
39.511103914887016,-67.33848573559318,23.45774886962711
20.70503649020381,-80.51387805717395,13.451887528231602
32.296819614134805,-62.427550694248595,21.303592633821225
27.63822203658838,-67.57849058089555,25.140603623147285
40.9510968673046,-61.77823343724789,28.791307944812395
42.02536764404168,-81.12978122741666,26.0193809575178
21.365968244066643,-83.42697210675448,17.27371487627139
42.7843555551645,-62.655243965250634,21.286109469812885
31.280844876774125,-67.54274540402645,11.679454933509048
34.66793438549446,-78.25704399698829,21.14330995494618
43.01931989531777,-80.22450400130504,25.232920873476232
23.675387775375807,-77.04003270702067,23.313194048509498
21.803882001809,-82.89738051873167,15.617816588733255
42.833643471368816,-68.33953353505352,28.702544275723884
37.65093183908698,-71.28413296823219,24.491537508484917
36.048246821699756,-84.14776705834122,13.358119130541633
39.90246451648266,-69.21407020075921,19.58201823042384
34.05130332561427,-74.91495210120928,20.397764324970623
35.27528951455928,-73.84766223066283,12.81664879264817
21.969575918490193,-63.83976259360411,17.666707777806945
43.94876304200987,-80.61196944239907,25.352383284957682
29.893730300843245,-65.74515788552897,18.16144511919461
40.47689680880731,-80.13863458623347,10.758092886016886
40.59407223632698,-75.33935569757716,15.639752127849446
25.085383020795362,-62.21907707722855,25.169838410189367
42.624750401734886,-82.869965061657,11.423132760163508
42.018640417470266,-62.57687448649837,19.646236971432312
30.262587005397627,-74.03791305262425,28.653283905380114
31.41975375678879,-80.18298906102282,25.155051752308108
37.82500216918439,-67.86597550436633,25.17158343116227
42.748764766033545,-83.16553483050276,14.605993455450555
32.52675655299092,-67.2518769311441,14.469627064354922
41.14521766102852,-77.3530897399858,14.293973194795113
38.39905916089547,-67.69285863633604,27.03060399081288
32.099214910446705,-84.95944803047185,20.34157493637376
42.92364167054626,-67.57084364348614,18.408756642180382
29.075740362595347,-81.8706029375673,17.690106646551648
44.15459399670037,-69.90860205375742,23.17620510738449
38.269272152951004,-64.64105495703883,26.215272845726993
39.53816439180726,-81.98015294507678,20.74615460180676
20.281467083454327,-78.19785114327169,26.37359838141578
33.50307824154909,-73.3762164867715,29.397709265204604
43.49666291387926,-67.62471612805481,17.459541855432214
29.289584786444095,-73.46214530540321,28.143290569009284
22.215612526662582,-67.37434720158305,12.438479339738379
31.456726128270592,-73.77239486794734,22.323833454308144
40.23478447688103,-81.73888869577476,26.53422254533868
40.08268227076694,-76.19873308231817,28.009983240100627
21.186300315925546,-83.91097417701954,14.928904750405641
43.02038495842256,-64.11072221903217,20.79487650862678
26.885866766159413,-72.4406908646766,23.004399992563098
32.731989433067355,-68.68112620302078,27.708512783222037
29.880419926449065,-75.77454065885031,24.152984976635313
21.261656223523826,-73.52235982542119,14.056491865689791
22.534411238414908,-61.12988221872503,28.586137247306358
25.689053589280743,-84.68515226490196,28.23259843627148
23.73867757951812,-63.4631044040593,28.738479598649324
36.09002163203924,-73.14554949404744,29.868028996064076
32.08879176433226,-70.50676198626573,19.929731734926783
33.84408121235741,-77.58262685248525,26.423344275931203
42.38429825284223,-78.75979140832592,27.416301038748003
26.966053446317396,-66.51224466561388,28.774793379061713
25.22826494923417,-84.84375730799181,19.117925365384174
38.5209183159211,-62.55638022185147,24.932010572961072
40.43662437006179,-60.81092815633337,20.308384347382756
34.506960703251124,-66.12597120382743,10.536073833111654
20.2413271982258,-74.92166590292943,10.136783378534824
21.098280289052088,-72.24741765448333,29.81145144432027
24.73961086906695,-74.31761609230685,14.526296660222425
41.47287275600958,-83.43866794227635,12.04529261929293
31.465952288409163,-65.43685192732096,19.49112958303899
39.19772347038598,-72.32279715320394,11.951871781616155
41.44303073780027,-82.36753381627808,27.340793359485577
44.47036302806655,-72.58666258293209,29.479935701554304
41.54667921438097,-80.54345682566694,24.1244111625909
31.49919644451365,-72.40690362916179,28.170131352454142
30.48828519957747,-83.85363942185595,25.353267311481083
40.27185493920882,-71.89531494363365,21.004764601432065
27.120131022494185,-60.67198001708379,22.38024314320221
34.768375496182806,-72.9162286957394,28.941565323677338
35.98458094169433,-81.68110048895849,20.306189457453
36.816674881814194,-61.88981458827767,14.308849998825346
43.522342170475724,-74.69697764310038,14.79637890157046
39.85676208900452,-84.6314165828316,24.737915526267837
21.747428866133458,-73.60991014914731,23.38402473273245
25.768230004206032,-65.97872967417105,26.31708175118902
37.38154587407614,-76.84274540130431,25.70469689750544
27.119317070158555,-64.35679680770038,27.729171510460965
26.381008260428562,-82.53479276526335,13.858079903108864
21.98051901099711,-62.13502217335805,17.30959426232824
25.40304786706008,-63.05248107634711,22.413912514450548
43.13341439627206,-84.69539720686436,19.016115146599116
21.761322570084847,-73.05175744845438,27.983276209717605
25.402568466789038,-61.65644240922451,16.313333835495
34.16026296636201,-75.03818231817763,12.665851000862183
29.723062086445292,-76.33196325336574,22.182397053778146
38.15517566444544,-68.94604570199282,29.294448123227777
36.831182012819255,-73.84592746502791,19.98039965622833
29.615050788368343,-76.14997711502957,10.484737346599044
43.27892733544033,-70.64414841082547,19.69027616313747
25.931590149326844,-83.9311099759904,11.926678501508373
31.338312513404716,-75.09612570208336,22.889658654285125
25.387617322007927,-74.05494068715757,24.34974635743914
35.104342590547205,-66.21482655075987,22.1440637530217
26.431631797304078,-75.08098894765172,24.273093142015572
35.559010727020166,-78.75556853239894,18.226745140200535
23.67718167320882,-77.32714691659487,23.782403875805464
36.41149661039045,-61.661542895662265,19.83279913209895
24.858810474640624,-66.23987474029269,19.11404745526801
40.10585931465697,-60.39907977468107,11.978967553171938
30.004169406119818,-67.01956569104509,28.271442469444008
39.73980000433625,-69.2666966078528,19.217508941982842
41.977025178019495,-67.71057204091395,20.421713185463197
27.136789034288775,-75.7775826899503,16.61460129004588
21.40013368918431,-60.37682005895627,26.034224196963688
32.16459880317304,-81.812103184677,27.548054689308934
28.29459976771187,-64.37043982947974,17.594430037669856
23.500307439418286,-63.86468316928156,18.631654031172623
37.22689403525584,-84.27674449425191,17.13087254379198
28.541230050393743,-83.87409007465064,24.033303223916267
31.32974623910463,-80.0282374028768,15.360487304595498
36.6482511196016,-82.14899949320461,10.115423449955475
31.333093916959758,-64.28294395851839,16.099194439954076
42.725713923823356,-77.20413250368686,10.031179244355277
26.118747269868884,-78.57133045158541,11.630231567372618
28.493650339697993,-77.81803881777205,11.466991338090493
43.18321045038671,-79.72039333967173,25.061864058164744
21.474580209174185,-60.57920635232681,21.96806717862001
44.00846251126728,-60.87216502983229,24.890935595968234
26.000317453853498,-73.12757457508397,10.551777148746023
44.54904643062457,-81.86418517530954,20.635161913874683
23.176916702038234,-74.55098635942807,11.001727978799774
24.170153320987687,-60.88461566895965,12.439429660058499
25.127293624084796,-78.73800138894018,22.47141276281372
35.96707364726205,-70.51764268838889,26.08147875201009
20.871858829143477,-80.75901241159728,13.468530645499037
31.11722627983085,-71.38270013482428,26.025955000440575
37.97251590154326,-62.70243131151347,23.21940737616972
28.22873824661213,-76.12551057488861,18.45533799826581
32.35086400592561,-60.106040121015326,24.070986874638493
41.90408462150289,-81.72575677724008,12.002603940599547
32.805232737991375,-63.12097850549404,11.794945770418257
22.81669698059845,-82.66784258553463,14.474733850826691
41.52252833370044,-83.54741761966758,20.880378627211222
35.00117311014594,-65.56141854596817,20.79180054671101
20.8127148228709,-81.28088513338257,29.94218680686679
25.41046564874142,-70.16632385759735,20.81962632269841
40.431660993304526,-75.09487485451095,22.343807316620968
30.912090742054346,-80.06847389430696,22.094395869915346
28.880440312302447,-82.85129981546612,27.169775207686705
40.47633276308666,-74.1594006680651,27.00535151481459
21.585570696579246,-64.70095130711981,22.321375446133494
37.500576034709034,-79.76047474117523,24.879996046476236
37.23882650256185,-62.000392381328965,13.710547771394545
29.127177392426617,-61.72860287509746,11.855215592501217
21.751149222967406,-62.48123150035272,21.65345985600475
30.42422535728765,-67.68884185118033,28.412814151154382
39.78694462307156,-63.32345216054482,11.03588281059837
43.57275093046549,-62.89614244585772,29.504995443048582
34.79576384322591,-80.44707073914094,12.605975919935862
24.550332343847053,-64.57047614613171,19.286279435713883
20.16529452429154,-79.77055941877768,12.859715326508361
41.90355119575935,-83.3383349019794,13.715254585578162
38.855165633732,-60.66462315518851,15.330186677813684
33.55544535399933,-66.37543800397242,22.976957887714114
28.258502468183806,-71.47765451950207,14.533365122836969
26.121205178103835,-60.28445009557414,17.0109991572765
41.22202876417626,-71.95511200912526,25.60437422013221
30.074640718816887,-76.61523788564655,15.253009990855857
37.29863783294728,-78.27599245205073,29.306434497980568
29.129721826817658,-63.913750242915,19.743128121587468
42.35417725519201,-73.92953742519235,18.459120264771563
37.111041827913354,-78.36976175552594,20.040076770912005
29.889434470733526,-70.54497069701462,16.91166361355306
20.299704688479796,-62.78633606262689,14.450354746240482
25.472545326337595,-84.50375655960109,20.20788830396533
36.8505974155132,-61.878293561928146,13.86849631309649
32.12437335811719,-67.96057922384561,14.246584645990556
40.557362849426326,-77.12460194855097,19.07540915756934
31.29027123557138,-70.03369118064768,18.836385732977803
29.939084881113388,-68.59834374501565,15.859144467120789
27.578226630898914,-71.81244165347172,18.50726058042906
24.3932489946751,-62.623840703433075,10.885121579303599
35.94359023777772,-78.99722031902078,17.35588681988948
41.82346030228701,-76.25911028090607,21.696348304352767
42.13382081528303,-73.90409181733652,12.825191694890583
34.784445783181056,-66.66047228583224,16.188667625784657
20.546066957209348,-75.8487895812425,12.158509283501544
20.291234383036613,-80.67936277435444,10.390930241202238
33.82794200367569,-62.71760205447474,27.518972117743054
25.566869473089746,-75.5133558839578,29.410553120563204
28.232900950875436,-76.0076869276485,20.655686735658847
44.048353594570344,-79.91792855765719,11.756262719609667
24.13598552559195,-83.45546624766423,13.861107705203246
35.50324592894929,-65.15165353351078,13.0294080065345
35.261787411770825,-63.885523679635355,20.353004711072607
27.512161146031747,-62.97349867614432,15.175031176913585
33.711463285389215,-66.7985263977908,11.570562899730945
44.4832774794342,-76.92951094139589,23.819423353046133
38.34912885277404,-67.52474746851469,13.944310732764595
33.199179465997105,-67.79733497315752,11.046572324633567
22.442137055041695,-63.1013000737576,24.142469551382742
37.58544614214135,-72.76488984978516,14.199628885998642
20.897617332299987,-63.699563744343365,20.395400830713406
43.231445177034345,-78.80825303981347,15.90261735841418
32.497332617675994,-72.47272397562112,29.965321245962315
35.957771509365514,-61.795740786322014,17.00094536876473
23.82817391399896,-69.34960334203492,12.194919391276644
42.78996036455668,-75.89452021264876,23.792416681998898
39.57363871904249,-68.80270936850343,22.409054114983004
26.194324685041387,-69.4557145780515,25.029162433503956
33.00312401810981,-65.36084300908092,20.289956791959057
42.74494073615045,-71.25619605761622,21.81396360966038
28.077170382377332,-84.19193950516788,10.684286327010389
42.07091323655979,-60.52649864616362,13.642024710188284
38.933487482645255,-60.51701083791757,13.60030504071423
38.14811651686068,-81.93262475201577,14.77050322218618
29.5536843040704,-70.01766984600101,21.501655739294723
23.175743071645122,-80.88539418888921,14.701313874118359
39.05483673495385,-68.22042594410318,29.47463214715405
28.079421903008974,-67.47160059777917,23.345329151933473
42.11932508530296,-76.17007958861373,18.36302101876389
33.62284430521,-75.99643407601363,17.862261936433548
33.50325007682757,-72.06936655378442,18.454257141316827
41.11173634982852,-60.525330275135346,23.77616626026507
29.376664725052237,-62.8249898135154,27.94723333067557
35.67851810625912,-69.28454509756473,19.693733611798702
36.21649831148711,-72.82732296669755,11.951496479581758
26.226798681009388,-79.44861865237507,24.114126222291056
33.053219154769565,-66.28611661977638,18.220982093826308
44.51711208690626,-66.63646538562591,29.292860032822354
35.192857386630976,-84.64615133242812,26.440159305873976
42.74815377378196,-61.13690703417751,28.403472481885082
38.450770217887204,-81.38111136601006,11.87099183514416
32.85707406934284,-60.8673208253166,11.806533282717616
35.4804569464804,-68.56160721316392,16.736552029342413
20.312224532303407,-66.32118775967669,23.14108223438975
37.001520325331455,-66.26496465043193,23.321177069802822
34.448785606665254,-60.875071604212664,26.926651394199766
38.834011956360925,-84.84277337681311,11.103208670460722
29.180056797330355,-69.20319081575616,19.949215763376827
22.613004664634794,-66.6246941679841,28.564268418903854
35.76213487289843,-81.17116637426238,14.322563957596572
32.24368666297002,-71.80269073340953,10.439048243156197
29.969367505833993,-60.688791580593005,28.394814965183595
39.85089432786974,-62.18638926319882,21.472764294504003
21.006243942602904,-79.61943156764099,29.860175799755204
20.070681330305806,-75.28100914660422,29.610509786536948
32.16540125618675,-75.2497489956297,11.006396133961548
44.68443628332989,-76.83990405527885,17.398971504322336
22.897923996955935,-71.19347527747544,10.17157235500914
33.62804047896617,-74.57026151027074,10.90838353461579
37.08380066243893,-82.8849215242881,17.287004651151474
39.75736003847526,-61.83702224692302,13.93373344217071
39.476160180552995,-84.12862518232065,23.163171387873852
33.89912330868427,-76.55603595391759,23.310617563851643
20.069935020750066,-84.50814383127653,11.41082912207682
44.32126651256239,-70.29481257133436,12.53285556979819
30.221965387206982,-79.1269306202538,25.445365139279204
20.632825350289576,-82.43111745854289,27.717528401676258
34.58963306024403,-80.13422842131207,18.92837970910147
31.414803700568655,-63.45360491778246,16.993189166407948
31.38277395331732,-61.49827797444095,19.948099440642793
35.55218996821288,-70.01484816911439,18.12377669680994
23.909851934636333,-73.03281023313725,29.610315505959615
26.50219084359035,-74.29608700489261,28.137239871167118
21.21506055825929,-82.42649563746774,26.710837511070352
32.236044860088725,-73.85393781387944,22.147376699408454
22.60607837901074,-74.88345397088459,20.70650029388294
35.029809220437876,-82.01620273545136,16.433087058398094
41.247610334865115,-61.49878425551174,29.912440522007245
42.026615174769944,-84.84732615037227,24.69113144810663
25.551865261667356,-65.488308707779,21.466278183565148
41.09667724924519,-83.24942557852214,27.413204588684117
28.07003813546246,-70.0926370138062,18.329970482289557
44.39781267743395,-65.33422771158607,28.646312569858722
20.90099725618759,-77.48534785929324,14.775137589693252
40.20864442427927,-79.20495694251576,12.972167190400194
30.088365407394782,-66.49802017685026,24.34877069042322
44.03046003895564,-77.69260521656923,29.75608384166468
25.73824433571471,-66.72597153634811,29.244808955851468
36.43070320817858,-68.55088322527232,14.65667924634583
36.50106078011322,-76.81722151997909,20.412965193717305
39.10670273763165,-81.22594559038222,14.34310876218988
37.582090507639364,-84.74700674858803,21.192322299469772
35.64810038261861,-83.47893174472586,28.865875630445647
27.95530656999305,-69.3122792167882,13.807861447198867
35.349912117015826,-63.836542719768445,26.8544416497839
35.198749750332354,-82.86216900909089,26.798987768570928
24.565193114411272,-75.56387268228966,21.148770302404948
33.985772372059856,-65.29134029043429,19.89630333376515
44.7264773703693,-71.16936322468216,27.691040107179358
29.89608573478781,-82.45342802422972,27.734423628298035
37.27069439785855,-74.18381155705518,17.83257882172716
20.803867212755357,-60.80139011851698,19.670426474101873
31.64836692354205,-82.41355503643699,28.063791485778363
40.84294603851285,-73.10283648446618,29.180389115850843
31.46475092893295,-79.43975055842066,17.927629309565
28.893894501159153,-63.14826200637086,26.662747779385267
41.93663192098437,-77.79731102726578,14.469823940675566
21.54864311868378,-77.2643759481474,15.211611351581931
27.92868876398253,-67.17954669646763,29.099489544660038
38.66738748952611,-74.56581136765669,10.363621146936183
26.786933275999086,-75.43282505293678,10.067425627133439
21.741233014711487,-67.4178741426119,21.720579925937592
39.65550504098111,-75.16608481188992,29.45691788227613
43.828309068340054,-82.1926232547108,21.49351345812674
42.303519509169504,-70.1366364521204,23.04816808550137
30.282792690235592,-65.6286365336631,13.848360595508511
38.9356138981595,-83.53049456612543,27.411867187090635
30.747914322810807,-83.28359991948115,17.704142751829522
44.22967142623669,-78.0232194672009,29.59402828849176
31.954053313055862,-61.41250254501274,17.2652354700773
26.349462255628442,-64.97923098767018,11.735275662433029
28.56269598060411,-64.8986226673413,14.065892747420278
26.058807851809124,-72.55749563436719,19.08350887080505
36.644864895502934,-78.44638403808831,14.668009881660886
36.49716138326845,-62.599905042311306,18.055499791042568
34.45757342508469,-82.84731774833803,17.588295393858377
41.348598105869385,-71.06746235556774,13.788367579983138
23.094243057658414,-76.21952357229968,12.900952732376263
41.13323647412696,-77.3173065243062,29.96427998896557
41.90516549445877,-80.86795921759705,20.990953504265953
26.350846223170198,-67.25544111094243,29.320094054146736
25.75176506113047,-77.68244917472731,18.624785900103973
39.73728203221535,-78.61105054745885,27.715986535650007
43.44537046281037,-77.76396962125946,10.1903403655174
37.9208958524285,-76.84043119004996,21.172282324822678
26.497551421716302,-78.67162216043656,25.40864416059712
40.160193888231575,-83.40595673080372,27.051477505964424
33.59852175377395,-62.902960117123925,18.170838535815
42.01707091535161,-82.37676633893868,29.201382895224985
40.47437511100851,-75.13476186507094,13.34614097400626
22.6048768273227,-74.60772557481144,14.770867502571129
29.462138922190896,-69.5316713810903,27.39234205401745
29.478887526727195,-66.41781674327412,11.879095840337206
42.38584187962493,-69.58376468320705,23.784439166826523
29.906904835890515,-67.15869583045853,20.962587643673157
23.046600934613725,-73.95567903845563,25.971561087972972
43.462586389346555,-83.84558123602974,24.568563689439365
21.868903218307175,-65.75508186628304,20.34622457269348
30.752986119908634,-73.85959563932363,24.184789977200438
31.746949876101006,-64.90625271491058,12.77970811429362
24.06735747523613,-84.88175584631333,11.176916113922793
22.273568796775983,-61.61611434788196,20.913334196218415
31.190017494707355,-64.8671368396244,25.65532192911678
31.515718470844952,-76.87395106368452,21.68693812487596
23.91304012131397,-66.2126142903867,25.028895422868448
33.349753175381906,-82.54841788918792,11.811834142559032
28.1390878157631,-72.16955123731636,19.916003895038955
41.73218057277312,-65.49690716173407,28.539967568076506
22.9222855225021,-62.51941452517026,27.319105482041056
40.49273997810953,-71.17447053276311,23.029583512594854
29.394612229306293,-62.77448435367937,18.105257455677414
21.036918008021598,-67.91388922761536,10.561113259011778
21.232494518663596,-82.56713521952723,23.80033049006345
26.452043607333906,-82.20444090875152,24.843967965324858
21.76637114642515,-75.42041962418362,19.950860382430555
36.14398252388631,-76.32845235248038,21.74036160173744
26.936934141983606,-74.01368377576873,27.549052689715047
21.40028991266111,-66.56829816012964,23.514020671116377
36.46349792076752,-82.20235294356188,22.375937967739425
30.56094045161889,-81.17309538596994,26.593520753099376
23.95933209704593,-67.87901715856475,20.024161482916146
26.298878982780202,-63.134426727572816,18.790299301719255
34.640607772582484,-64.48938785796668,14.650540217279122
40.20155341576226,-78.68143057424712,15.551058190182083
26.924171793484348,-83.08145454521016,16.774388320934477
20.27001929292881,-83.681364743288,18.247464547747644
38.95522222095966,-80.4721894456019,22.395860546624256
40.38877179938016,-71.42772828862945,19.277625814717773
25.901063735460777,-66.24739406492542,24.746183225654498
27.518297132561216,-62.09730637838564,22.278014378085803
35.55545488634814,-68.04541640548752,22.418586178512065
26.702145498097828,-81.02278938219702,22.05035616639709
31.297708354615793,-78.2430221957379,14.316314004597796
33.12056754423703,-60.36865939928221,22.568763878701645
30.733854550455717,-68.68582822317117,25.79033152401722
30.744586298047867,-78.67563154359618,27.58557781746392
41.08467285733059,-65.06558505352747,23.53154344659749
36.55296750744745,-79.64793898672319,11.646324470457126
37.54170935828199,-83.35461376690024,27.557267249448273
33.61647204017255,-65.11885181226285,27.710568831485226
36.160570192932674,-67.45901012049703,11.660118470424475
41.59072504141852,-61.927717095937595,28.43408568924786
24.797030921314224,-75.85929199830464,12.248654817165978
33.75277061066801,-76.66560069918836,23.755861015915045
34.46115348077622,-64.0582412286825,23.309687503042106
38.876511784595166,-69.60705311636876,10.635457780845421
21.603671867257717,-81.81341776770753,15.152296269278276
22.432413248125112,-68.85427329439113,24.42069172002474
43.16581267639215,-77.47108989225515,24.727314833711354
38.28761728949539,-82.70368243204533,24.86192136819941
33.65519662851576,-72.90005263706267,21.59895695474586
22.771818368882087,-83.43083054967504,14.862798779937805
32.8743611016106,-84.23019952428453,16.796241617317126
35.04928442588785,-65.32570541916431,25.00336645437859
38.55511577860367,-79.17388188093761,17.172870827588113
36.43049751771153,-62.41861061895936,19.193592100757606
38.22472560418261,-82.41734306587475,23.185684493164622
38.05234617245949,-74.39085195677926,29.496425701340264
30.154099663918903,-69.38121825341561,14.354253370580281
33.9728117710802,-80.70460385875036,21.947922452407376
37.01855093101853,-70.57734083459071,26.44357619777751
22.672719861457093,-71.44974789685439,13.840533170577753
42.663559217225796,-73.52563158052038,27.21748914513693
43.30532910475773,-63.396475315342904,14.332896556632406
27.181990948211666,-63.57187828815677,15.961361625696222
44.901821394295965,-65.98472968549598,14.661734581713507
23.096633190894103,-78.60444665072144,13.365400585686809
37.76247742260182,-84.33762420177331,25.32057287539039
40.58480604205534,-79.40996700655916,24.979986373688057
20.55367022541347,-63.00956411697265,18.32835304344338
23.91119571742017,-83.05460679111971,22.940921052029076
24.95138436009507,-81.8794271985447,18.274661276099508
41.59767720537489,-71.51483175280384,17.519994204344908
32.57166988210928,-71.5523066501018,11.773952944441696
36.15367614620091,-62.44393592261937,21.533570002013526
27.377212189750047,-63.32707953901163,15.461814323274531
27.889332277818166,-66.70789711828398,20.735001904384497
29.003337918624375,-66.79596425702432,12.315847753055287
27.51488467180543,-60.52575678790302,26.640346741720048
44.59264863652674,-64.25335972016185,18.39122989776056
32.36353610287081,-83.51553680736981,22.499655722168526
32.285229679164416,-69.72519733841192,26.036470673162082
22.242493961487067,-76.01117963182253,21.69644917876054
35.524691633184915,-82.02086464223487,25.01226608946112
28.131102719782767,-79.48884789242878,26.773983856940017
25.761719888345965,-68.78950030840842,26.8630484369909
38.87879778769211,-69.34352751513208,13.412308121065701
27.50724783919183,-78.87620125296282,18.669802022661585
33.82280150167107,-73.64694304263914,25.629583191372024
24.828004705509464,-83.41596030323919,16.279276182767077
43.0754641936633,-81.37383982101946,28.914706406646925
41.54934162751249,-67.16909857280277,13.221797275743345
30.329757801005627,-73.64303875620138,17.053043542205224
41.68902908922168,-61.08007058710768,19.613826243823535
27.678912343941267,-74.6521196362218,13.587173231904629
44.07901593801866,-68.29560853801831,11.430339631572577
35.90961045823881,-71.36643336104777,26.446872109737093
25.258722386006635,-77.27224894577324,29.152767293369276
28.00488788278242,-73.81476203860659,14.020511755894438
43.01933224359315,-74.43003508170214,17.589583210888094
20.147810865437787,-65.91535628716422,12.342910528759596
33.89793477408633,-79.1977669208137,10.966952227394831
31.846585724401017,-67.27723283684034,15.2753481529363
41.310438239941014,-65.44457761253628,10.73555348882399
39.355573138275574,-61.40697385173923,16.474940984118824
44.46791851572518,-82.36290581290065,20.040225900232024
23.707598973184414,-62.456616460227075,11.960957711574
31.2392053152387,-65.03617114059163,13.134894371432818
39.66097653988676,-74.42344450507265,15.48269074518484
23.918901442903767,-73.39226734627779,29.40789493290297
40.4800802626553,-65.94772907375331,11.02739404101664
20.30584499162955,-74.6237499642266,24.3758468323934
44.81293364095788,-82.17558747877649,14.805593370133007
44.41386647223298,-81.76313431962366,19.530546486067887
23.861830863440062,-81.51224086158184,24.394474718026494
35.85174151124316,-82.63347186954472,10.860603743356304
30.953788713669454,-70.31535200179307,25.69964183437999
40.67805697644479,-82.96289653083358,16.394508985180956
24.828164342637862,-76.21935531819858,18.033140288920855
43.886659125534294,-81.32354207920568,22.091001682515
26.09222219802838,-64.72741233495353,19.80252219269532
28.3321436049313,-76.4681925305527,11.596137612513338
30.390419130798303,-82.82091454965995,22.936102645481284
42.180078556018515,-63.046470163675906,12.84291443927952
36.53799827833986,-73.90592430750391,23.005386757783654
20.817568580226826,-77.25681330338583,26.484261047615373
33.859166715412584,-80.47778916355654,27.189343855242587
33.684697537216785,-81.12959452515558,25.258487540489092
29.34096806207618,-65.99842909022121,23.296227696686383
33.55699839975316,-60.3841987453733,19.273369012134474
25.655038631717236,-79.52677996655797,11.284548617578354
35.23991363604436,-66.76746248028607,11.515092412696227
30.070495563428388,-78.50166246956736,21.9179927987806
36.10635417514939,-67.4383911819929,13.715956529676008
38.39713069234418,-69.54432022751382,14.981462196876825
35.42107249372753,-84.00754432668799,26.596914149470233
20.85812060232437,-84.20170525118228,19.81436420549663
24.754797858881435,-81.13117638055799,12.558950360741612
35.68770371071336,-77.92767160096614,26.73722149080468
34.70875727056443,-77.89375897666785,18.73229723243218
24.09715656180096,-83.98101733914206,18.606325341528347
24.71879856809772,-60.47988416317087,10.532985072966238
39.38856666578478,-76.91928464090128,13.782132571059089
22.026134313657618,-61.961659451842515,27.075510226455176
20.816712766671383,-76.39696462377617,14.742110429098785
34.24673396988098,-81.1478576288153,26.924350996098426
23.925671795250288,-68.07692670291512,28.26229970320387
39.731482726113576,-75.32898858855101,29.46182974463715
37.42659554757712,-80.53963114657387,18.911737815310083
44.20352265229738,-84.61699210802905,23.386759610812824
23.46197805764061,-75.41646533133387,12.571271090234431
21.038770917322218,-60.91652590305212,21.443199707694884
23.045087942200574,-67.66579007917201,23.620147788216777
20.370195809382558,-65.04113112950607,16.839349798955514
26.554252701254427,-78.55948800710112,12.72183692122609
28.994653944189942,-75.6031381618858,13.139215159073888
35.91449075824158,-70.63119836748935,16.604364239065468
40.76162641343774,-66.75953261993195,15.47861218419227
23.46162737929143,-79.42621649985604,23.059945679253502
26.81922896549291,-69.73888833448254,22.68383936914889
43.700872011299225,-81.11821486685223,22.60893500532551
36.01043649680716,-73.96515981998395,25.753590095626457
24.805825268636333,-72.4615290518495,27.21121082646028
43.73633578757166,-81.56768583907989,16.435641265654358
37.11107519858459,-64.98160976739878,26.080684316603445
35.83683359387015,-80.94584174121508,20.258595433041997
41.03372435843207,-75.38923584381432,10.852492308373963
24.898025732990437,-78.28986086207946,13.161743696143322
41.52432805752095,-71.28316302998454,20.116219912030516
44.932687137329026,-63.48559267943715,12.360430767179889
23.913889055225003,-69.00512556693171,15.20714893176491
29.03949755108002,-71.95710597506117,19.128144186298258
30.688692801486823,-82.6004440640245,24.278117136379926
40.90795286380932,-72.58599225309676,28.89213500675736
31.881832775444025,-83.2249171488807,20.361406684053478
28.220099226079682,-73.36662500655258,12.842372861649789
37.03952797306765,-84.29334400481399,19.078046859460365
33.164500819281905,-67.86453760415078,20.629722710288853
28.47927077327565,-70.84784270165751,27.573612649225684
30.61474689681105,-78.30910689741465,27.22047588244576
22.3711404141842,-79.15290444481643,13.896953877776932
43.2274040872671,-65.57238989982206,19.686081353710236
37.24856117905077,-74.54407027740277,28.69857199204563
28.572358296904383,-72.22179341487401,12.12364275414554
25.180225770505395,-66.11199122691532,13.83607193383594
40.820628580666266,-60.3697379097097,17.203791360284125
44.214793823669005,-66.05882026731904,12.294489853393957
40.77281561786232,-61.5067355629114,21.65794980810109
42.99695672377014,-73.87756117402098,29.644827558082
35.65688660074272,-72.60547134564072,19.338423745383974
24.718847754497276,-65.22133381940526,18.119082915927596
28.915359914123275,-71.90859423947077,11.286120710983099
33.03331807286744,-70.51535446943991,12.720355744456386
34.00241855992944,-66.99053706567005,17.5431639342198
38.593922375525125,-77.58073619509487,20.720595966746238
43.76254001214854,-76.51423940734102,14.190687424872408
27.854655086019573,-75.83661985642732,15.359925537919523
25.03611860186806,-67.19786315803782,22.519932221009096
24.98967817128821,-68.28123225666556,20.387369925985798
36.7153479650954,-60.10510058766596,25.18230413362805
20.592058348876908,-84.8823568468444,24.32441188279967
36.488278167960516,-70.41882772061918,27.588586094070013
25.914769355054027,-84.58026229005308,10.719525715958788
30.756893688847292,-69.75389656307996,10.31989290348177
26.842149298314666,-81.56204296741357,22.070618588607733
28.755099210185207,-67.91557765881507,26.975973237859485
31.23960601763286,-74.72198151705689,27.355005215962997
42.07409980202971,-82.08107449994856,10.981378081667845
30.966649005902124,-81.19209549150281,18.55816827745862
37.00130017537346,-62.315528510966175,25.228085031714226
41.14276105840731,-71.32965194811425,10.906764248188754
28.421458855660298,-74.02457294549947,22.938548713742613
29.404832449121795,-67.54238089672893,29.14777506563527
34.02738857112813,-79.31812587912773,20.75550418685851
37.771918983829664,-65.20541416217361,18.747441994531037
27.641809242972244,-61.404251579901626,29.865977331623913
40.84774398182363,-84.55623002227138,29.092606137258187
22.271257117568464,-65.06346612212765,22.082303992439513
29.822105555975558,-62.37834551997693,24.563095504384968
21.799878279320513,-65.4131527282241,18.255584450547993
22.874614286691752,-77.9616536122685,14.523955124416299
24.418386692571982,-80.00191529221469,24.34649843510315
29.076570545903003,-79.68128336100249,24.731782185904983
35.94842368697685,-84.67797783494434,17.808046460632276
37.636388027314666,-74.12720437127248,22.35695038261202
25.710141267688403,-78.06332921191228,18.155572165283793
43.345337942750334,-60.535873182802206,22.272454905428134
44.69192070857912,-76.25234784597333,13.8466112799386
22.17825045482508,-78.62130839724553,15.433217400603123
30.65837285972919,-78.81458981748719,20.087569437578026
32.37727993645154,-63.14275918244711,29.50143425774025
30.203153348569085,-69.1409277467843,12.87627028665328
29.430728971589286,-79.03056660335801,11.00064409159714
27.03157112302466,-71.36731499284765,22.595856854042474
24.942908276053515,-75.67067448438922,15.135697260635892
34.489989497964324,-61.421042393168435,15.931456359650172
30.429760865904342,-73.02655918111444,16.30380485977253
36.91117193204716,-70.53002977960503,28.335324597121815
29.314998060573746,-84.72465869840316,14.555108470242498
27.28929131832457,-71.78566685707132,14.130639284077409
37.18524562847449,-72.57161290830307,29.327641890119974
44.115516526825274,-68.83769509013696,22.555359081739773
40.38618106114505,-79.71732151354152,25.661767149145657
40.967270559592464,-72.12047416861445,21.672689577637065
20.43177598543039,-78.17615285111188,15.411754047120107
38.22857226818851,-72.23662296275482,15.62977252098329
38.905019373937876,-82.37176694666204,23.47046029892823
37.40105248971906,-73.0174561112248,11.263137757790702
42.10851689605826,-62.630512916952554,24.818811062724304
41.97695755182636,-65.16414078768133,26.260592596523797
20.943885845094407,-72.58273571195025,23.13411557258843
37.84799349469121,-65.83548845271226,26.795274670107695
33.74130274841676,-63.0381433305338,21.872670651983128
44.48250782056721,-62.701447367879425,16.618729868106
41.10183515001334,-66.1616879674361,16.21022841764423
27.871269007669515,-78.8572342529686,23.867260505054332
30.30750517306867,-74.99756827577957,17.00992750549586
32.858288565386644,-74.16591110363407,13.774808477756945
43.98268879993911,-64.83952674829574,22.649284866003697
23.88123661768931,-78.79861683608459,22.61504614048789
36.92675867900994,-71.81206051590037,24.15511935154311
26.481395907369013,-60.71016391882884,26.32617424452039
23.531096808224422,-78.26307059841442,22.225603522897384
37.08264518115819,-74.1384657741215,15.894161584093895
40.94747161042328,-81.94722994257786,13.813083884473123
37.77007620076763,-78.58432401416088,27.488122298957588
36.95257971581866,-75.88830833807557,15.061565091382246
34.9079405316954,-70.58555384033178,14.955758264924338
38.39480197420059,-65.4136928740161,28.3268625956154
27.5898741571184,-78.22873119416695,12.15528417740951
28.654833507793427,-84.45980829781249,22.422383864871477
22.72032781253248,-81.11957744867398,20.890002919499572
29.635832556306735,-61.451631976694586,17.20408995684098
31.48194763151267,-60.63298785347921,29.157414543211658
24.045130939296303,-80.0819154531703,23.670031510894436
29.22926887957126,-74.9387827458118,26.75521923071092
26.564251707323226,-70.05458930107427,16.470322407493608
39.2676993008534,-72.19261093846924,29.79365354196481
24.19003782213804,-79.99137413277782,26.853696430249883
23.19297472897115,-67.55437661853158,29.333125918081908
33.93663370130521,-72.83886651417339,13.361551294610884
42.23559706667551,-61.04849051145403,19.13827931067383
36.35342204372277,-73.24599756850338,17.02986384098792
37.92041338869315,-60.74005537426036,27.772139298512034
28.37603862277718,-63.37074203214148,29.291590523328278
33.63082295627737,-61.809082265004406,10.259935190409163
27.774058513993587,-68.52590475528609,26.42426816143046
24.996429714918975,-69.48717948760958,26.353466234229078
24.310133981450637,-65.56539485140803,29.722979033963284
39.64784204292265,-72.493826760329,19.137860029199032
29.77156909833344,-62.21722832072251,10.794699253635045
38.03884030628332,-70.63656355653413,14.86017872294067
32.46032657476833,-80.94327625663713,26.57035576294733
31.237883078373216,-76.54745710554718,11.215420910581855
36.836529585816606,-80.5488648954783,10.599421922568295
40.31879063234687,-67.81180499313396,22.041428353407245
44.437627500412,-67.4755089172041,19.44781062340478
39.18454762796064,-70.36382064213316,22.38001081816668
26.635966501490167,-62.748257333042396,19.595191387853376
24.06959763843213,-71.93798609161394,14.379582856047286
38.393505222958645,-71.34998910382453,22.89951764415833
28.23944191207833,-84.93248225580943,12.024537780724655
42.81709847011616,-60.88636107136856,21.592078719882874
33.350602019985246,-79.85830232111151,28.74196249425889
30.51253643273087,-61.66484731724509,14.824348383714243
43.03996329412104,-69.04249539655892,17.101202450071618
36.9355861766873,-73.8249167741513,17.727838209825947
33.612097842984404,-66.09520186648236,20.98694910678006
44.53321104731894,-75.4411525861413,23.81480187726588
33.826233130916854,-75.11875543730707,15.534745458682025
40.994642254473575,-71.26162541574274,15.573243783753838
39.15363346547201,-78.65173591410161,23.140774204551438
44.32109002182635,-75.13929149303237,17.48783942824994
31.111193571711947,-60.260968999708666,26.51226078864764
41.81710414038788,-64.58618967727493,11.752849233491249
39.22764775685845,-70.73124564325106,27.900833879537906
41.32838588710014,-63.29678844844686,14.043278229957789
24.837966146635342,-81.10085743411337,20.042582867638803
27.022009832758346,-62.13046637963262,25.345383540756345
30.018453124522324,-66.86038868854254,15.014955407971513
33.96098045748991,-79.7048043021383,27.60609619158282
38.41263085363076,-78.37758849419548,20.217989918470014
29.780069217861474,-82.16036715108874,29.491766423059154
38.258425687327545,-64.67977921106123,18.33354809203243
26.67138631287682,-63.455818682393016,12.568892154626987
32.315759887171595,-60.312593896254796,13.82670750017207
32.990864950211716,-82.89182781156072,14.510913955320612
41.838333468634715,-64.76508364286714,25.04692172021073
26.707010524613892,-65.44179948807324,11.67297938638036
39.20294388575543,-80.66268923320342,21.19075471064872
38.65117397312973,-82.10858829438328,20.97458951125683
33.79413253703123,-62.93604368070969,12.759425877036676
32.03524414316742,-76.36891740912462,11.520716153498524
38.32305799065697,-64.91233322605088,20.42560050279427
22.304096809684,-72.50226353039355,18.089192654976486
20.653781680148896,-61.01530333663784,10.339523056380566
42.03881441003858,-64.31246422780998,11.913501788974799
22.5117623904339,-73.6062669127331,17.845063072550182
38.6323122683362,-79.07893750195602,25.424777974485632
33.475625629219074,-77.05708734492572,12.654924871568813
24.435477129238045,-66.30709528916154,12.186528742867406
43.524373338651195,-83.51330060533458,18.2915465832729
37.147076029184184,-64.02728276296934,14.92848031198246
44.749400797679215,-76.73290891357556,19.589965641189508
24.2874267000611,-71.13888567039346,26.104071388958275
22.44721097296908,-78.79419152688507,17.877124157141747
35.615009582930725,-71.1323857938676,19.493772618608354
30.15461254925772,-79.23028469683717,22.385891330589914
43.15396849045874,-80.50118826435312,22.587558031442015
40.846193172264186,-82.50671963473981,21.75431593414065
39.50860033573635,-65.35078332217581,19.265543130233354
24.608766227583157,-83.19830891482843,28.024793482562643
21.512649075467344,-61.65641984411235,26.79607947736195
31.012540603958737,-68.76420903369504,15.197249336493758
41.24561961646546,-61.27227165025063,24.54398204674364
39.74800772822874,-72.9969310904946,25.35696655128632
35.5414884481146,-62.777637379795934,13.527309941584942
35.26173445945541,-76.94786649718911,22.60476552953787
33.384790327754615,-72.69516495857206,25.335218974238412
31.689823347744305,-77.10331697648206,10.020955190807598
31.277962701800092,-69.73275274244511,24.859792316686164
25.722422457189953,-62.42677561997068,10.071820930665353
27.56589031465395,-79.30298975041391,26.091837911534125
33.78770923179299,-68.7443239020883,26.193883318091302
35.51662381544199,-79.35130490031635,10.15429932309598
33.12250560631445,-62.29365038604634,20.704024104449122
31.235072813245836,-75.91581116161271,28.675866648611205
32.99190336185825,-81.32764778610795,27.36036623701367
21.514063228730034,-74.65198466494869,14.635890980811697
22.163200778880846,-73.39021048223137,19.957596724905912
42.404756776419944,-61.86121142245787,15.403781051225895
27.427525697167916,-84.6322548839729,15.161740968836776
22.721152556336378,-68.39882054256749,14.42127893671958
25.58033390070208,-79.20658724485723,11.098307319751182
34.78983229441618,-67.36491045019147,22.71143480756413
23.726748830822498,-63.18294730295364,25.927767466436197
21.48567098318688,-80.59093425996494,16.62888579070099
23.953409752002358,-70.9819589615028,22.817878482697765
29.77825998688152,-64.4802546775008,13.11307407438944
39.72061613848176,-74.05022719988683,28.91494823701644
34.95440533661831,-81.37485175767505,11.644347073435767
24.194619912556384,-66.4476798872875,29.977710603541592
22.967255484524088,-68.64988861329779,26.57239440220671
33.95396917783526,-68.85719219343113,16.349580779664596
21.999539028353244,-66.91059795903112,20.380845536424133
31.760380344306306,-69.24256764560432,26.234517105123093
40.28299156179389,-82.57040382896727,14.38059538873793
23.591404504268954,-77.67996585552034,11.519726415015626
32.34772859812988,-75.51768822910957,14.11286198177743
27.219936827295374,-60.39844573063792,17.131862070886868
22.479389809032742,-61.73061830397994,26.172878797195775
31.825175467040175,-68.59378154347961,11.928618321018124
20.280542715473267,-71.64623737055064,29.459126718068887
21.33949613652915,-64.9931829528714,18.178193949902596
35.513333820622904,-67.688400231591,20.53839167784664
24.80239639949813,-77.11499515147838,25.079579264725453
43.94550073394812,-61.7799784827933,15.29020990352068
40.48082900980063,-65.5141472371522,21.374935222234686
21.71540167588602,-84.07706272011316,20.67502249411457
25.082355016546558,-75.01105418160387,27.558076540661535
36.38732603607167,-61.174842070890875,26.335127633601495
21.375584441380575,-67.54190618982588,21.28078402734932
43.60584993631362,-61.01138991446233,21.418134154473123
42.544863868723496,-71.6796028191703,21.017083159435444
28.505502842371826,-61.7113627446121,10.581281798545248
37.13120813467289,-81.87465611926164,14.048717135728106
22.62593892443652,-80.04516045216832,28.28565573398818
39.85418453504923,-77.64871222606466,27.11854457597092
31.056122657527858,-68.40226575370788,10.824796204330395
27.194880868358382,-73.58853755752678,11.623487952224941
41.217797878108136,-73.54780470265543,15.544589666614165
29.480259459984786,-70.71156071854898,19.75947919767582
39.3496312957313,-82.63899458705653,20.75003608744045
42.22138289554419,-60.84791297047677,19.46025730244211
24.4014713712264,-77.47812973044314,14.475348414242085
31.52350543475457,-79.62963277711374,28.11242475707636
35.968554119068116,-84.84532501402803,10.917690314777182
26.66679148956927,-84.02485644826345,20.527233988031213
22.641216907202313,-82.09783061076433,17.894747976472814
35.43932126266342,-70.21168490574485,23.057636513496547
29.23707346901164,-80.7044135210928,16.1517085066404
34.671922497607675,-83.93528015622286,20.283304535847186
41.35618116633368,-79.45170902988598,20.840777600937713
35.7393409085223,-71.12314624220615,15.475085290724465
38.942039506025736,-64.72776160260554,14.615127482133845
42.65341006109065,-63.11385798336616,13.48473110120903
24.95776138266134,-68.59154071649478,26.4226179347869
37.81832141589892,-81.6742337466874,13.942730822686624
35.23943130000681,-82.35864648024867,16.604861327133747
25.475528522508544,-67.09017820840442,16.574882747474966
33.49426443624911,-71.98813040092627,16.233269426718262
32.56999741085349,-83.03875763659694,10.201881687549772
37.92494568636224,-69.35550897966594,22.588920833953217
43.74371873833305,-75.10593651403316,12.294446824539765
41.97567602555749,-79.12168549543269,27.355693989117515
28.776703694196378,-79.02165486473253,18.292686588389905
38.94109142441266,-76.68135046772265,10.00923563627492
43.156813578767625,-76.50011822059062,24.627746201945723
22.80663230768987,-78.04281567112409,22.479762463419092
41.27181222510137,-65.51041123020222,23.086522249868523
37.172333606547085,-68.51749057935855,29.12320087151253
42.65733361079519,-74.66689536365548,19.884836162976143
25.201810508616788,-84.06757251116531,25.711530515545267
34.849434864318326,-66.18219238695926,16.3574631465146
29.52265506515672,-71.43058011182967,18.57330894097082
32.80297067706037,-72.79441208392572,29.319071975722466
