lat,lon,sst
38.99,-76.43,24.48
38.99,-76.41,24.8
38.99,-76.39,24.79
38.99,-76.37,25.0
38.99,-76.35,25.05
38.99,-76.25,25.33
38.99,-76.23,25.37
38.99,-76.21,25.4
38.99,-76.19,25.47
38.99,-75.31,23.91
38.99,-75.29,23.78
38.99,-75.27,23.49
38.99,-75.25,22.93
38.99,-75.23,22.53
38.99,-75.21,22.26
38.99,-75.19,22.17
38.99,-75.17,22.16
38.99,-75.15,22.43
38.99,-75.13,22.85
38.99,-75.11,22.77
38.99,-75.09,22.72
38.99,-75.07,22.86
38.99,-75.05,22.88
38.99,-75.03,22.99
38.99,-75.01,23.25
38.99,-74.99,23.69
38.99,-74.97,24.03
38.99,-74.79,18.98
38.99,-74.77,18.86
38.99,-74.75,18.77
38.99,-74.73,18.81
38.99,-74.71,18.76
38.99,-74.69,18.53
38.99,-74.67,18.3
38.99,-74.65,18.25
38.99,-74.63,18.35
38.99,-74.61,18.63
38.99,-74.59,18.64
38.99,-74.57,18.67
38.99,-74.55,19.25
38.99,-74.53,19.29
38.99,-74.51,19.18
38.99,-74.49,19.38
38.99,-74.47,19.48
38.99,-74.45,19.4
38.99,-74.43,19.4
38.99,-74.41,19.47
38.99,-74.39,19.61
38.99,-74.37,19.78
38.99,-74.35,19.83
38.99,-74.33,19.83
38.99,-74.31,19.81
38.99,-74.29,19.77
38.99,-74.27,19.76
38.99,-74.25,19.77
38.97,-76.47,24.25
38.97,-76.45,24.25
38.97,-76.43,23.92
38.97,-76.41,24.53
38.97,-76.39,24.71
38.97,-76.37,24.79
38.97,-76.35,25.03
38.97,-75.29,24.17
38.97,-75.27,24.11
38.97,-75.25,23.38
38.97,-75.23,22.79
38.97,-75.21,22.32
38.97,-75.19,22.16
38.97,-75.17,22.14
38.97,-75.15,22.15
38.97,-75.13,21.78
38.97,-75.11,22.46
38.97,-75.09,22.15
38.97,-75.07,22.18
38.97,-75.05,22.47
38.97,-75.03,22.72
38.97,-75.01,22.99
38.97,-74.99,23.53
38.97,-74.83,18.94
38.97,-74.81,18.93
38.97,-74.79,18.95
38.97,-74.77,18.92
38.97,-74.75,18.86
38.97,-74.73,18.8
38.97,-74.71,18.7
38.97,-74.69,18.62
38.97,-74.67,18.46
38.97,-74.65,18.4
38.97,-74.63,18.38
38.97,-74.61,18.56
38.97,-74.59,18.56
38.97,-74.57,18.57
38.97,-74.55,18.73
38.97,-74.53,18.84
38.97,-74.51,18.82
38.97,-74.49,19.17
38.97,-74.47,19.44
38.97,-74.45,19.45
38.97,-74.43,19.38
38.97,-74.41,19.44
38.97,-74.39,19.76
38.97,-74.37,19.8
38.97,-74.35,19.88
38.97,-74.33,19.85
38.97,-74.31,19.83
38.95,-76.45,24.42
38.95,-76.43,24.23
38.95,-76.41,24.26
38.95,-76.39,24.47
38.95,-76.37,24.63
38.95,-75.31,24.74
38.95,-75.29,24.65
38.95,-75.21,22.37
38.95,-75.19,22.38
38.95,-75.17,22.37
38.95,-75.15,22.3
38.95,-75.13,22.0
38.95,-75.11,21.72
38.95,-75.09,21.27
38.95,-75.07,21.84
38.95,-75.05,22.31
38.95,-75.03,22.45
38.95,-75.01,22.61
38.95,-74.99,23.48
38.95,-74.83,18.84
38.95,-74.81,18.87
38.95,-74.79,18.92
38.95,-74.77,19.02
38.95,-74.75,19.0
38.95,-74.73,19.03
38.95,-74.71,19.04
38.95,-74.69,18.92
38.95,-74.67,18.91
38.95,-74.65,19.06
38.95,-74.63,19.14
38.95,-74.61,18.88
38.95,-74.59,18.49
38.95,-74.57,18.52
38.95,-74.55,18.8
38.95,-74.53,19.19
38.95,-74.51,19.43
38.95,-74.49,19.78
38.95,-74.47,19.85
38.95,-74.45,19.64
38.95,-74.43,19.58
38.95,-74.41,19.46
38.95,-74.39,19.48
38.95,-74.37,19.57
38.95,-74.35,19.67
38.95,-74.33,19.92
38.93,-76.45,24.69
38.93,-76.43,24.66
38.93,-76.41,24.59
38.93,-76.39,24.64
38.93,-76.37,24.69
38.93,-76.29,25.97
38.93,-76.25,25.71
38.93,-76.23,25.72
38.93,-75.31,24.84
38.93,-75.29,24.84
38.93,-75.27,24.01
38.93,-75.25,23.08
38.93,-75.23,22.76
38.93,-75.21,22.2
38.93,-75.19,22.13
38.93,-75.17,22.1
38.93,-75.15,21.97
38.93,-75.13,21.95
38.93,-75.11,21.29
38.93,-75.09,21.43
38.93,-75.07,21.45
38.93,-75.05,22.24
38.93,-75.03,22.26
38.93,-75.01,22.26
38.93,-74.99,22.45
38.93,-74.97,21.53
38.93,-74.95,20.42
38.93,-74.81,18.87
38.93,-74.79,18.88
38.93,-74.77,19.03
38.93,-74.75,19.13
38.93,-74.73,19.17
38.93,-74.71,19.17
38.93,-74.69,19.16
38.93,-74.67,19.13
38.93,-74.65,19.17
38.93,-74.63,19.24
38.93,-74.61,19.28
38.93,-74.59,18.89
38.93,-74.57,18.64
38.93,-74.55,18.94
38.93,-74.53,19.21
38.93,-74.51,19.64
38.93,-74.49,19.8
38.93,-74.47,19.88
38.93,-74.45,19.84
38.93,-74.43,19.77
38.93,-74.41,19.67
38.93,-74.39,19.52
38.93,-74.37,19.49
38.93,-74.35,19.49
38.91,-76.49,25.16
38.91,-76.45,24.63
38.91,-76.43,24.6
38.91,-76.41,24.39
38.91,-76.39,24.4
38.91,-76.37,24.63
38.91,-76.31,26.02
38.91,-76.29,26.01
38.91,-76.27,25.95
38.91,-76.23,25.74
38.91,-75.29,23.97
38.91,-75.27,23.51
38.91,-75.25,23.23
38.91,-75.23,22.6
38.91,-75.21,22.29
38.91,-75.19,22.16
38.91,-75.17,22.08
38.91,-75.15,22.0
38.91,-75.13,21.48
38.91,-75.11,21.46
38.91,-75.09,21.46
38.91,-75.07,21.47
38.91,-75.05,21.78
38.91,-75.03,21.61
38.91,-75.01,21.26
38.91,-74.99,20.76
38.91,-74.97,20.42
38.91,-74.95,20.42
38.91,-74.93,19.86
38.91,-74.91,19.58
38.91,-74.89,19.5
38.91,-74.87,19.46
38.91,-74.81,18.98
38.91,-74.79,19.01
38.91,-74.77,19.08
38.91,-74.75,19.34
38.91,-74.73,19.27
38.91,-74.71,19.13
38.91,-74.69,19.11
38.91,-74.67,19.36
38.91,-74.65,19.7
38.91,-74.63,19.72
38.91,-74.61,19.91
38.91,-74.59,19.36
38.91,-74.57,19.14
38.91,-74.55,19.63
38.91,-74.53,19.66
38.91,-74.51,19.75
38.91,-74.49,19.86
38.91,-74.47,19.92
38.91,-74.45,19.97
38.91,-74.43,19.99
38.91,-74.41,20.16
38.89,-76.49,25.06
38.89,-76.47,25.05
38.89,-76.45,24.36
38.89,-76.43,24.33
38.89,-76.41,24.4
38.89,-76.39,24.46
38.89,-76.37,24.45
38.89,-76.33,25.33
38.89,-76.31,25.3
38.89,-76.29,25.45
38.89,-76.27,25.48
38.89,-76.25,25.58
38.89,-76.23,25.71
38.89,-75.27,23.52
38.89,-75.25,23.06
38.89,-75.23,22.42
38.89,-75.21,22.31
38.89,-75.19,22.27
38.89,-75.17,22.07
38.89,-75.15,22.09
38.89,-75.13,21.97
38.89,-75.11,21.53
38.89,-75.09,21.32
38.89,-75.07,21.43
38.89,-75.05,21.47
38.89,-75.03,21.44
38.89,-75.01,21.03
38.89,-74.99,20.44
38.89,-74.97,20.34
38.89,-74.95,20.31
38.89,-74.93,20.19
38.89,-74.91,19.76
38.89,-74.89,19.55
38.89,-74.83,19.3
38.89,-74.81,19.19
38.89,-74.79,19.18
38.89,-74.77,19.25
38.89,-74.75,19.45
38.89,-74.73,19.46
38.89,-74.71,19.37
38.89,-74.69,19.38
38.89,-74.67,19.38
38.89,-74.65,19.89
38.89,-74.63,20.17
38.89,-74.61,20.35
38.89,-74.59,20.66
38.89,-74.57,20.03
38.89,-74.55,19.95
38.89,-74.53,19.93
38.89,-74.51,19.94
38.89,-74.49,19.96
38.87,-76.51,24.95
38.87,-76.49,24.96
38.87,-76.47,24.72
38.87,-76.45,24.54
38.87,-76.43,24.1
38.87,-76.41,24.13
38.87,-76.39,24.58
38.87,-76.37,24.7
38.87,-76.33,25.3
38.87,-76.31,25.25
38.87,-76.29,25.23
38.87,-76.27,25.33
38.87,-76.25,25.53
38.87,-76.23,25.68
38.87,-76.21,25.79
38.87,-75.19,22.31
38.87,-75.17,21.91
38.87,-75.15,21.88
38.87,-75.13,21.85
38.87,-75.11,21.77
38.87,-75.05,21.45
38.87,-74.95,20.3
38.87,-74.93,20.23
38.87,-74.91,20.15
38.87,-74.85,19.56
38.87,-74.83,19.49
38.87,-74.81,19.44
38.87,-74.79,19.38
38.87,-74.77,19.38
38.87,-74.75,19.49
38.87,-74.73,19.8
38.87,-74.71,19.8
38.87,-74.69,19.61
38.87,-74.67,19.98
38.87,-74.65,20.18
38.87,-74.63,20.61
38.87,-74.61,20.72
38.87,-74.59,20.71
38.87,-74.57,20.75
38.87,-74.55,20.83
38.87,-74.53,20.84
38.87,-74.51,20.73
38.87,-74.49,20.56
38.85,-76.49,24.88
38.85,-76.47,24.63
38.85,-76.45,24.51
38.85,-76.43,24.38
38.85,-76.41,24.34
38.85,-76.39,24.58
38.85,-76.35,25.19
38.85,-76.33,25.29
38.85,-76.31,25.39
38.85,-76.29,25.22
38.85,-76.25,25.82
38.85,-76.23,25.81
38.85,-76.21,25.82
38.85,-75.23,23.72
38.85,-75.21,22.42
38.85,-74.85,19.58
38.85,-74.83,19.57
38.85,-74.81,19.91
38.85,-74.79,19.94
38.85,-74.77,19.67
38.85,-74.75,19.72
38.85,-74.73,19.81
38.85,-74.71,19.82
38.85,-74.69,19.89
38.85,-74.67,20.01
38.85,-74.65,20.11
38.85,-74.63,20.55
38.85,-74.61,19.88
38.85,-74.59,19.98
38.85,-74.57,20.0
38.85,-74.55,19.97
38.85,-74.53,20.64
38.85,-74.51,20.63
38.85,-74.49,20.37
38.83,-76.49,24.84
38.83,-76.47,24.8
38.83,-76.45,24.49
38.83,-76.43,24.45
38.83,-76.41,24.44
38.83,-76.39,24.81
38.83,-76.37,24.88
38.83,-76.35,25.13
38.83,-76.33,25.39
38.83,-76.31,25.46
38.83,-76.29,25.45
38.83,-76.23,25.8
38.83,-76.21,25.81
38.83,-74.85,19.7
38.83,-74.83,19.83
38.83,-74.81,19.89
38.83,-74.69,19.84
38.83,-74.67,19.86
38.83,-74.65,20.02
38.83,-74.61,19.83
38.83,-74.59,20.02
38.83,-74.57,20.27
38.83,-74.55,19.92
38.83,-74.49,19.94
38.83,-74.47,19.99
38.83,-74.45,20.39
38.83,-74.43,20.84
38.83,-74.41,20.85
38.83,-74.33,20.39
38.83,-74.31,20.4
38.83,-74.29,20.47
38.83,-74.27,20.66
38.83,-74.25,20.68
38.81,-76.49,24.8
38.81,-76.47,24.65
38.81,-76.45,24.48
38.81,-76.43,24.44
38.81,-76.41,24.64
38.81,-76.39,24.76
38.81,-76.37,24.85
38.81,-76.35,25.24
38.81,-76.33,25.46
38.81,-75.17,22.73
38.81,-74.59,20.72
38.81,-74.57,20.65
38.81,-74.55,20.62
38.81,-74.49,20.88
38.81,-74.47,20.88
38.81,-74.45,21.06
38.81,-74.43,21.0
38.79,-76.51,24.92
38.79,-76.49,24.71
38.79,-76.47,24.67
38.79,-76.45,24.56
38.79,-76.43,24.52
38.79,-76.41,24.48
38.79,-76.39,24.83
38.79,-76.37,25.52
38.79,-76.35,25.79
38.79,-76.33,25.79
38.79,-74.61,20.69
38.79,-74.59,20.7
38.79,-74.57,20.65
38.79,-74.55,20.76
38.79,-74.53,20.93
38.79,-74.51,20.96
38.79,-74.49,20.95
38.79,-74.47,20.98
38.79,-74.45,21.03
38.79,-74.43,20.98
38.79,-74.41,20.94
38.79,-74.39,20.89
38.79,-74.37,20.82
38.77,-76.55,24.89
38.77,-76.53,24.85
38.77,-76.51,24.84
38.77,-76.49,24.69
38.77,-76.47,24.64
38.77,-76.45,24.64
38.77,-76.43,24.7
38.77,-76.41,24.75
38.77,-76.39,25.07
38.77,-76.37,25.79
38.77,-76.35,25.8
38.77,-74.63,20.68
38.77,-74.61,20.66
38.77,-74.59,20.67
38.77,-74.57,20.71
38.77,-74.55,20.76
38.77,-74.53,20.82
38.77,-74.51,20.97
38.77,-74.49,21.01
38.77,-74.47,20.98
38.77,-74.45,20.83
38.77,-74.43,20.86
38.77,-74.41,20.89
38.75,-76.55,25.01
38.75,-76.53,24.9
38.75,-76.51,24.82
38.75,-76.49,24.72
38.75,-76.47,24.7
38.75,-76.45,24.72
38.75,-76.43,24.76
38.75,-76.41,24.78
38.75,-76.39,25.1
38.75,-76.35,25.98
38.75,-74.69,21.01
38.75,-74.67,21.01
38.75,-74.65,20.99
38.75,-74.63,20.72
38.75,-74.61,20.75
38.75,-74.59,20.71
38.75,-74.57,20.7
38.75,-74.55,20.67
38.75,-74.53,20.7
38.75,-74.51,20.9
38.75,-74.49,21.17
38.75,-74.47,21.23
38.75,-74.45,21.01
38.75,-74.43,20.89
38.73,-76.53,24.95
38.73,-76.51,24.91
38.73,-76.49,24.86
38.73,-76.47,24.88
38.73,-76.45,24.85
38.73,-76.43,24.94
38.73,-76.41,25.03
38.73,-76.39,25.07
38.73,-76.37,25.06
38.73,-76.35,25.57
38.73,-74.61,20.68
38.73,-74.59,20.63
38.73,-74.57,20.49
38.73,-74.55,20.29
38.73,-74.53,20.81
38.73,-74.51,20.94
38.73,-74.49,21.19
38.73,-74.47,21.25
38.73,-74.45,21.23
38.71,-76.53,25.36
38.71,-76.51,25.07
38.71,-76.49,24.91
38.71,-76.47,24.81
38.71,-76.45,24.9
38.71,-76.43,24.88
38.71,-76.41,24.86
38.71,-76.39,25.0
38.71,-76.37,25.04
38.71,-76.35,25.24
38.71,-76.31,25.81
38.71,-76.29,25.85
38.71,-76.27,25.97
38.71,-76.25,26.04
38.71,-74.61,20.66
38.71,-74.59,20.68
38.71,-74.57,20.62
38.71,-74.55,20.21
38.69,-76.53,24.78
38.69,-76.51,24.79
38.69,-76.49,24.83
38.69,-76.47,25.03
38.69,-76.45,24.9
38.69,-76.43,24.84
38.69,-76.41,24.86
38.69,-76.39,24.84
38.69,-76.37,25.05
38.69,-76.35,25.67
38.69,-76.31,25.86
38.69,-76.29,25.87
38.69,-76.27,25.96
38.69,-76.25,25.96
38.69,-76.23,26.22
38.69,-74.61,20.77
38.69,-74.59,20.78
38.69,-74.57,20.59
38.67,-76.51,24.89
38.67,-76.49,24.9
38.67,-76.47,24.9
38.67,-76.45,24.89
38.67,-76.43,24.88
38.67,-76.41,24.92
38.67,-76.39,24.9
38.67,-76.37,24.97
38.67,-76.35,25.02
38.67,-76.33,25.55
38.67,-76.31,25.69
38.67,-76.29,25.72
38.67,-76.27,25.82
38.67,-76.25,26.06
38.67,-76.23,26.15
38.67,-76.21,26.13
38.67,-76.19,26.3
38.67,-74.59,20.82
38.65,-76.51,24.96
38.65,-76.49,24.93
38.65,-76.47,24.91
38.65,-76.45,24.9
38.65,-76.43,24.82
38.65,-76.41,24.96
38.65,-76.39,24.9
38.65,-76.37,24.89
38.65,-76.35,24.93
38.65,-76.33,25.33
38.65,-76.31,25.61
38.65,-76.29,25.74
38.65,-76.27,26.07
38.65,-76.25,26.05
38.65,-76.23,25.95
38.65,-76.21,26.07
38.65,-76.19,26.13
38.65,-76.17,26.23
38.63,-77.23,26.91
38.63,-76.49,24.99
38.63,-76.47,24.95
38.63,-76.45,24.93
38.63,-76.43,24.89
38.63,-76.41,24.82
38.63,-76.39,24.82
38.63,-76.37,24.9
38.63,-76.35,25.05
38.63,-76.33,25.15
38.63,-76.31,25.67
38.63,-76.27,26.07
38.63,-76.25,26.1
38.63,-76.23,26.1
38.63,-76.21,26.1
38.63,-76.19,26.13
38.63,-76.17,26.2
38.63,-76.15,26.21
38.63,-76.13,26.15
38.61,-77.23,26.85
38.61,-77.21,26.79
38.61,-76.49,25.13
38.61,-76.47,24.99
38.61,-76.45,24.92
38.61,-76.43,24.89
38.61,-76.41,24.87
38.61,-76.39,24.88
38.61,-76.37,24.91
38.61,-76.35,25.27
38.61,-76.33,25.36
38.61,-76.31,25.74
38.61,-76.29,25.88
38.61,-76.15,26.2
38.61,-76.13,26.19
38.61,-76.11,26.28
38.61,-76.09,26.38
38.59,-77.25,26.97
38.59,-77.23,26.96
38.59,-77.21,26.88
38.59,-76.51,25.17
38.59,-76.49,25.14
38.59,-76.47,25.12
38.59,-76.45,24.95
38.59,-76.43,24.93
38.59,-76.41,24.95
38.59,-76.39,24.89
38.59,-76.37,24.93
38.59,-76.35,25.32
38.59,-76.33,25.41
38.59,-76.31,25.41
38.59,-76.29,26.09
38.59,-76.27,26.47
38.59,-76.11,26.36
38.59,-76.07,26.39
38.59,-76.05,26.39
38.57,-77.25,27.24
38.57,-77.23,27.22
38.57,-76.51,25.11
38.57,-76.49,25.02
38.57,-76.47,24.95
38.57,-76.45,24.88
38.57,-76.43,24.9
38.57,-76.41,24.96
38.57,-76.39,24.9
38.57,-76.37,25.06
38.57,-76.35,25.31
38.57,-76.33,25.39
38.57,-76.31,25.73
38.55,-76.51,25.15
38.55,-76.49,25.07
38.55,-76.47,25.01
38.55,-76.45,24.98
38.55,-76.43,24.9
38.55,-76.41,24.88
38.55,-76.39,24.9
38.55,-76.37,24.92
38.53,-76.51,25.07
38.53,-76.49,24.99
38.53,-76.47,24.98
38.53,-76.45,24.99
38.53,-76.43,24.82
38.53,-76.41,24.77
38.53,-76.39,24.79
38.53,-76.37,24.93
38.53,-76.35,25.03
38.53,-76.31,25.74
38.53,-76.29,25.85
38.53,-76.27,26.01
38.53,-76.25,26.12
38.53,-76.23,26.42
38.51,-76.49,24.96
38.51,-76.47,24.92
38.51,-76.45,24.79
38.51,-76.43,24.68
38.51,-76.41,24.69
38.51,-76.35,25.28
38.51,-76.33,25.65
38.51,-76.31,25.97
38.51,-76.29,26.08
38.51,-76.27,26.15
38.49,-76.49,25.07
38.49,-76.47,25.11
38.49,-76.45,25.05
38.49,-76.43,24.9
38.49,-76.41,24.89
38.49,-76.39,24.89
38.43,-76.41,25.35
38.43,-76.39,25.35
38.41,-77.01,25.27
38.39,-77.01,25.2
38.37,-77.23,26.68
38.37,-76.29,25.07
38.33,-76.95,24.74
38.31,-76.45,25.02
38.31,-76.43,25.01
38.27,-76.83,25.99
38.27,-76.81,25.99
38.25,-76.83,25.96
38.23,-76.73,25.66
37.11,-75.37,21.77
37.09,-75.43,22.36
37.09,-75.41,22.18
37.09,-75.39,21.82
37.09,-75.37,21.73
37.09,-75.35,21.75
37.07,-75.43,22.37
37.07,-75.41,22.29
37.07,-75.39,22.14
37.07,-75.37,21.67
37.05,-75.47,22.95
36.99,-75.45,23.34
36.99,-75.43,23.38
36.97,-75.45,23.39
36.97,-75.43,23.36
35.99,-74.05,27.24
35.99,-74.03,27.3
35.97,-74.07,27.25
35.97,-74.05,27.3
35.97,-74.03,27.39
35.93,-74.91,23.37
35.93,-74.89,23.29
35.93,-74.87,23.39
35.93,-74.85,23.38
35.91,-74.91,23.74
35.91,-74.89,23.57
35.91,-74.87,23.5
35.91,-74.85,24.48
35.89,-74.95,23.73
35.89,-74.93,23.89
35.89,-74.91,23.92
35.89,-74.89,24.22
35.89,-74.87,24.54
35.89,-74.85,24.49
35.87,-74.87,24.27
35.87,-74.85,24.52
35.87,-74.83,24.49
35.87,-74.81,24.49
35.85,-74.85,24.43
35.85,-74.83,24.47
35.85,-74.81,24.55
35.83,-76.01,30.83
35.83,-74.83,24.44
35.83,-74.81,24.44
35.81,-74.83,24.42
35.81,-74.81,24.43
35.75,-74.09,27.53
35.73,-74.99,23.9
35.73,-74.97,23.9
35.73,-74.95,23.88
35.73,-74.77,24.82
35.73,-74.13,27.5
35.73,-74.11,27.51
35.73,-74.09,27.55
35.73,-74.07,27.56
35.71,-75.05,23.92
35.71,-75.03,23.49
35.71,-74.99,23.72
35.71,-74.97,23.85
35.71,-74.95,23.83
35.71,-74.93,23.67
35.71,-74.13,27.55
35.71,-74.11,27.56
35.71,-74.09,27.53
35.71,-74.07,27.56
35.69,-75.05,23.9
35.69,-75.03,23.47
35.69,-74.83,24.82
35.69,-74.81,24.81
35.69,-74.79,24.78
35.69,-74.13,27.5
35.69,-74.11,27.5
35.69,-74.09,27.42
35.69,-74.07,27.44
35.67,-74.15,27.45
35.67,-74.13,27.49
35.67,-74.11,27.55
35.67,-74.09,27.57
35.65,-75.57,26.27
35.65,-75.55,26.37
35.65,-75.53,26.73
35.63,-75.59,26.06
35.63,-75.57,26.04
35.63,-75.55,26.35
35.63,-75.53,26.87
35.63,-75.51,26.92
35.63,-74.15,27.63
35.63,-74.11,27.49
35.61,-75.59,27.23
35.61,-75.57,26.71
35.61,-75.55,27.24
35.61,-75.53,26.89
35.61,-75.51,26.91
35.61,-75.05,24.76
35.61,-75.03,24.67
35.59,-75.75,27.43
35.59,-75.71,27.22
35.59,-75.69,27.14
35.59,-75.67,27.15
35.59,-75.65,27.14
35.59,-75.63,28.14
35.59,-75.61,27.23
35.59,-75.59,27.43
35.59,-75.57,27.43
35.59,-75.55,27.45
35.59,-75.53,26.85
35.59,-75.51,26.19
35.59,-75.49,25.86
35.59,-75.07,24.7
35.59,-75.05,24.69
35.59,-75.03,24.69
35.59,-74.97,24.35
35.59,-74.95,24.34
35.59,-74.93,24.41
35.59,-74.91,24.45
35.57,-75.85,27.38
35.57,-75.81,27.78
35.57,-75.79,27.77
35.57,-75.77,27.8
35.57,-75.75,27.76
35.57,-75.73,27.23
35.57,-75.71,27.26
35.57,-75.69,27.39
35.57,-75.67,27.76
35.57,-75.65,28.24
35.57,-75.63,28.26
35.57,-75.61,28.07
35.57,-75.59,27.58
35.57,-75.57,27.19
35.57,-75.55,26.96
35.57,-75.53,26.77
35.57,-75.51,26.19
35.57,-75.49,25.82
35.57,-75.25,23.43
35.57,-75.23,23.44
35.57,-75.21,23.77
35.57,-75.05,24.62
35.57,-75.03,24.65
35.57,-74.97,24.96
35.57,-74.95,24.79
35.57,-74.93,24.71
35.57,-74.91,24.93
35.57,-74.55,27.68
35.57,-74.53,27.64
35.55,-75.85,27.4
35.55,-75.83,27.79
35.55,-75.81,27.8
35.55,-75.79,27.8
35.55,-75.77,27.87
35.55,-75.75,27.8
35.55,-75.73,27.81
35.55,-75.71,27.87
35.55,-75.69,28.17
35.55,-75.67,28.38
35.55,-75.65,28.34
35.55,-75.63,28.26
35.55,-75.61,27.47
35.55,-75.59,27.18
35.55,-75.57,27.18
35.55,-75.55,27.18
35.55,-75.53,27.23
35.55,-75.51,27.2
35.55,-75.49,27.18
35.55,-75.41,24.37
35.55,-75.39,24.28
35.55,-75.37,23.94
35.55,-75.35,24.05
35.55,-75.33,24.34
35.55,-75.31,23.97
35.55,-75.29,23.62
35.55,-75.27,23.39
35.55,-75.25,23.39
35.55,-75.23,23.75
35.55,-75.21,23.8
35.55,-75.19,23.94
35.55,-75.17,23.94
35.55,-75.09,24.06
35.55,-75.07,24.05
35.55,-75.05,24.05
35.55,-74.97,25.14
35.55,-74.95,25.42
35.55,-74.93,25.5
35.55,-74.91,25.19
35.55,-74.89,25.18
35.55,-74.55,27.64
35.55,-74.53,27.53
35.55,-74.51,27.5
35.53,-75.87,27.23
35.53,-75.85,27.26
35.53,-75.83,27.8
35.53,-75.81,28.03
35.53,-75.79,28.31
35.53,-75.77,28.31
35.53,-75.75,28.07
35.53,-75.73,28.03
35.53,-75.71,28.45
35.53,-75.69,28.51
35.53,-75.67,28.4
35.53,-75.65,28.29
35.53,-75.61,27.6
35.53,-75.59,27.58
35.53,-75.57,27.58
35.53,-75.55,27.91
35.53,-75.53,27.91
35.53,-75.51,27.87
35.53,-75.49,27.77
35.53,-75.43,25.25
35.53,-75.41,24.57
35.53,-75.39,24.29
35.53,-75.37,24.27
35.53,-75.35,24.97
35.53,-75.33,24.7
35.53,-75.31,24.43
35.53,-75.29,24.39
35.53,-75.27,24.04
35.53,-75.25,23.94
35.53,-75.23,23.97
35.53,-75.21,24.17
35.53,-75.19,24.2
35.53,-75.17,24.19
35.53,-75.15,24.14
35.53,-74.99,25.13
35.53,-74.97,25.31
35.53,-74.95,25.32
35.53,-74.93,25.31
35.53,-74.91,25.27
35.53,-74.67,26.63
35.53,-74.65,26.64
35.53,-74.53,27.57
35.53,-74.51,27.55
35.51,-75.87,27.25
35.51,-75.85,27.69
35.51,-75.83,27.78
35.51,-75.81,28.13
35.51,-75.79,28.27
35.51,-75.77,28.47
35.51,-75.75,28.54
35.51,-75.73,28.17
35.51,-75.71,28.47
35.51,-75.69,28.45
35.51,-75.67,28.41
35.51,-75.61,27.77
35.51,-75.59,27.83
35.51,-75.57,27.88
35.51,-75.55,28.11
35.51,-75.53,27.94
35.51,-75.51,27.92
35.51,-75.45,25.56
35.51,-75.43,25.22
35.51,-75.41,25.26
35.51,-75.39,25.28
35.51,-75.37,25.19
35.51,-75.35,25.19
35.51,-75.33,24.86
35.51,-75.31,24.68
35.51,-75.29,24.71
35.51,-75.27,24.7
35.51,-75.25,24.39
35.51,-75.23,24.06
35.51,-75.21,24.05
35.51,-75.19,24.21
35.51,-75.17,24.49
35.51,-75.15,24.46
35.51,-75.13,24.35
35.51,-75.11,24.18
35.51,-74.97,25.43
35.51,-74.95,25.46
35.51,-74.93,25.34
35.51,-74.91,25.32
35.51,-74.69,26.71
35.51,-74.67,26.66
35.51,-74.65,26.66
35.51,-74.63,26.84
35.51,-74.51,27.29
35.49,-75.89,27.5
35.49,-75.87,27.52
35.49,-75.85,27.75
35.49,-75.83,27.79
35.49,-75.81,28.07
35.49,-75.79,28.26
35.49,-75.77,28.55
35.49,-75.75,28.53
35.49,-75.73,28.54
35.49,-75.61,27.88
35.49,-75.59,27.9
35.49,-75.57,28.22
35.49,-75.55,28.18
35.49,-75.53,28.16
35.49,-75.51,28.18
35.49,-75.47,25.62
35.49,-75.45,25.64
35.49,-75.43,25.61
35.49,-75.41,25.84
35.49,-75.39,25.9
35.49,-75.37,25.54
35.49,-75.35,25.33
35.49,-75.33,25.19
35.49,-75.31,24.88
35.49,-75.29,24.8
35.49,-75.27,24.73
35.49,-75.25,24.49
35.49,-75.23,24.32
35.49,-75.21,24.86
35.49,-75.19,24.66
35.49,-75.17,24.64
35.49,-75.15,24.53
35.49,-75.13,24.38
35.49,-75.11,24.34
35.49,-74.95,25.49
35.49,-74.79,26.97
35.49,-74.77,26.98
35.49,-74.75,27.04
35.49,-74.73,27.06
35.49,-74.71,26.98
35.49,-74.69,26.92
35.49,-74.67,26.74
35.49,-74.65,26.77
35.49,-74.63,26.88
35.49,-74.61,27.06
35.49,-74.57,27.41
35.49,-74.55,27.25
35.47,-75.85,27.69
35.47,-75.83,27.73
35.47,-75.81,28.02
35.47,-75.79,28.14
35.47,-75.77,28.48
35.47,-75.75,28.4
35.47,-75.73,28.43
35.47,-75.61,27.5
35.47,-75.59,27.94
35.47,-75.57,28.05
35.47,-75.55,28.1
35.47,-75.53,28.57
35.47,-75.51,28.19
35.47,-75.47,25.92
35.47,-75.45,26.13
35.47,-75.43,26.13
35.47,-75.41,26.24
35.47,-75.39,26.22
35.47,-75.37,25.83
35.47,-75.35,25.55
35.47,-75.33,25.35
35.47,-75.31,25.07
35.47,-75.29,25.02
35.47,-75.27,25.0
35.47,-75.25,24.91
35.47,-75.23,24.89
35.47,-75.21,24.85
35.47,-75.19,24.78
35.47,-75.17,24.63
35.47,-75.15,24.59
35.47,-75.13,24.55
35.47,-75.11,24.51
35.47,-75.09,24.58
35.47,-74.79,26.98
35.47,-74.77,26.96
35.47,-74.75,26.94
35.47,-74.73,26.86
35.47,-74.71,26.83
35.47,-74.65,27.12
35.47,-74.63,27.15
35.47,-74.61,27.41
35.47,-74.59,27.48
35.47,-74.57,27.45
35.45,-75.83,27.53
35.45,-75.81,27.98
35.45,-75.79,27.91
35.45,-75.77,27.93
35.45,-75.75,28.13
35.45,-75.61,27.39
35.45,-75.59,27.58
35.45,-75.57,28.86
35.45,-75.55,28.84
35.45,-75.53,28.55
35.45,-75.51,28.15
35.45,-75.49,28.04
35.45,-75.47,26.92
35.45,-75.45,26.93
35.45,-75.43,26.41
35.45,-75.41,26.26
35.45,-75.39,26.06
35.45,-75.37,25.87
35.45,-75.35,25.72
35.45,-75.33,25.53
35.45,-75.31,25.38
35.45,-75.29,25.15
35.45,-75.27,25.05
35.45,-75.25,24.95
35.45,-75.23,24.89
35.45,-75.21,24.98
35.45,-75.19,24.99
35.45,-75.17,25.02
35.45,-75.15,25.03
35.45,-75.13,25.29
35.45,-75.11,25.2
35.45,-75.09,25.11
35.45,-75.07,25.12
35.45,-75.01,25.5
35.45,-74.85,26.66
35.45,-74.83,26.63
35.45,-74.79,26.93
35.45,-74.77,26.66
35.45,-74.75,26.67
35.45,-74.73,26.69
35.45,-74.65,27.18
35.45,-74.63,27.2
35.45,-74.61,27.34
35.45,-74.59,27.46
35.43,-75.81,27.3
35.43,-75.79,27.43
35.43,-75.77,27.42
35.43,-75.75,27.14
35.43,-75.67,27.42
35.43,-75.65,27.16
35.43,-75.63,26.93
35.43,-75.61,27.04
35.43,-75.59,27.57
35.43,-75.53,27.77
35.43,-75.51,27.93
35.43,-75.43,26.25
35.43,-75.41,26.15
35.43,-75.39,26.0
35.43,-75.37,25.86
35.43,-75.35,25.79
35.43,-75.33,25.46
35.43,-75.31,25.38
35.43,-75.29,25.38
35.43,-75.27,25.35
35.43,-75.25,25.5
35.43,-75.23,25.5
35.43,-75.21,25.38
35.43,-75.19,25.21
35.43,-75.17,25.4
35.43,-75.15,25.54
35.43,-75.13,25.55
35.43,-75.11,25.37
35.43,-75.09,25.32
35.43,-75.07,25.54
35.43,-75.05,25.51
35.43,-75.03,25.51
35.43,-75.01,25.52
35.43,-74.87,26.63
35.43,-74.85,26.58
35.43,-74.83,26.57
35.43,-74.69,26.86
35.43,-74.65,27.03
35.43,-74.63,27.06
35.43,-74.61,27.05
35.43,-74.59,27.12
35.43,-74.57,27.37
35.41,-75.85,27.41
35.41,-75.83,27.39
35.41,-75.81,27.24
35.41,-75.79,27.31
35.41,-75.77,27.38
35.41,-75.75,27.37
35.41,-75.73,27.11
35.41,-75.69,27.8
35.41,-75.67,27.85
35.41,-75.65,27.23
35.41,-75.63,27.13
35.41,-75.61,27.28
35.41,-75.59,27.81
35.41,-75.57,27.64
35.41,-75.55,27.65
35.41,-75.53,27.6
35.41,-75.51,27.66
35.41,-75.47,25.81
35.41,-75.45,25.85
35.41,-75.43,25.85
35.41,-75.41,25.61
35.41,-75.39,25.63
35.41,-75.37,25.75
35.41,-75.35,25.8
35.41,-75.33,25.3
35.41,-75.31,25.37
35.41,-75.29,25.44
35.41,-75.27,25.45
35.41,-75.25,25.59
35.41,-75.23,25.51
35.41,-75.21,25.51
35.41,-75.19,25.43
35.41,-75.17,25.55
35.41,-75.15,25.71
35.41,-75.13,25.58
35.41,-75.11,25.54
35.41,-75.09,25.45
35.41,-75.07,25.54
35.41,-75.05,25.62
35.41,-75.03,25.71
35.41,-75.01,25.74
35.41,-74.95,26.14
35.41,-74.87,26.66
35.41,-74.85,26.6
35.41,-74.71,26.86
35.41,-74.69,26.9
35.41,-74.65,26.99
35.41,-74.63,26.99
35.41,-74.61,27.01
35.41,-74.59,27.02
35.39,-75.89,27.08
35.39,-75.87,27.16
35.39,-75.85,27.41
35.39,-75.83,27.43
35.39,-75.81,27.51
35.39,-75.79,27.58
35.39,-75.77,27.7
35.39,-75.75,27.96
35.39,-75.73,28.09
35.39,-75.71,28.08
35.39,-75.69,27.86
35.39,-75.67,27.8
35.39,-75.65,27.51
35.39,-75.63,27.34
35.39,-75.61,27.33
35.39,-75.59,27.42
35.39,-75.57,27.47
35.39,-75.55,27.52
35.39,-75.53,27.76
35.39,-75.51,27.66
35.39,-75.47,25.87
35.39,-75.45,25.96
35.39,-75.43,25.82
35.39,-75.41,25.69
35.39,-75.39,25.69
35.39,-75.37,25.78
35.39,-75.35,25.77
35.39,-75.33,25.72
35.39,-75.31,25.7
35.39,-75.29,25.69
35.39,-75.27,25.65
35.39,-75.25,25.69
35.39,-75.23,25.55
35.39,-75.21,25.8
35.39,-75.19,26.03
35.39,-75.17,26.07
35.39,-75.15,26.04
35.39,-75.13,26.02
35.39,-75.11,25.8
35.39,-75.09,25.68
35.39,-75.07,25.7
35.39,-75.05,25.73
35.39,-75.03,25.77
35.39,-75.01,25.82
35.39,-74.99,26.1
35.39,-74.97,26.16
35.39,-74.95,26.2
35.39,-74.93,26.23
35.39,-74.71,27.18
35.39,-74.65,27.0
35.39,-74.63,26.93
35.37,-75.93,27.65
35.37,-75.91,27.67
35.37,-75.89,27.06
35.37,-75.87,27.19
35.37,-75.85,27.64
35.37,-75.83,27.84
35.37,-75.81,27.84
35.37,-75.79,27.83
35.37,-75.77,27.76
35.37,-75.75,28.03
35.37,-75.73,28.15
35.37,-75.71,28.15
35.37,-75.69,27.84
35.37,-75.67,27.58
35.37,-75.65,27.54
35.37,-75.63,27.55
35.37,-75.61,27.43
35.37,-75.59,27.3
35.37,-75.57,27.45
35.37,-75.55,27.82
35.37,-75.53,27.77
35.37,-75.51,27.68
35.37,-75.49,25.84
35.37,-75.47,25.8
35.37,-75.45,25.73
35.37,-75.43,25.71
35.37,-75.41,25.75
35.37,-75.39,25.78
35.37,-75.37,25.83
35.37,-75.35,25.83
35.37,-75.33,25.97
35.37,-75.31,26.1
35.37,-75.29,26.02
35.37,-75.27,25.75
35.37,-75.25,25.7
35.37,-75.23,25.78
35.37,-75.21,25.87
35.37,-75.19,25.93
35.37,-75.17,25.94
35.37,-75.15,25.91
35.37,-75.13,25.85
35.37,-75.11,25.76
35.37,-75.09,25.71
35.37,-75.07,25.7
35.37,-75.05,25.71
35.37,-75.03,25.75
35.37,-74.97,26.13
35.37,-74.95,26.2
35.37,-74.93,26.23
35.35,-75.95,28.19
35.35,-75.93,27.86
35.35,-75.91,27.33
35.35,-75.89,27.11
35.35,-75.87,27.2
35.35,-75.85,27.54
35.35,-75.83,27.73
35.35,-75.81,27.79
35.35,-75.79,27.79
35.35,-75.77,27.86
35.35,-75.75,28.01
35.35,-75.73,27.93
35.35,-75.71,27.88
35.35,-75.69,27.67
35.35,-75.67,27.57
35.35,-75.65,27.48
35.35,-75.63,27.59
35.35,-75.61,27.57
35.35,-75.59,27.5
35.35,-75.57,27.82
35.35,-75.55,27.82
35.35,-75.53,27.69
35.35,-75.49,25.73
35.35,-75.47,25.67
35.35,-75.45,25.64
35.35,-75.43,25.33
35.35,-75.41,25.24
35.35,-75.39,25.31
35.35,-75.37,25.6
35.35,-75.35,25.6
35.35,-75.33,25.6
35.35,-75.31,25.78
35.35,-75.29,25.81
35.35,-75.27,25.93
35.35,-75.25,25.87
35.35,-75.23,25.82
35.35,-75.21,25.84
35.35,-75.19,25.88
35.35,-75.17,25.86
35.35,-75.15,25.82
35.35,-75.13,25.75
35.35,-75.11,25.65
35.35,-75.09,25.74
35.35,-75.07,25.79
35.35,-75.05,25.83
35.35,-75.03,25.85
35.33,-75.97,28.21
35.33,-75.95,28.16
35.33,-75.93,27.87
35.33,-75.91,27.32
35.33,-75.89,27.29
35.33,-75.87,27.3
35.33,-75.85,27.41
35.33,-75.83,27.45
35.33,-75.81,27.81
35.33,-75.79,27.83
35.33,-75.77,27.96
35.33,-75.75,27.91
35.33,-75.73,27.79
35.33,-75.71,27.76
35.33,-75.69,27.77
35.33,-75.67,27.42
35.33,-75.65,27.33
35.33,-75.63,27.33
35.33,-75.61,27.37
35.33,-75.59,27.68
35.33,-75.57,27.58
35.33,-75.55,27.25
35.33,-75.53,27.25
35.33,-75.49,25.78
35.33,-75.47,25.77
35.33,-75.45,25.61
35.33,-75.43,25.22
35.33,-75.37,25.4
35.33,-75.35,25.48
35.33,-75.33,25.58
35.33,-75.31,25.78
35.33,-75.29,25.9
35.33,-75.27,25.92
35.33,-75.25,25.84
35.33,-75.23,25.83
35.33,-75.21,25.9
35.33,-75.19,25.89
35.33,-75.17,25.88
35.33,-75.15,25.87
35.33,-75.13,25.79
35.33,-75.11,25.74
35.33,-75.09,25.74
35.33,-75.07,25.81
35.31,-75.95,27.84
35.31,-75.93,27.82
35.31,-75.91,27.65
35.31,-75.89,27.32
35.31,-75.87,27.28
35.31,-75.85,27.37
35.31,-75.83,27.42
35.31,-75.81,27.83
35.31,-75.79,27.8
35.31,-75.77,27.81
35.31,-75.75,27.78
35.31,-75.73,27.6
35.31,-75.71,27.64
35.31,-75.69,27.7
35.31,-75.67,27.38
35.31,-75.65,27.23
35.31,-75.63,27.37
35.31,-75.61,27.69
35.31,-75.59,27.65
35.31,-75.57,27.32
35.31,-75.55,27.27
35.31,-75.53,27.01
35.31,-75.49,25.95
35.31,-75.47,25.81
35.31,-75.45,25.77
35.31,-75.43,25.18
35.31,-75.29,25.99
35.31,-75.27,26.01
35.31,-75.25,26.02
35.31,-75.23,25.83
35.31,-75.21,25.83
35.31,-75.19,25.89
35.31,-75.17,25.92
35.31,-75.15,25.85
35.31,-75.13,25.85
35.31,-75.11,25.86
35.29,-75.87,27.45
35.29,-75.85,27.47
35.29,-75.83,27.74
35.29,-75.81,27.67
35.29,-75.79,27.67
35.29,-75.77,27.7
35.29,-75.75,27.79
35.29,-75.73,27.51
35.29,-75.71,27.48
35.29,-75.69,28.21
35.29,-75.67,28.32
35.29,-75.65,28.93
35.29,-75.63,27.46
35.29,-75.61,27.15
35.29,-75.59,27.08
35.29,-75.57,27.0
35.29,-75.55,26.24
35.29,-75.53,26.35
35.29,-75.49,25.94
35.29,-75.29,25.87
35.29,-75.27,25.82
35.29,-75.25,25.82
35.29,-75.23,25.84
35.29,-75.21,25.77
35.29,-75.19,25.8
35.29,-75.17,25.88
35.29,-75.15,25.85
35.29,-75.13,25.91
35.29,-75.11,25.96
35.27,-75.85,27.27
35.27,-75.83,27.69
35.27,-75.81,27.7
35.27,-75.79,27.52
35.27,-75.77,26.94
35.27,-75.75,27.05
35.27,-75.73,26.91
35.27,-75.71,27.06
35.27,-75.69,27.79
35.27,-75.67,27.66
35.27,-75.65,27.09
35.27,-75.63,26.94
35.27,-75.61,26.92
35.27,-75.59,27.12
35.27,-75.57,27.05
35.27,-75.31,25.65
35.27,-75.29,25.66
35.27,-75.27,25.7
35.27,-75.25,25.75
35.27,-75.23,25.81
35.27,-75.21,25.74
35.27,-75.19,25.73
35.27,-75.17,25.8
35.27,-75.15,25.82
35.27,-75.11,26.36
35.27,-75.09,26.41
35.27,-75.05,26.49
35.25,-75.87,27.02
35.25,-75.85,26.96
35.25,-75.83,27.03
35.25,-75.81,26.88
35.25,-75.79,26.94
35.25,-75.77,26.81
35.25,-75.75,26.55
35.25,-75.73,26.85
35.25,-75.71,26.79
35.25,-75.69,27.27
35.25,-75.67,27.3
35.25,-75.65,26.55
35.25,-75.63,26.4
35.25,-75.29,25.77
35.25,-75.27,25.7
35.25,-75.25,25.74
35.25,-75.23,25.73
35.25,-75.21,25.77
35.25,-75.19,25.82
35.25,-75.13,26.31
35.25,-75.11,26.38
35.25,-75.09,26.44
35.23,-75.99,26.68
35.23,-75.97,26.66
35.23,-75.95,26.71
35.23,-75.87,26.97
35.23,-75.85,27.02
35.23,-75.83,27.01
35.23,-75.81,26.71
35.23,-75.79,26.79
35.23,-75.77,26.54
35.23,-75.75,26.51
35.23,-75.73,27.11
35.23,-75.71,27.12
35.23,-75.67,27.15
35.23,-75.65,26.95
35.23,-75.43,25.25
35.23,-75.31,25.98
35.23,-75.29,25.86
35.23,-75.27,25.84
35.23,-75.23,25.94
35.23,-75.21,25.92
35.23,-75.19,25.88
35.23,-75.15,26.19
35.23,-75.13,26.23
35.23,-75.11,26.32
35.21,-75.91,26.92
35.21,-75.89,26.92
35.21,-75.87,26.92
35.21,-75.85,27.0
35.21,-75.83,27.16
35.21,-75.81,26.78
35.21,-75.25,25.87
35.21,-75.23,25.94
35.21,-75.21,25.99
35.21,-75.19,26.0
35.19,-76.17,27.46
35.19,-76.11,27.04
35.19,-76.09,26.93
35.19,-76.07,27.0
35.19,-75.93,26.64
35.19,-75.91,26.64
35.19,-75.89,26.79
35.19,-75.87,26.95
35.19,-75.85,27.06
35.17,-76.13,27.59
35.17,-76.11,27.42
35.17,-76.09,27.34
35.17,-76.07,27.31
35.17,-75.93,26.57
35.17,-75.91,26.59
35.17,-75.89,26.77
35.17,-75.87,27.45
35.17,-75.85,27.12
35.15,-76.27,27.75
35.15,-76.25,27.8
35.15,-76.23,27.77
35.15,-76.21,27.78
35.15,-76.13,27.62
35.15,-76.11,27.62
35.15,-76.09,27.6
35.15,-76.07,27.4
35.15,-76.05,27.33
35.15,-75.89,26.9
35.15,-75.81,25.85
35.15,-75.79,25.9
35.15,-75.77,25.92
35.13,-76.29,27.51
35.13,-76.27,27.7
35.13,-76.25,27.75
35.13,-76.23,27.76
35.13,-76.21,27.77
35.13,-76.13,27.45
35.13,-76.11,27.44
35.13,-76.09,27.37
35.13,-76.07,27.17
35.13,-76.05,27.15
35.13,-75.79,25.84
35.11,-76.55,27.84
35.11,-76.53,27.84
35.11,-76.31,27.27
35.11,-76.29,27.41
35.11,-76.27,27.6
35.11,-75.83,25.56
35.09,-76.59,28.51
35.09,-76.57,28.47
35.09,-76.55,28.17
35.09,-76.53,28.14
35.09,-76.51,28.22
35.09,-76.49,28.15
35.09,-76.47,28.07
35.09,-76.45,27.94
35.09,-76.37,27.69
35.09,-76.31,27.27
35.09,-75.69,25.25
35.09,-75.57,25.55
35.07,-76.59,28.34
35.07,-76.57,28.29
35.07,-76.55,28.11
35.07,-76.53,28.16
35.07,-76.51,28.35
35.07,-76.49,28.22
35.07,-76.43,28.03
35.07,-76.41,28.11
35.07,-76.39,27.85
35.07,-76.37,27.76
35.07,-76.35,27.59
35.07,-76.33,27.55
35.07,-76.31,27.68
35.07,-75.49,25.77
35.05,-76.63,27.86
35.05,-76.61,28.36
35.05,-76.59,28.36
35.05,-76.57,27.92
35.05,-76.55,28.17
35.05,-76.53,28.32
35.05,-76.51,28.42
35.05,-76.43,28.47
35.05,-76.41,28.42
35.05,-76.39,28.25
35.05,-76.37,27.78
35.05,-76.35,27.9
35.05,-76.33,27.94
35.05,-76.31,27.71
35.05,-76.25,26.6
35.05,-75.57,25.67
35.05,-75.55,25.72
35.05,-75.51,25.79
35.03,-76.97,31.24
35.03,-76.67,27.77
35.03,-76.65,27.79
35.03,-76.63,27.8
35.03,-76.61,27.78
35.03,-76.59,27.82
35.03,-76.57,27.88
35.03,-76.55,27.88
35.03,-76.53,28.25
35.03,-76.51,28.35
35.03,-76.41,28.43
35.03,-76.39,28.29
35.03,-76.37,28.25
35.03,-76.35,28.08
35.03,-75.69,25.47
35.03,-75.57,25.75
35.03,-75.55,25.77
35.01,-76.69,27.75
35.01,-76.67,27.77
35.01,-76.65,27.75
35.01,-76.59,27.82
35.01,-76.57,27.87
35.01,-76.55,28.21
35.01,-76.53,28.19
35.01,-76.51,28.33
35.01,-76.41,28.02
35.01,-76.39,28.05
35.01,-76.37,28.08
35.01,-75.69,25.5
35.01,-75.57,25.78
34.99,-76.87,29.53
34.99,-76.85,29.47
34.99,-76.71,27.95
34.99,-76.69,28.2
34.97,-76.87,29.52
34.97,-76.85,29.47
34.97,-76.83,29.42
34.97,-76.71,27.93
34.97,-76.69,28.0
34.91,-75.63,26.03
34.91,-73.97,26.86
34.91,-73.95,26.93
34.91,-73.93,26.94
34.89,-73.95,26.95
34.89,-73.93,26.96
34.85,-75.67,26.25
34.85,-75.65,26.3
34.85,-75.63,26.3
34.85,-73.97,26.68
34.83,-75.69,26.21
34.83,-75.67,26.21
34.83,-75.65,26.3
34.81,-76.13,25.76
34.81,-76.11,25.84
34.81,-76.09,25.96
34.81,-76.07,25.97
34.81,-76.05,25.98
34.81,-75.69,26.25
34.81,-75.67,26.2
34.79,-76.15,25.71
34.79,-76.13,25.77
34.79,-76.11,25.87
34.79,-76.09,25.97
34.79,-76.07,26.04
34.79,-76.05,26.01
34.79,-76.03,26.09
34.79,-75.71,26.31
34.79,-74.05,27.19
34.79,-74.03,27.22
34.77,-76.13,25.8
34.77,-76.11,25.8
34.77,-76.09,25.89
34.77,-76.07,26.03
34.77,-76.05,26.1
34.75,-76.19,25.58
34.75,-76.07,26.07
34.75,-76.05,26.08
34.75,-75.75,26.15
34.75,-75.73,26.16
34.73,-74.13,26.98
34.71,-76.21,25.65
34.71,-76.19,25.7
34.71,-76.15,25.64
34.71,-76.13,25.65
34.69,-76.23,25.49
34.69,-76.21,25.56
34.69,-76.15,25.64
34.69,-76.13,25.68
34.67,-76.65,25.73
34.67,-76.55,26.1
34.67,-76.17,25.64
34.67,-76.15,25.7
34.65,-76.29,25.25
34.65,-76.19,25.58
34.65,-76.17,25.67
34.65,-76.15,25.71
34.63,-76.57,26.02
34.63,-76.33,25.16
34.63,-76.31,25.11
34.63,-76.19,25.36
34.63,-76.17,25.64
34.63,-76.15,25.72
34.63,-76.13,25.73
34.61,-76.35,25.71
34.61,-76.19,25.36
34.61,-76.17,25.43
34.61,-74.31,26.9
34.61,-74.29,26.86
34.59,-76.67,25.64
34.59,-76.65,26.25
34.59,-76.63,26.34
34.59,-76.37,25.64
34.59,-76.21,25.45
34.59,-76.19,25.48
34.57,-76.71,25.47
34.57,-76.69,25.44
34.57,-76.67,25.46
34.57,-76.27,25.75
34.57,-76.25,25.69
34.57,-76.23,25.52
34.57,-76.21,25.46
34.57,-76.19,25.54
34.57,-76.17,25.51
34.55,-76.83,25.94
34.55,-76.81,25.91
34.55,-76.79,25.85
34.55,-76.71,25.45
34.55,-76.69,25.49
34.55,-76.37,25.56
34.55,-76.27,25.77
34.55,-76.25,25.77
34.55,-76.23,25.83
34.55,-76.21,25.78
34.55,-76.19,25.78
34.53,-76.83,25.95
34.53,-76.81,25.98
34.53,-76.69,25.68
34.53,-76.67,25.68
34.53,-76.27,25.78
34.53,-76.25,25.75
34.53,-76.23,25.76
34.53,-76.21,25.79
34.51,-76.87,26.31
34.51,-76.85,26.13
34.51,-76.83,25.87
34.51,-76.69,26.0
34.51,-76.67,25.75
34.51,-76.65,25.68
34.51,-76.27,25.62
34.51,-76.25,25.68
34.51,-76.21,25.37
34.51,-76.19,25.41
34.49,-76.85,26.3
34.49,-76.83,26.18
34.49,-76.71,25.96
34.49,-76.69,26.06
34.49,-76.67,26.07
34.49,-76.65,25.72
34.49,-76.63,25.29
34.49,-76.61,25.54
34.49,-76.35,25.57
34.47,-76.75,26.15
34.47,-76.73,26.19
34.47,-76.71,26.46
34.47,-76.69,26.36
34.47,-76.67,26.11
34.47,-76.65,25.42
34.47,-76.63,25.73
34.47,-76.61,25.68
34.47,-76.53,26.36
34.47,-76.51,26.35
34.45,-76.93,26.81
34.45,-76.91,26.8
34.45,-76.79,25.85
34.45,-76.77,25.96
34.45,-76.75,26.61
34.45,-76.73,26.9
34.45,-76.71,26.92
34.45,-76.69,26.65
34.45,-76.67,25.64
34.45,-76.65,25.46
34.45,-76.63,25.63
34.45,-76.61,25.55
34.45,-76.55,26.37
34.45,-76.53,26.39
34.45,-76.51,26.35
34.45,-76.41,25.64
34.45,-76.39,25.7
34.45,-76.37,25.68
34.43,-77.35,26.74
34.43,-77.33,26.71
34.43,-77.31,26.67
34.43,-77.29,26.3
34.43,-76.93,26.89
34.43,-76.79,25.94
34.43,-76.77,26.67
34.43,-76.75,26.86
34.43,-76.73,27.08
34.43,-76.71,26.9
34.43,-76.69,26.3
34.43,-76.67,25.73
34.43,-76.65,25.53
34.43,-76.63,25.61
34.43,-76.43,25.33
34.43,-76.41,25.66
34.43,-76.39,25.72
34.43,-76.37,25.68
34.41,-77.37,26.84
34.41,-77.35,26.84
34.41,-77.33,26.9
34.41,-77.31,26.65
34.41,-77.29,26.33
34.41,-76.77,26.9
34.41,-76.75,27.02
34.41,-76.73,27.23
34.41,-76.71,26.62
34.41,-76.69,26.26
34.41,-76.51,26.83
34.41,-76.49,26.54
34.41,-76.41,25.25
34.41,-76.39,25.4
34.41,-76.37,25.46
34.39,-77.39,26.77
34.39,-77.37,26.83
34.39,-77.35,26.9
34.39,-77.33,27.01
34.39,-77.31,26.88
34.39,-77.29,26.82
34.39,-77.27,26.62
34.39,-77.03,25.89
34.39,-76.99,26.51
34.39,-76.97,26.55
34.39,-76.95,26.51
34.39,-76.77,26.73
34.39,-76.75,27.05
34.39,-76.73,26.82
34.39,-76.71,26.79
34.39,-76.69,26.37
34.39,-76.55,26.82
34.39,-76.53,26.91
34.39,-76.51,26.78
34.39,-76.49,26.48
34.39,-76.41,25.12
34.39,-76.39,25.19
34.39,-76.37,25.4
34.37,-77.47,26.38
34.37,-77.45,26.28
34.37,-77.39,26.77
34.37,-77.37,26.78
34.37,-77.35,26.79
34.37,-77.33,27.09
34.37,-77.31,26.99
34.37,-77.29,26.82
34.37,-77.27,26.66
34.37,-77.03,25.9
34.37,-76.99,26.47
34.37,-76.97,26.42
34.37,-76.95,26.44
34.37,-76.81,26.59
34.37,-76.79,26.56
34.37,-76.77,26.67
34.37,-76.75,26.73
34.37,-76.73,26.64
34.37,-76.71,26.58
34.37,-76.51,26.45
34.37,-76.49,26.42
34.35,-77.55,26.51
34.35,-77.53,26.45
34.35,-77.51,26.39
34.35,-77.49,26.4
34.35,-77.47,26.46
34.35,-77.45,26.3
34.35,-77.43,26.56
34.35,-77.41,26.77
34.35,-77.39,26.76
34.35,-77.37,26.9
34.35,-77.35,27.14
34.35,-77.33,27.03
34.35,-77.31,27.02
34.35,-77.29,26.79
34.35,-77.27,26.69
34.35,-76.99,26.78
34.35,-76.97,26.79
34.35,-76.95,26.33
34.35,-76.83,26.68
34.35,-76.81,26.72
34.35,-76.79,26.76
34.35,-76.77,26.74
34.35,-76.75,26.73
34.35,-76.73,25.88
34.35,-76.71,25.84
34.35,-76.65,26.66
34.35,-76.63,26.66
34.35,-76.61,25.99
34.35,-76.53,26.29
34.35,-76.51,26.29
34.35,-76.49,26.17
34.33,-77.57,26.69
34.33,-77.55,26.51
34.33,-77.53,26.49
34.33,-77.51,26.57
34.33,-77.49,26.81
34.33,-77.47,26.68
34.33,-77.45,26.72
34.33,-77.43,26.92
34.33,-77.41,26.88
34.33,-77.39,26.85
34.33,-77.37,27.24
34.33,-77.35,27.1
34.33,-77.33,27.01
34.33,-77.31,27.02
34.33,-77.29,27.09
34.33,-77.27,26.96
34.33,-77.25,26.77
34.33,-77.23,26.75
34.33,-77.05,26.88
34.33,-77.03,26.93
34.33,-76.99,26.71
34.33,-76.97,26.56
34.33,-76.95,26.29
34.33,-76.81,26.77
34.33,-76.79,26.73
34.33,-76.77,26.56
34.33,-76.75,26.14
34.33,-76.73,25.7
34.33,-76.71,25.77
34.33,-76.65,26.69
34.33,-76.63,26.66
34.33,-76.53,26.29
34.31,-77.59,26.63
34.31,-77.57,26.63
34.31,-77.55,26.54
34.31,-77.53,26.71
34.31,-77.51,26.74
34.31,-77.49,26.81
34.31,-77.47,26.86
34.31,-77.45,26.94
34.31,-77.43,27.01
34.31,-77.41,27.11
34.31,-77.39,26.95
34.31,-77.35,27.16
34.31,-77.33,27.11
34.31,-77.31,27.13
34.31,-77.29,27.08
34.31,-77.27,26.98
34.31,-77.25,26.88
34.31,-77.23,26.83
34.31,-77.11,25.88
34.31,-77.09,25.86
34.31,-77.07,26.07
34.31,-77.05,26.95
34.31,-77.03,27.11
34.31,-76.99,26.68
34.31,-76.97,26.6
34.31,-76.95,26.23
34.31,-76.83,26.84
34.31,-76.75,26.15
34.31,-76.73,25.99
34.31,-76.71,25.84
34.29,-77.61,26.51
34.29,-77.59,26.5
34.29,-77.57,26.57
34.29,-77.55,26.7
34.29,-77.53,26.82
34.29,-77.51,26.97
34.29,-77.49,26.96
34.29,-77.47,26.95
34.29,-77.45,27.07
34.29,-77.43,27.16
34.29,-77.41,27.25
34.29,-77.35,27.27
34.29,-77.33,27.32
34.29,-77.31,27.22
34.29,-77.29,27.23
34.29,-77.27,27.04
34.29,-77.25,26.94
34.29,-77.13,25.98
34.29,-77.11,25.97
34.29,-77.09,26.1
34.29,-77.07,26.23
34.29,-77.05,27.14
34.29,-77.03,27.12
34.29,-76.99,26.69
34.29,-76.97,26.67
34.29,-76.91,25.97
34.29,-76.89,25.96
34.29,-76.85,26.01
34.29,-76.83,26.06
34.29,-76.77,26.19
34.29,-76.75,26.21
34.29,-76.73,26.11
34.29,-76.71,25.96
34.29,-75.23,27.54
34.27,-77.61,26.5
34.27,-77.59,26.38
34.27,-77.57,26.37
34.27,-77.53,26.81
34.27,-77.51,26.86
34.27,-77.49,27.16
34.27,-77.47,26.79
34.27,-77.45,27.01
34.27,-77.43,27.16
34.27,-77.41,27.17
34.27,-77.37,27.12
34.27,-77.35,27.18
34.27,-77.33,27.18
34.27,-77.31,27.06
34.27,-77.29,27.18
34.27,-77.27,27.08
34.27,-77.25,26.74
34.27,-77.13,26.25
34.27,-77.11,26.36
34.27,-77.09,26.4
34.27,-77.07,26.74
34.27,-77.05,27.1
34.27,-76.99,26.75
34.27,-76.97,26.74
34.27,-76.95,26.74
34.27,-76.91,26.11
34.27,-76.89,26.05
34.27,-76.77,26.25
34.27,-76.75,26.5
34.25,-77.59,26.42
34.25,-77.57,26.42
34.25,-77.53,26.85
34.25,-77.51,26.89
34.25,-77.49,26.91
34.25,-77.47,26.87
34.25,-77.45,27.0
34.25,-77.43,26.99
34.25,-77.37,27.13
34.25,-77.35,27.11
34.25,-77.33,27.08
34.25,-77.31,27.12
34.25,-77.29,27.11
34.25,-77.27,26.76
34.25,-77.25,26.73
34.25,-77.07,26.63
34.25,-77.01,26.25
34.25,-76.99,26.42
34.25,-76.97,26.81
34.25,-76.95,26.8
34.25,-76.93,26.19
34.25,-76.91,26.11
34.25,-76.77,26.64
34.25,-76.75,26.72
34.23,-77.65,26.54
34.23,-77.63,26.55
34.23,-77.51,26.98
34.23,-77.49,26.84
34.23,-77.47,26.96
34.23,-77.45,27.04
34.23,-77.39,27.31
34.23,-77.37,27.28
34.23,-77.35,27.24
34.23,-77.33,27.07
34.23,-77.31,27.07
34.23,-77.29,27.08
34.23,-77.27,26.86
34.23,-77.25,26.63
34.23,-77.09,26.48
34.23,-77.07,26.52
34.23,-77.05,26.56
34.23,-77.01,26.26
34.23,-76.99,26.34
34.23,-76.97,26.57
34.23,-76.95,26.55
34.23,-76.93,26.03
34.23,-76.91,25.99
34.23,-76.77,26.75
34.23,-76.75,26.73
34.23,-74.59,26.23
34.23,-74.49,26.28
34.23,-74.47,26.27
34.23,-74.45,26.25
34.23,-74.43,26.13
34.23,-74.41,25.87
34.23,-74.39,25.81
34.23,-74.37,25.79
34.23,-74.35,25.8
34.21,-77.67,26.58
34.21,-77.65,26.53
34.21,-77.63,26.41
34.21,-77.53,27.09
34.21,-77.51,26.92
34.21,-77.49,26.78
34.21,-77.47,26.95
34.21,-77.41,27.38
34.21,-77.39,27.39
34.21,-77.37,27.37
34.21,-77.35,27.29
34.21,-77.31,27.33
34.21,-77.29,27.36
34.21,-77.27,27.04
34.21,-77.25,26.73
34.21,-77.09,26.43
34.21,-77.07,26.42
34.21,-76.97,26.62
34.21,-76.95,26.53
34.21,-76.87,26.28
34.21,-75.31,27.65
34.21,-75.29,27.73
34.21,-75.27,27.72
34.21,-74.63,26.23
34.21,-74.61,26.26
34.21,-74.59,26.25
34.21,-74.57,26.22
34.21,-74.51,26.31
34.21,-74.49,26.32
34.21,-74.47,26.36
34.21,-74.45,26.28
34.21,-74.43,26.12
34.21,-74.41,25.96
34.21,-74.39,25.87
34.21,-74.37,26.09
34.21,-74.35,26.07
34.21,-74.33,26.01
34.21,-74.31,26.0
34.19,-77.67,26.42
34.19,-77.65,26.43
34.19,-77.63,26.39
34.19,-77.61,26.39
34.19,-77.55,27.25
34.19,-77.53,27.09
34.19,-77.51,26.93
34.19,-77.49,27.29
34.19,-77.47,27.38
34.19,-77.41,27.35
34.19,-77.39,27.28
34.19,-77.37,27.18
34.19,-77.35,27.15
34.19,-77.31,27.06
34.19,-77.29,27.04
34.19,-77.27,27.04
34.19,-77.25,26.79
34.19,-77.23,26.67
34.19,-77.13,26.17
34.19,-76.93,25.85
34.19,-76.91,25.87
34.19,-76.89,26.03
34.19,-76.87,26.39
34.19,-76.85,26.52
34.19,-76.83,26.92
34.19,-75.33,27.56
34.19,-75.31,27.56
34.19,-75.29,27.78
34.19,-75.27,27.74
34.19,-74.63,26.25
34.19,-74.61,26.21
34.19,-74.59,26.19
34.19,-74.57,26.22
34.19,-74.55,26.29
34.19,-74.53,26.22
34.19,-74.51,26.22
34.19,-74.49,26.25
34.19,-74.47,26.15
34.19,-74.45,26.12
34.19,-74.43,26.21
34.19,-74.41,26.26
34.19,-74.39,26.44
34.19,-74.37,26.55
34.19,-74.35,26.36
34.19,-74.33,26.14
34.17,-77.69,26.03
34.17,-77.67,26.34
34.17,-77.57,27.27
34.17,-77.55,27.22
34.17,-77.53,27.14
34.17,-77.51,27.06
34.17,-77.49,27.24
34.17,-77.47,27.27
34.17,-77.37,27.14
34.17,-77.35,27.08
34.17,-77.33,26.9
34.17,-77.31,27.06
34.17,-77.29,27.04
34.17,-77.27,27.15
34.17,-77.25,27.11
34.17,-77.23,26.3
34.17,-77.21,26.28
34.17,-77.19,26.35
34.17,-77.15,26.13
34.17,-77.13,26.12
34.17,-77.11,26.04
34.17,-76.95,25.8
34.17,-76.93,25.86
34.17,-76.91,25.91
34.17,-76.89,25.93
34.17,-76.85,26.85
34.17,-76.83,26.96
34.17,-75.31,27.45
34.17,-75.29,27.46
34.17,-74.61,26.17
34.17,-74.59,26.24
34.17,-74.57,26.27
34.17,-74.55,26.36
34.17,-74.53,26.4
34.17,-74.51,26.38
34.17,-74.49,26.32
34.17,-74.47,26.26
34.17,-74.37,26.45
34.17,-74.35,26.36
34.15,-77.69,25.98
34.15,-77.57,27.2
34.15,-77.55,27.16
34.15,-77.53,27.11
34.15,-77.51,27.15
34.15,-77.49,27.25
34.15,-77.47,27.24
34.15,-77.35,27.1
34.15,-77.33,26.86
34.15,-77.31,26.98
34.15,-77.29,27.02
34.15,-77.27,27.06
34.15,-77.25,26.94
34.15,-77.23,26.63
34.15,-77.21,26.42
34.15,-77.19,26.29
34.15,-77.17,26.18
34.15,-77.15,25.89
34.15,-77.13,25.79
34.15,-77.11,25.74
34.15,-76.91,26.0
34.15,-76.89,26.11
34.15,-76.87,26.62
34.15,-74.61,26.16
34.15,-74.59,26.32
34.15,-74.57,26.34
34.15,-74.55,26.37
34.15,-74.53,26.36
34.15,-74.51,26.3
34.15,-74.43,26.33
34.13,-77.59,27.09
34.13,-77.57,27.09
34.13,-77.55,27.2
34.13,-77.25,26.86
34.13,-77.23,26.57
34.13,-77.21,26.25
34.13,-77.19,26.13
34.13,-77.17,26.07
34.13,-77.15,25.87
34.13,-77.13,25.83
34.13,-76.93,25.81
34.13,-76.91,26.03
34.13,-76.89,26.09
34.13,-76.87,26.21
34.13,-74.61,26.17
34.13,-74.59,26.22
34.13,-74.57,26.26
34.13,-74.55,26.37
34.13,-74.53,26.34
34.13,-74.51,26.34
34.13,-74.49,26.42
34.13,-74.47,26.28
34.13,-74.45,26.3
34.13,-74.43,26.36
34.13,-74.41,26.33
34.11,-77.63,27.21
34.11,-77.59,26.93
34.11,-77.57,27.05
34.11,-77.55,27.37
34.11,-77.53,27.41
34.11,-77.27,26.82
34.11,-77.25,26.75
34.11,-77.23,26.55
34.11,-77.21,26.21
34.11,-77.13,25.49
34.11,-76.89,26.09
34.11,-74.63,26.01
34.11,-74.61,26.06
34.11,-74.59,26.12
34.11,-74.57,26.15
34.11,-74.55,26.22
34.11,-74.53,26.26
34.11,-74.51,26.32
34.11,-74.49,26.41
34.11,-74.47,26.4
34.11,-74.45,26.31
34.11,-74.43,26.33
34.11,-74.41,26.34
34.09,-77.75,26.35
34.09,-77.63,27.25
34.09,-77.55,27.34
34.09,-77.53,27.41
34.09,-77.39,27.07
34.09,-77.29,26.66
34.09,-77.27,26.78
34.09,-77.25,26.7
34.09,-77.19,25.6
34.09,-77.17,25.65
34.09,-77.15,25.52
34.09,-77.13,25.5
34.09,-77.11,25.52
34.09,-74.63,25.99
34.09,-74.61,26.04
34.09,-74.59,26.11
34.09,-74.57,26.11
34.09,-74.55,26.11
34.09,-74.53,26.26
34.09,-74.51,26.22
34.09,-74.49,26.29
34.09,-74.47,26.31
34.07,-77.75,26.65
34.07,-77.57,27.17
34.07,-77.55,27.32
34.07,-77.53,28.1
34.07,-77.29,26.46
34.07,-77.27,26.69
34.07,-77.25,26.7
34.07,-77.19,25.56
34.07,-77.17,25.65
34.07,-77.15,25.52
34.07,-77.13,25.5
34.07,-77.11,25.5
34.05,-77.59,27.02
34.05,-77.57,27.01
34.05,-77.55,27.38
34.05,-77.53,27.48
34.05,-77.31,26.05
34.05,-77.29,26.05
34.05,-77.27,26.35
34.05,-77.25,26.4
34.05,-77.19,25.51
34.05,-77.17,25.69
34.05,-77.15,25.54
34.05,-77.13,25.41
34.05,-77.11,25.41
34.03,-77.31,26.19
34.03,-77.29,26.04
34.03,-77.17,25.92
34.03,-77.15,25.94
34.03,-77.13,25.62
34.01,-77.35,26.39
34.01,-77.33,26.38
34.01,-77.31,26.15
34.01,-77.29,26.03
34.01,-77.23,26.45
34.01,-77.19,26.16
34.01,-77.17,26.16
34.01,-77.15,25.79
34.01,-77.13,25.79
33.99,-77.59,26.95
33.99,-77.57,26.99
33.99,-77.45,25.72
33.99,-77.43,25.6
33.99,-77.33,26.38
33.99,-77.31,25.78
33.99,-77.29,25.82
33.99,-77.27,26.11
33.99,-77.25,26.3
33.99,-77.23,26.45
33.99,-77.21,26.51
33.99,-77.19,26.5
33.99,-77.17,26.21
33.99,-77.15,25.82
33.99,-77.13,25.83
33.97,-77.83,27.47
33.97,-77.81,27.48
33.97,-77.79,27.5
33.97,-77.77,26.98
33.97,-77.75,27.05
33.97,-77.73,27.05
33.97,-77.59,26.33
33.97,-77.45,25.71
33.97,-77.43,25.55
33.97,-77.41,25.52
33.97,-77.33,26.24
33.97,-77.31,26.18
33.97,-77.29,26.04
33.97,-77.27,26.05
33.97,-77.25,26.22
33.97,-77.23,26.21
33.97,-77.21,26.22
33.95,-77.83,27.04
33.95,-77.81,26.62
33.95,-77.79,26.89
33.95,-77.77,26.86
33.95,-77.75,26.95
33.95,-77.73,27.04
33.95,-77.61,26.36
33.95,-77.59,26.3
33.95,-77.57,26.32
33.95,-77.49,25.76
33.95,-77.47,25.68
33.95,-77.45,25.6
33.95,-77.39,25.75
33.95,-77.37,26.25
33.95,-77.35,26.4
33.95,-77.33,26.41
33.95,-77.31,26.08
33.95,-77.29,25.98
33.95,-77.27,26.17
33.95,-77.25,26.24
33.93,-77.83,26.58
33.93,-77.81,26.61
33.93,-77.79,26.79
33.93,-77.77,26.73
33.93,-77.75,26.68
33.93,-77.73,26.67
33.93,-77.71,26.61
33.93,-77.59,26.31
33.93,-77.47,25.61
33.93,-77.37,26.01
33.93,-77.35,26.32
33.93,-77.33,26.35
33.93,-77.27,26.31
33.91,-77.79,26.77
33.91,-77.77,26.8
33.91,-77.75,26.94
33.91,-77.73,26.84
33.91,-77.63,26.54
33.91,-77.49,25.84
33.89,-77.75,26.97
33.89,-77.73,26.94
33.89,-77.65,26.46
33.89,-77.51,25.72
33.89,-77.49,25.82
33.89,-77.47,26.05
33.89,-77.45,25.97
33.87,-77.53,25.68
33.87,-77.51,25.56
33.87,-77.49,25.5
33.87,-77.47,25.61
33.87,-77.45,25.94
33.83,-77.65,26.19
33.81,-77.65,26.19
33.79,-77.73,26.34
33.79,-77.71,26.35
33.79,-77.69,26.36
33.79,-77.67,26.29
33.79,-77.65,26.06
33.79,-77.63,25.98
33.77,-77.73,26.3
33.77,-77.71,26.52
33.77,-77.69,26.53
33.77,-77.67,26.38
33.77,-77.65,26.01
33.75,-77.87,27.14
33.75,-77.73,26.32
33.75,-77.71,26.5
33.75,-77.69,26.42
33.75,-77.67,26.04
33.75,-77.65,25.93
33.73,-77.87,27.1
33.73,-77.85,26.62
33.73,-77.75,26.07
33.73,-77.73,25.98
33.73,-77.71,26.23
33.73,-77.69,26.3
33.73,-77.67,26.03
33.71,-77.87,26.43
33.71,-77.85,26.41
33.71,-77.75,26.15
33.71,-77.69,26.01
